keyword,sop_id,page
membrane,QC_SOP_001,1
sample,QC_SOP_001,1
fluid,QC_SOP_001,1
turbidity,QC_SOP_001,1
acceptance,QC_SOP_001,1
thioglycollate,QC_SOP_001,1
digest,QC_SOP_001,1
growth,QC_SOP_001,1
three,QC_SOP_001,1
sterile,QC_SOP_001,1
describe,QC_SOP_001,1
release,QC_SOP_001,1
medium,QC_SOP_001,1
sterility,QC_SOP_001,1
through,QC_SOP_001,1
soybean,QC_SOP_001,1
prior,QC_SOP_001,1
testing,QC_SOP_001,1
scope,QC_SOP_001,1
casein,QC_SOP_001,1
procedure,QC_SOP_001,1
daily,QC_SOP_001,1
title,QC_SOP_001,1
microbial,QC_SOP_001,1
using,QC_SOP_001,1
purpose,QC_SOP_001,1
applicable,QC_SOP_001,1
rinse,QC_SOP_001,1
incubate,QC_SOP_001,1
products,QC_SOP_001,1
after,QC_SOP_001,1
transfer,QC_SOP_001,1
criteria,QC_SOP_001,1
filtration,QC_SOP_001,1
product,QC_SOP_001,1
filter,QC_SOP_001,1
finished,QC_SOP_001,1
observe,QC_SOP_001,1
visible,QC_SOP_001,1
references,QC_SOP_001,1
either,QC_SOP_001,1
times,QC_SOP_001,1
sample,QC_SOP_002,1
acceptance,QC_SOP_002,1
samples,QC_SOP_002,1
plates,QC_SOP_002,1
saline,QC_SOP_002,1
method,QC_SOP_002,1
dilute,QC_SOP_002,1
specified,QC_SOP_002,1
sterile,QC_SOP_002,1
prior,QC_SOP_002,1
in-process,QC_SOP_002,1
scope,QC_SOP_002,1
aliquots,QC_SOP_002,1
procedure,QC_SOP_002,1
microbial,QC_SOP_002,1
title,QC_SOP_002,1
enumeration,QC_SOP_002,1
colonies,QC_SOP_002,1
using,QC_SOP_002,1
applies,QC_SOP_002,1
calculate,QC_SOP_002,1
purpose,QC_SOP_002,1
quantify,QC_SOP_002,1
incubate,QC_SOP_002,1
hours,QC_SOP_002,1
criteria,QC_SOP_002,1
plate,QC_SOP_002,1
substance,QC_SOP_002,1
otherwise,QC_SOP_002,1
sterilization,QC_SOP_002,1
references,QC_SOP_002,1
unless,QC_SOP_002,1
count,QC_SOP_002,1
bioburden,QC_SOP_002,1
sample,QC_SOP_003,1
acceptance,QC_SOP_003,1
levels,QC_SOP_003,1
method,QC_SOP_003,1
specified,QC_SOP_003,1
endotoxin,QC_SOP_003,1
limit,QC_SOP_003,1
minutes,QC_SOP_003,1
volumes,QC_SOP_003,1
equal,QC_SOP_003,1
prepare,QC_SOP_003,1
scope,QC_SOP_003,1
procedure,QC_SOP_003,1
title,QC_SOP_003,1
formation,QC_SOP_003,1
using,QC_SOP_003,1
gel-clot,QC_SOP_003,1
purpose,QC_SOP_003,1
applicable,QC_SOP_003,1
incubate,QC_SOP_003,1
tubes,QC_SOP_003,1
products,QC_SOP_003,1
detect,QC_SOP_003,1
criteria,QC_SOP_003,1
confirm,QC_SOP_003,1
dilution,QC_SOP_003,1
invert,QC_SOP_003,1
injectable,QC_SOP_003,1
bacterial,QC_SOP_003,1
references,QC_SOP_003,1
reagent,QC_SOP_003,1
turbidity,QC_SOP_004,1
acceptance,QC_SOP_004,1
growth,QC_SOP_004,1
sterile,QC_SOP_004,1
contaminated,QC_SOP_004,1
annex,QC_SOP_004,1
simulate,QC_SOP_004,1
inspect,QC_SOP_004,1
scope,QC_SOP_004,1
lines,QC_SOP_004,1
procedure,QC_SOP_004,1
simulation,QC_SOP_004,1
units,QC_SOP_004,1
title,QC_SOP_004,1
process,QC_SOP_004,1
filled,QC_SOP_004,1
conditions,QC_SOP_004,1
using,QC_SOP_004,1
applies,QC_SOP_004,1
replace,QC_SOP_004,1
under,QC_SOP_004,1
purpose,QC_SOP_004,1
incubate,QC_SOP_004,1
filling,QC_SOP_004,1
aseptic,QC_SOP_004,1
perform,QC_SOP_004,1
routine,QC_SOP_004,1
criteria,QC_SOP_004,1
product,QC_SOP_004,1
media,QC_SOP_004,1
manufacturing,QC_SOP_004,1
references,QC_SOP_004,1
operation,QC_SOP_004,1
sample,QC_SOP_005,1
acceptance,QC_SOP_005,1
determine,QC_SOP_005,1
dosage,QC_SOP_005,1
non-sterile,QC_SOP_005,1
prepare,QC_SOP_005,1
scope,QC_SOP_005,1
procedure,QC_SOP_005,1
title,QC_SOP_005,1
microbial,QC_SOP_005,1
colonies,QC_SOP_005,1
applies,QC_SOP_005,1
topical,QC_SOP_005,1
purpose,QC_SOP_005,1
incubate,QC_SOP_005,1
after,QC_SOP_005,1
products,QC_SOP_005,1
forms,QC_SOP_005,1
limits,QC_SOP_005,1
incubation,QC_SOP_005,1
criteria,QC_SOP_005,1
plate,QC_SOP_005,1
media,QC_SOP_005,1
total,QC_SOP_005,1
dilution,QC_SOP_005,1
references,QC_SOP_005,1
aerobic,QC_SOP_005,1
count,QC_SOP_005,1
turbidity,QC_SOP_006,1
sample,QC_SOP_006,1
inoculation,QC_SOP_006,1
acceptance,QC_SOP_006,1
specified,QC_SOP_006,1
growth,QC_SOP_006,1
sterility,QC_SOP_006,1
testing,QC_SOP_006,1
scope,QC_SOP_006,1
procedure,QC_SOP_006,1
daily,QC_SOP_006,1
microbial,QC_SOP_006,1
aseptically,QC_SOP_006,1
title,QC_SOP_006,1
conditions,QC_SOP_006,1
monitor,QC_SOP_006,1
under,QC_SOP_006,1
purpose,QC_SOP_006,1
incubate,QC_SOP_006,1
after,QC_SOP_006,1
transfer,QC_SOP_006,1
detect,QC_SOP_006,1
criteria,QC_SOP_006,1
filtration,QC_SOP_006,1
contamination,QC_SOP_006,1
media,QC_SOP_006,1
feasible,QC_SOP_006,1
references,QC_SOP_006,1
direct,QC_SOP_006,1
acceptance,QC_SOP_007,1
cleanroom,QC_SOP_007,1
plates,QC_SOP_007,1
method,QC_SOP_007,1
assess,QC_SOP_007,1
annex,QC_SOP_007,1
environmental,QC_SOP_007,1
scope,QC_SOP_007,1
grade,QC_SOP_007,1
areas,QC_SOP_007,1
monitoring,QC_SOP_007,1
procedure,QC_SOP_007,1
settle,QC_SOP_007,1
microbial,QC_SOP_007,1
title,QC_SOP_007,1
colonies,QC_SOP_007,1
purpose,QC_SOP_007,1
incubate,QC_SOP_007,1
exposure,QC_SOP_007,1
airborne,QC_SOP_007,1
hours,QC_SOP_007,1
criteria,QC_SOP_007,1
plate,QC_SOP_007,1
contamination,QC_SOP_007,1
place,QC_SOP_007,1
references,QC_SOP_007,1
count,QC_SOP_007,1
organisms,QC_SOP_008,1
acceptance,QC_SOP_008,1
batches,QC_SOP_008,1
within,QC_SOP_008,1
inoculate,QC_SOP_008,1
growth,QC_SOP_008,1
capability,QC_SOP_008,1
challenge,QC_SOP_008,1
sterility,QC_SOP_008,1
scope,QC_SOP_008,1
promotion,QC_SOP_008,1
observed,QC_SOP_008,1
procedure,QC_SOP_008,1
title,QC_SOP_008,1
conditions,QC_SOP_008,1
under,QC_SOP_008,1
purpose,QC_SOP_008,1
incubate,QC_SOP_008,1
routine,QC_SOP_008,1
criteria,QC_SOP_008,1
confirm,QC_SOP_008,1
media,QC_SOP_008,1
visible,QC_SOP_008,1
verify,QC_SOP_008,1
references,QC_SOP_008,1
during,QC_SOP_009,1
acceptance,QC_SOP_009,1
avoid,QC_SOP_009,1
samples,QC_SOP_009,1
method,QC_SOP_009,1
sterile,QC_SOP_009,1
sterility,QC_SOP_009,1
containers,QC_SOP_009,1
testing,QC_SOP_009,1
transport,QC_SOP_009,1
scope,QC_SOP_009,1
sampling,QC_SOP_009,1
procedure,QC_SOP_009,1
define,QC_SOP_009,1
title,QC_SOP_009,1
aseptically,QC_SOP_009,1
conditions,QC_SOP_009,1
collect,QC_SOP_009,1
under,QC_SOP_009,1
purpose,QC_SOP_009,1
products,QC_SOP_009,1
criteria,QC_SOP_009,1
contamination,QC_SOP_009,1
finished,QC_SOP_009,1
references,QC_SOP_009,1
controlled,QC_SOP_009,1
organisms,QC_SOP_010,1
acceptance,QC_SOP_010,1
samples,QC_SOP_010,1
method,QC_SOP_010,1
sterility,QC_SOP_010,1
scope,QC_SOP_010,1
procedure,QC_SOP_010,1
recovery,QC_SOP_010,1
introduction,QC_SOP_010,1
title,QC_SOP_010,1
known,QC_SOP_010,1
validation,QC_SOP_010,1
purpose,QC_SOP_010,1
perform,QC_SOP_010,1
criteria,QC_SOP_010,1
suitability,QC_SOP_010,1
confirm,QC_SOP_010,1
product,QC_SOP_010,1
ensure,QC_SOP_010,1
references,QC_SOP_010,1
spike,QC_SOP_010,1
during,QC_SOP_011,1
sample,QC_SOP_011,1
acceptance,QC_SOP_011,1
samples,QC_SOP_011,1
within,QC_SOP_011,1
attributable,QC_SOP_011,1
control,QC_SOP_011,1
prevent,QC_SOP_011,1
sterile,QC_SOP_011,1
sterility,QC_SOP_011,1
viable,QC_SOP_011,1
containers,QC_SOP_011,1
sealed,QC_SOP_011,1
environmental,QC_SOP_011,1
annex,QC_SOP_011,1
laboratory,QC_SOP_011,1
prior,QC_SOP_011,1
minimize,QC_SOP_011,1
transport,QC_SOP_011,1
adventitious,QC_SOP_011,1
spikes,QC_SOP_011,1
scope,QC_SOP_011,1
grade,QC_SOP_011,1
sampling,QC_SOP_011,1
monitoring,QC_SOP_011,1
background,QC_SOP_011,1
define,QC_SOP_011,1
procedure,QC_SOP_011,1
title,QC_SOP_011,1
surfaces,QC_SOP_011,1
seconds,QC_SOP_011,1
using,QC_SOP_011,1
record,QC_SOP_011,1
particle,QC_SOP_011,1
container,QC_SOP_011,1
purpose,QC_SOP_011,1
applicable,QC_SOP_011,1
handling,QC_SOP_011,1
environment,QC_SOP_011,1
exposure,QC_SOP_011,1
perform,QC_SOP_011,1
transfer,QC_SOP_011,1
document,QC_SOP_011,1
limits,QC_SOP_011,1
hours,QC_SOP_011,1
criteria,QC_SOP_011,1
excursion,QC_SOP_011,1
contamination,QC_SOP_011,1
particles,QC_SOP_011,1
product,QC_SOP_011,1
non-viable,QC_SOP_011,1
finished,QC_SOP_011,1
microbiology,QC_SOP_011,1
references,QC_SOP_011,1
operations,QC_SOP_011,1
disinfect,QC_SOP_011,1
records,QC_SOP_012,1
organism,QC_SOP_012,1
initiate,QC_SOP_012,1
suspected,QC_SOP_012,1
acceptance,QC_SOP_012,1
identified,QC_SOP_012,1
false,QC_SOP_012,1
compare,QC_SOP_012,1
growth,QC_SOP_012,1
assess,QC_SOP_012,1
technique,QC_SOP_012,1
sterility,QC_SOP_012,1
environmental,QC_SOP_012,1
testing,QC_SOP_012,1
recurrence,QC_SOP_012,1
maldi-tof,QC_SOP_012,1
scope,QC_SOP_012,1
observed,QC_SOP_012,1
sampling,QC_SOP_012,1
failures,QC_SOP_012,1
specifications,QC_SOP_012,1
monitoring,QC_SOP_012,1
procedure,QC_SOP_012,1
identification,QC_SOP_012,1
outline,QC_SOP_012,1
microbial,QC_SOP_012,1
title,QC_SOP_012,1
flora,QC_SOP_012,1
positives,QC_SOP_012,1
morphology,QC_SOP_012,1
applies,QC_SOP_012,1
record,QC_SOP_012,1
isolate,QC_SOP_012,1
purpose,QC_SOP_012,1
database,QC_SOP_012,1
aseptic,QC_SOP_012,1
perform,QC_SOP_012,1
results,QC_SOP_012,1
investigation,QC_SOP_012,1
criteria,QC_SOP_012,1
subculture,QC_SOP_012,1
deviation,QC_SOP_012,1
confirm,QC_SOP_012,1
contamination,QC_SOP_012,1
analyst,QC_SOP_012,1
steps,QC_SOP_012,1
manipulations,QC_SOP_012,1
exceeding,QC_SOP_012,1
references,QC_SOP_012,1
cause,QC_SOP_012,1
review,QC_SOP_012,1
re-test,QC_SOP_012,1
organisms,QC_SOP_013,1
acceptance,QC_SOP_013,1
control,QC_SOP_013,1
growth,QC_SOP_013,1
minutes,QC_SOP_013,1
sterility,QC_SOP_013,1
batch,QC_SOP_013,1
sterilize,QC_SOP_013,1
laboratory,QC_SOP_013,1
prepare,QC_SOP_013,1
standard,QC_SOP_013,1
scope,QC_SOP_013,1
instructions,QC_SOP_013,1
promotion,QC_SOP_013,1
expiry,QC_SOP_013,1
observed,QC_SOP_013,1
procedure,QC_SOP_013,1
title,QC_SOP_013,1
label,QC_SOP_013,1
using,QC_SOP_013,1
number,QC_SOP_013,1
monitor,QC_SOP_013,1
purpose,QC_SOP_013,1
manufacturer,QC_SOP_013,1
perform,QC_SOP_013,1
incubation,QC_SOP_013,1
criteria,QC_SOP_013,1
contamination,QC_SOP_013,1
media,QC_SOP_013,1
autoclaving,QC_SOP_013,1
microbiology,QC_SOP_013,1
ensure,QC_SOP_013,1
according,QC_SOP_013,1
references,QC_SOP_013,1
preparation,QC_SOP_013,1
operations,QC_SOP_013,1
proper,QC_SOP_013,1
membrane,QC_SOP_014,1
acceptance,QC_SOP_014,1
within,QC_SOP_014,1
compare,QC_SOP_014,1
integrity,QC_SOP_014,1
appear,QC_SOP_014,1
bubble,QC_SOP_014,1
sterility,QC_SOP_014,1
testing,QC_SOP_014,1
scope,QC_SOP_014,1
sampling,QC_SOP_014,1
bubbles,QC_SOP_014,1
procedure,QC_SOP_014,1
title,QC_SOP_014,1
post-sterility,QC_SOP_014,1
specification,QC_SOP_014,1
record,QC_SOP_014,1
validated,QC_SOP_014,1
deviations,QC_SOP_014,1
purpose,QC_SOP_014,1
after,QC_SOP_014,1
excursions,QC_SOP_014,1
range,QC_SOP_014,1
manufacturer,QC_SOP_014,1
perform,QC_SOP_014,1
document,QC_SOP_014,1
immediately,QC_SOP_014,1
point,QC_SOP_014,1
criteria,QC_SOP_014,1
filtration,QC_SOP_014,1
filter,QC_SOP_014,1
which,QC_SOP_014,1
verify,QC_SOP_014,1
tests,QC_SOP_014,1
continuous,QC_SOP_014,1
references,QC_SOP_014,1
pressure,QC_SOP_014,1
organisms,QC_SOP_015,1
acceptance,QC_SOP_015,1
investigations,QC_SOP_015,1
genus,QC_SOP_015,1
plates,QC_SOP_015,1
compare,QC_SOP_015,1
sterility,QC_SOP_015,1
environmental,QC_SOP_015,1
maldi-tof,QC_SOP_015,1
scope,QC_SOP_015,1
failures,QC_SOP_015,1
monitoring,QC_SOP_015,1
procedure,QC_SOP_015,1
identification,QC_SOP_015,1
recovered,QC_SOP_015,1
title,QC_SOP_015,1
microbial,QC_SOP_015,1
colonies,QC_SOP_015,1
staining,QC_SOP_015,1
level,QC_SOP_015,1
trends,QC_SOP_015,1
isolate,QC_SOP_015,1
purpose,QC_SOP_015,1
perform,QC_SOP_015,1
criteria,QC_SOP_015,1
biochemical,QC_SOP_015,1
contamination,QC_SOP_015,1
achieved,QC_SOP_015,1
tests,QC_SOP_015,1
references,QC_SOP_015,1
species,QC_SOP_015,1
identify,QC_SOP_015,1
maintain,QC_SOP_016,1
required,QC_SOP_016,1
tools,QC_SOP_016,1
samples,QC_SOP_016,1
acceptance,QC_SOP_016,1
middle,QC_SOP_016,1
sterile,QC_SOP_016,1
materials,QC_SOP_016,1
representative,QC_SOP_016,1
testing,QC_SOP_016,1
scope,QC_SOP_016,1
sampling,QC_SOP_016,1
contamination-free,QC_SOP_016,1
define,QC_SOP_016,1
procedure,QC_SOP_016,1
locations,QC_SOP_016,1
microbial,QC_SOP_016,1
title,QC_SOP_016,1
conditions,QC_SOP_016,1
collect,QC_SOP_016,1
chain,QC_SOP_016,1
purpose,QC_SOP_016,1
document,QC_SOP_016,1
criteria,QC_SOP_016,1
bottom,QC_SOP_016,1
references,QC_SOP_016,1
intermediates,QC_SOP_016,1
bioburden,QC_SOP_016,1
assessment,QC_SOP_016,1
during,QC_SOP_017,1
acceptance,QC_SOP_017,1
within,QC_SOP_017,1
sterility,QC_SOP_017,1
testing,QC_SOP_017,1
temperature,QC_SOP_017,1
maintained,QC_SOP_017,1
scope,QC_SOP_017,1
monitoring,QC_SOP_017,1
procedure,QC_SOP_017,1
daily,QC_SOP_017,1
incubations,QC_SOP_017,1
title,QC_SOP_017,1
investigate,QC_SOP_017,1
conditions,QC_SOP_017,1
throughout,QC_SOP_017,1
record,QC_SOP_017,1
deviations,QC_SOP_017,1
monitor,QC_SOP_017,1
purpose,QC_SOP_017,1
range,QC_SOP_017,1
document,QC_SOP_017,1
twice,QC_SOP_017,1
incubation,QC_SOP_017,1
criteria,QC_SOP_017,1
excursion,QC_SOP_017,1
ensure,QC_SOP_017,1
exceeding,QC_SOP_017,1
references,QC_SOP_017,1
trending,QC_SOP_018,1
initiate,QC_SOP_018,1
detected,QC_SOP_018,1
acceptance,QC_SOP_018,1
indicating,QC_SOP_018,1
correlate,QC_SOP_018,1
address,QC_SOP_018,1
sterility,QC_SOP_018,1
annex,QC_SOP_018,1
failure,QC_SOP_018,1
environmental,QC_SOP_018,1
program,QC_SOP_018,1
testing,QC_SOP_018,1
adverse,QC_SOP_018,1
scope,QC_SOP_018,1
recurring,QC_SOP_018,1
out-of-trend,QC_SOP_018,1
monitoring,QC_SOP_018,1
procedure,QC_SOP_018,1
title,QC_SOP_018,1
trend,QC_SOP_018,1
process,QC_SOP_018,1
unusual,QC_SOP_018,1
purpose,QC_SOP_018,1
handling,QC_SOP_018,1
patterns,QC_SOP_018,1
results,QC_SOP_018,1
investigation,QC_SOP_018,1
criteria,QC_SOP_018,1
contamination,QC_SOP_018,1
historical,QC_SOP_018,1
references,QC_SOP_018,1
review,QC_SOP_018,1
identify,QC_SOP_018,1
sample,QC_SOP_019,1
acceptance,QC_SOP_019,1
bioburden,QC_SOP_019,1
compare,QC_SOP_019,1
method,QC_SOP_019,1
assess,QC_SOP_019,1
matrix,QC_SOP_019,1
testing,QC_SOP_019,1
scope,QC_SOP_019,1
procedure,QC_SOP_019,1
efficiency,QC_SOP_019,1
recovery,QC_SOP_019,1
recovered,QC_SOP_019,1
title,QC_SOP_019,1
microbial,QC_SOP_019,1
inoculated,QC_SOP_019,1
known,QC_SOP_019,1
purpose,QC_SOP_019,1
perform,QC_SOP_019,1
criteria,QC_SOP_019,1
suitability,QC_SOP_019,1
product,QC_SOP_019,1
study,QC_SOP_019,1
references,QC_SOP_019,1
microorganisms,QC_SOP_019,1
spike,QC_SOP_019,1
records,QC_SOP_020,1
acceptance,QC_SOP_020,1
contemporaneous,QC_SOP_020,1
integrity,QC_SOP_020,1
changes,QC_SOP_020,1
sterility,QC_SOP_020,1
audit,QC_SOP_020,1
accurate,QC_SOP_020,1
complete,QC_SOP_020,1
trail,QC_SOP_020,1
scope,QC_SOP_020,1
procedure,QC_SOP_020,1
daily,QC_SOP_020,1
system,QC_SOP_020,1
title,QC_SOP_020,1
recording,QC_SOP_020,1
record,QC_SOP_020,1
validated,QC_SOP_020,1
electronic,QC_SOP_020,1
observations,QC_SOP_020,1
purpose,QC_SOP_020,1
criteria,QC_SOP_020,1
report,QC_SOP_020,1
excursion,QC_SOP_020,1
microbiology,QC_SOP_020,1
ensure,QC_SOP_020,1
analysts,QC_SOP_020,1
references,QC_SOP_020,1
review,QC_SOP_020,1
documentation,QC_SOP_020,1
proper,QC_SOP_020,1
suitable,QC_SOP_021,1
samples,QC_SOP_021,1
investigations,QC_SOP_021,1
describe,QC_SOP_021,1
medium,QC_SOP_021,1
batch,QC_SOP_021,1
testing,QC_SOP_021,1
scope,QC_SOP_021,1
reaction,QC_SOP_021,1
catalase,QC_SOP_021,1
rationale,QC_SOP_021,1
recovered,QC_SOP_021,1
flora,QC_SOP_021,1
supported,QC_SOP_021,1
intervention,QC_SOP_021,1
number,QC_SOP_021,1
where,QC_SOP_021,1
purpose,QC_SOP_021,1
applicable,QC_SOP_021,1
relevant,QC_SOP_021,1
aseptic,QC_SOP_021,1
incubation,QC_SOP_021,1
routine,QC_SOP_021,1
criteria,QC_SOP_021,1
plate,QC_SOP_021,1
contamination,QC_SOP_021,1
period,QC_SOP_021,1
references,QC_SOP_021,1
tested,QC_SOP_021,1
records,QC_SOP_021,1
organism,QC_SOP_021,1
acceptance,QC_SOP_021,1
obtained,QC_SOP_021,1
characterization,QC_SOP_021,1
genus,QC_SOP_021,1
observation,QC_SOP_021,1
confirmed,QC_SOP_021,1
annex,QC_SOP_021,1
environmental,QC_SOP_021,1
personnel,QC_SOP_021,1
decisions,QC_SOP_021,1
scientific,QC_SOP_021,1
settle,QC_SOP_021,1
conditions,QC_SOP_021,1
surveillance,QC_SOP_021,1
level,QC_SOP_021,1
source,QC_SOP_021,1
isolate,QC_SOP_021,1
documented,QC_SOP_021,1
perform,QC_SOP_021,1
results,QC_SOP_021,1
coincided,QC_SOP_021,1
document,QC_SOP_021,1
support,QC_SOP_021,1
utility,QC_SOP_021,1
excursion,QC_SOP_021,1
product,QC_SOP_021,1
media,QC_SOP_021,1
analyst,QC_SOP_021,1
manufacturing,QC_SOP_021,1
microbiology,QC_SOP_021,1
assessment,QC_SOP_021,1
contact,QC_SOP_021,1
membrane,QC_SOP_021,1
turbidity,QC_SOP_021,1
inoculation,QC_SOP_021,1
detected,QC_SOP_021,1
pattern,QC_SOP_021,1
growth,QC_SOP_021,1
including,QC_SOP_021,1
laboratory,QC_SOP_021,1
collected,QC_SOP_021,1
complete,QC_SOP_021,1
library,QC_SOP_021,1
isolates,QC_SOP_021,1
maldi-tof,QC_SOP_021,1
event,QC_SOP_021,1
sampling,QC_SOP_021,1
comparing,QC_SOP_021,1
preliminary,QC_SOP_021,1
approved,QC_SOP_021,1
units,QC_SOP_021,1
system,QC_SOP_021,1
title,QC_SOP_021,1
probable,QC_SOP_021,1
morphology,QC_SOP_021,1
using,QC_SOP_021,1
panel,QC_SOP_021,1
validation,QC_SOP_021,1
active,QC_SOP_021,1
handling,QC_SOP_021,1
colony,QC_SOP_021,1
evaluate,QC_SOP_021,1
subculture,QC_SOP_021,1
substance,QC_SOP_021,1
achieved,QC_SOP_021,1
glove,QC_SOP_021,1
activities,QC_SOP_021,1
identify,QC_SOP_021,1
identity,QC_SOP_021,1
microorganisms,QC_SOP_021,1
whether,QC_SOP_021,1
during,QC_SOP_021,1
sample,QC_SOP_021,1
inconclusive,QC_SOP_021,1
compare,QC_SOP_021,1
sterility,QC_SOP_021,1
order,QC_SOP_021,1
least,QC_SOP_021,1
attribution,QC_SOP_021,1
print,QC_SOP_021,1
obtain,QC_SOP_021,1
monitoring,QC_SOP_021,1
procedure,QC_SOP_021,1
identification,QC_SOP_021,1
aseptically,QC_SOP_021,1
justified,QC_SOP_021,1
formation,QC_SOP_021,1
record,QC_SOP_021,1
comparison,QC_SOP_021,1
compressed,QC_SOP_021,1
observations,QC_SOP_021,1
shift,QC_SOP_021,1
atypical,QC_SOP_021,1
oxidase,QC_SOP_021,1
scientifically,QC_SOP_021,1
biochemical,QC_SOP_021,1
filtration,QC_SOP_021,1
suite,QC_SOP_021,1
direct,QC_SOP_021,1
review,QC_SOP_021,1
before,QC_SOP_022,1
suitable,QC_SOP_022,1
samples,QC_SOP_022,1
unqualified,QC_SOP_022,1
performed,QC_SOP_022,1
three,QC_SOP_022,1
diluent,QC_SOP_022,1
sequence,QC_SOP_022,1
challenge,QC_SOP_022,1
permitted,QC_SOP_022,1
batch,QC_SOP_022,1
fresh,QC_SOP_022,1
property,QC_SOP_022,1
testing,QC_SOP_022,1
inspect,QC_SOP_022,1
scope,QC_SOP_022,1
labeling,QC_SOP_022,1
define,QC_SOP_022,1
removal,QC_SOP_022,1
number,QC_SOP_022,1
other,QC_SOP_022,1
container,QC_SOP_022,1
purpose,QC_SOP_022,1
applicable,QC_SOP_022,1
fluids,QC_SOP_022,1
criteria,QC_SOP_022,1
suitability,QC_SOP_022,1
labeled,QC_SOP_022,1
requirements,QC_SOP_022,1
references,QC_SOP_022,1
records,QC_SOP_022,1
fluid,QC_SOP_022,1
cycles,QC_SOP_022,1
inhibitory,QC_SOP_022,1
acceptance,QC_SOP_022,1
method,QC_SOP_022,1
inhibit,QC_SOP_022,1
prepared,QC_SOP_022,1
non-aqueous,QC_SOP_022,1
composition,QC_SOP_022,1
prior,QC_SOP_022,1
prepare,QC_SOP_022,1
microorganism,QC_SOP_022,1
instruction,QC_SOP_022,1
promotion,QC_SOP_022,1
residues,QC_SOP_022,1
recovery,QC_SOP_022,1
product-specific,QC_SOP_022,1
demonstrated,QC_SOP_022,1
compendial,QC_SOP_022,1
unusual,QC_SOP_022,1
rinse,QC_SOP_022,1
perform,QC_SOP_022,1
requiring,QC_SOP_022,1
foaming,QC_SOP_022,1
product,QC_SOP_022,1
expired,QC_SOP_022,1
verification,QC_SOP_022,1
microbiology,QC_SOP_022,1
according,QC_SOP_022,1
preparation,QC_SOP_022,1
unless,QC_SOP_022,1
membrane,QC_SOP_022,1
alternate,QC_SOP_022,1
within,QC_SOP_022,1
integrity,QC_SOP_022,1
growth,QC_SOP_022,1
surface,QC_SOP_022,1
aqueous,QC_SOP_022,1
laboratory,QC_SOP_022,1
expiry,QC_SOP_022,1
clear,QC_SOP_022,1
approved,QC_SOP_022,1
sampling,QC_SOP_022,1
blockage,QC_SOP_022,1
supplier,QC_SOP_022,1
title,QC_SOP_022,1
solution,QC_SOP_022,1
volume,QC_SOP_022,1
rinses,QC_SOP_022,1
using,QC_SOP_022,1
validation,QC_SOP_022,1
defined,QC_SOP_022,1
persistence,QC_SOP_022,1
formulation,QC_SOP_022,1
autoclaving,QC_SOP_022,1
total,QC_SOP_022,1
introduced,QC_SOP_022,1
clarity,QC_SOP_022,1
assign,QC_SOP_022,1
times,QC_SOP_022,1
during,QC_SOP_022,1
organisms,QC_SOP_022,1
justifies,QC_SOP_022,1
sterile,QC_SOP_022,1
sterility,QC_SOP_022,1
sterilize,QC_SOP_022,1
exceeds,QC_SOP_022,1
procedure,QC_SOP_022,1
validated,QC_SOP_022,1
record,QC_SOP_022,1
fewer,QC_SOP_022,1
storage,QC_SOP_022,1
qualification,QC_SOP_022,1
observations,QC_SOP_022,1
residue,QC_SOP_022,1
continues,QC_SOP_022,1
filtration,QC_SOP_022,1
discard,QC_SOP_022,1
ensuring,QC_SOP_022,1
initiate,QC_SOP_023,1
suitable,QC_SOP_023,1
samples,QC_SOP_023,1
supervision,QC_SOP_023,1
performance,QC_SOP_023,1
membranes,QC_SOP_023,1
affect,QC_SOP_023,1
permitted,QC_SOP_023,1
testing,QC_SOP_023,1
scope,QC_SOP_023,1
instructions,QC_SOP_023,1
multiple,QC_SOP_023,1
without,QC_SOP_023,1
notify,QC_SOP_023,1
rationale,QC_SOP_023,1
taken,QC_SOP_023,1
trend,QC_SOP_023,1
process,QC_SOP_023,1
completed,QC_SOP_023,1
number,QC_SOP_023,1
validity,QC_SOP_023,1
represents,QC_SOP_023,1
because,QC_SOP_023,1
purpose,QC_SOP_023,1
applicable,QC_SOP_023,1
history,QC_SOP_023,1
retention,QC_SOP_023,1
strategy,QC_SOP_023,1
criteria,QC_SOP_023,1
suitability,QC_SOP_023,1
filter,QC_SOP_023,1
which,QC_SOP_023,1
tests,QC_SOP_023,1
references,QC_SOP_023,1
burden,QC_SOP_023,1
exceeded,QC_SOP_023,1
records,QC_SOP_023,1
organism,QC_SOP_023,1
acceptance,QC_SOP_023,1
determine,QC_SOP_023,1
condition,QC_SOP_023,1
fully,QC_SOP_023,1
assess,QC_SOP_023,1
method,QC_SOP_023,1
prior,QC_SOP_023,1
recovery,QC_SOP_023,1
concentration,QC_SOP_023,1
broader,QC_SOP_023,1
product-specific,QC_SOP_023,1
remains,QC_SOP_023,1
approach,QC_SOP_023,1
document,QC_SOP_023,1
results,QC_SOP_023,1
requiring,QC_SOP_023,1
filtered,QC_SOP_023,1
investigation,QC_SOP_023,1
support,QC_SOP_023,1
intended,QC_SOP_023,1
excursion,QC_SOP_023,1
product,QC_SOP_023,1
establish,QC_SOP_023,1
incomplete,QC_SOP_023,1
dilution,QC_SOP_023,1
visible,QC_SOP_023,1
microbiology,QC_SOP_023,1
compromised,QC_SOP_023,1
discussion,QC_SOP_023,1
assessment,QC_SOP_023,1
permits,QC_SOP_023,1
membrane,QC_SOP_023,1
pre-rinse,QC_SOP_023,1
actions,QC_SOP_023,1
alternate,QC_SOP_023,1
capability,QC_SOP_023,1
laboratory,QC_SOP_023,1
vacuum,QC_SOP_023,1
occurred,QC_SOP_023,1
event,QC_SOP_023,1
potential,QC_SOP_023,1
cross-functional,QC_SOP_023,1
unresolved,QC_SOP_023,1
approved,QC_SOP_023,1
sampling,QC_SOP_023,1
accumulation,QC_SOP_023,1
material,QC_SOP_023,1
blockage,QC_SOP_023,1
title,QC_SOP_023,1
volume,QC_SOP_023,1
continue,QC_SOP_023,1
invalid,QC_SOP_023,1
exact,QC_SOP_023,1
using,QC_SOP_023,1
ceases,QC_SOP_023,1
validation,QC_SOP_023,1
split,QC_SOP_023,1
under,QC_SOP_023,1
affecting,QC_SOP_023,1
handling,QC_SOP_023,1
limits,QC_SOP_023,1
substance,QC_SOP_023,1
recurrent,QC_SOP_023,1
whether,QC_SOP_023,1
issue,QC_SOP_023,1
during,QC_SOP_023,1
sample,QC_SOP_023,1
assembly,QC_SOP_023,1
inconclusive,QC_SOP_023,1
predefined,QC_SOP_023,1
characteristic,QC_SOP_023,1
excessive,QC_SOP_023,1
appearance,QC_SOP_023,1
completion,QC_SOP_023,1
sterility,QC_SOP_023,1
suggests,QC_SOP_023,1
pending,QC_SOP_023,1
procedure,QC_SOP_023,1
warming,QC_SOP_023,1
classified,QC_SOP_023,1
particulate,QC_SOP_023,1
additional,QC_SOP_023,1
justified,QC_SOP_023,1
cannot,QC_SOP_023,1
record,QC_SOP_023,1
include,QC_SOP_023,1
residue,QC_SOP_023,1
viscosity,QC_SOP_023,1
point,QC_SOP_023,1
scientifically,QC_SOP_023,1
filtration,QC_SOP_023,1
review,QC_SOP_023,1
pressure,QC_SOP_023,1
before,QC_SOP_024,1
assignment,QC_SOP_024,1
performed,QC_SOP_024,1
control,QC_SOP_024,1
describe,QC_SOP_024,1
medium,QC_SOP_024,1
strains,QC_SOP_024,1
challenge,QC_SOP_024,1
testing,QC_SOP_024,1
scope,QC_SOP_024,1
color,QC_SOP_024,1
unique,QC_SOP_024,1
where,QC_SOP_024,1
purpose,QC_SOP_024,1
applicable,QC_SOP_024,1
incubation,QC_SOP_024,1
routine,QC_SOP_024,1
criteria,QC_SOP_024,1
suitability,QC_SOP_024,1
quarantine,QC_SOP_024,1
organism-specific,QC_SOP_024,1
contamination,QC_SOP_024,1
aerobic,QC_SOP_024,1
references,QC_SOP_024,1
low-level,QC_SOP_024,1
digest,QC_SOP_024,1
records,QC_SOP_024,1
fluid,QC_SOP_024,1
acceptance,QC_SOP_024,1
thioglycollate,QC_SOP_024,1
inoculate,QC_SOP_024,1
method,QC_SOP_024,1
prepared,QC_SOP_024,1
article,QC_SOP_024,1
expectation,QC_SOP_024,1
received,QC_SOP_024,1
commercially,QC_SOP_024,1
promotion,QC_SOP_024,1
recovery,QC_SOP_024,1
remain,QC_SOP_024,1
conditions,QC_SOP_024,1
studies,QC_SOP_024,1
compendial,QC_SOP_024,1
investigation,QC_SOP_024,1
product,QC_SOP_024,1
media,QC_SOP_024,1
visible,QC_SOP_024,1
microbiology,QC_SOP_024,1
verify,QC_SOP_024,1
preparation,QC_SOP_024,1
properties,QC_SOP_024,1
onset,QC_SOP_024,1
unless,QC_SOP_024,1
delayed,QC_SOP_024,1
turbidity,QC_SOP_024,1
autoclave,QC_SOP_024,1
required,QC_SOP_024,1
within,QC_SOP_024,1
growth,QC_SOP_024,1
sufficient,QC_SOP_024,1
including,QC_SOP_024,1
laboratory,QC_SOP_024,1
analysis,QC_SOP_024,1
complete,QC_SOP_024,1
vessel,QC_SOP_024,1
justification,QC_SOP_024,1
expiry,QC_SOP_024,1
sampling,QC_SOP_024,1
prohibit,QC_SOP_024,1
daily,QC_SOP_024,1
units,QC_SOP_024,1
title,QC_SOP_024,1
change,QC_SOP_024,1
uninoculated,QC_SOP_024,1
exists,QC_SOP_024,1
under,QC_SOP_024,1
confirm,QC_SOP_024,1
precipitation,QC_SOP_024,1
controls,QC_SOP_024,1
supplied,QC_SOP_024,1
assign,QC_SOP_024,1
microorganisms,QC_SOP_024,1
organisms,QC_SOP_024,1
absent,QC_SOP_024,1
specified,QC_SOP_024,1
until,QC_SOP_024,1
sterility,QC_SOP_024,1
representative,QC_SOP_024,1
certificates,QC_SOP_024,1
parameters,QC_SOP_024,1
observed,QC_SOP_024,1
nutritive,QC_SOP_024,1
procedure,QC_SOP_024,1
identification,QC_SOP_024,1
inoculated,QC_SOP_024,1
record,QC_SOP_024,1
include,QC_SOP_024,1
failing,QC_SOP_024,1
anaerobic,QC_SOP_024,1
demonstrate,QC_SOP_024,1
storage,QC_SOP_024,1
qualification,QC_SOP_024,1
incubate,QC_SOP_024,1
atypical,QC_SOP_024,1
ensuring,QC_SOP_024,1
review,QC_SOP_024,1
negative,QC_SOP_024,1
examine,QC_SOP_024,1
soybean-casein,QC_SOP_024,1
before,QC_SOP_025,1
samples,QC_SOP_025,1
result,QC_SOP_025,1
performance,QC_SOP_025,1
pre-sterilization,QC_SOP_025,1
equipment,QC_SOP_025,1
adverse,QC_SOP_025,1
counts,QC_SOP_025,1
disposition,QC_SOP_025,1
scope,QC_SOP_025,1
notify,QC_SOP_025,1
define,QC_SOP_025,1
status,QC_SOP_025,1
microbial,QC_SOP_025,1
flora,QC_SOP_025,1
trend,QC_SOP_025,1
process,QC_SOP_025,1
elevated,QC_SOP_025,1
completed,QC_SOP_025,1
represents,QC_SOP_025,1
affected,QC_SOP_025,1
cleaning,QC_SOP_025,1
against,QC_SOP_025,1
where,QC_SOP_025,1
purpose,QC_SOP_025,1
applicable,QC_SOP_025,1
formal,QC_SOP_025,1
routine,QC_SOP_025,1
criteria,QC_SOP_025,1
contamination,QC_SOP_025,1
exceed,QC_SOP_025,1
sterilization,QC_SOP_025,1
sampler,QC_SOP_025,1
references,QC_SOP_025,1
campaign,QC_SOP_025,1
worksheet,QC_SOP_025,1
organism,QC_SOP_025,1
trending,QC_SOP_025,1
acceptance,QC_SOP_025,1
shifts,QC_SOP_025,1
repeated,QC_SOP_025,1
environmental,QC_SOP_025,1
prior,QC_SOP_025,1
microorganism,QC_SOP_025,1
recovery,QC_SOP_025,1
product-specific,QC_SOP_025,1
level,QC_SOP_025,1
threshold,QC_SOP_025,1
documented,QC_SOP_025,1
breached,QC_SOP_025,1
terminal,QC_SOP_025,1
quality,QC_SOP_025,1
document,QC_SOP_025,1
results,QC_SOP_025,1
production,QC_SOP_025,1
requiring,QC_SOP_025,1
exceedance,QC_SOP_025,1
alert,QC_SOP_025,1
investigation,QC_SOP_025,1
excursion,QC_SOP_025,1
manufacturing,QC_SOP_025,1
steps,QC_SOP_025,1
current,QC_SOP_025,1
final,QC_SOP_025,1
assessment,QC_SOP_025,1
sanitization,QC_SOP_025,1
identified,QC_SOP_025,1
correlate,QC_SOP_025,1
deterioration,QC_SOP_025,1
impact,QC_SOP_025,1
objectionable,QC_SOP_025,1
collected,QC_SOP_025,1
activity,QC_SOP_025,1
in-process,QC_SOP_025,1
event,QC_SOP_025,1
sampling,QC_SOP_025,1
approved,QC_SOP_025,1
requires,QC_SOP_025,1
isolated,QC_SOP_025,1
units,QC_SOP_025,1
title,QC_SOP_025,1
solution,QC_SOP_025,1
continue,QC_SOP_025,1
types,QC_SOP_025,1
water,QC_SOP_025,1
products,QC_SOP_025,1
outcomes,QC_SOP_025,1
limits,QC_SOP_025,1
controls,QC_SOP_025,1
upward,QC_SOP_025,1
action,QC_SOP_025,1
historical,QC_SOP_025,1
persistent,QC_SOP_025,1
processing,QC_SOP_025,1
identity,QC_SOP_025,1
together,QC_SOP_025,1
whether,QC_SOP_025,1
times,QC_SOP_025,1
sample,QC_SOP_025,1
compare,QC_SOP_025,1
sterile,QC_SOP_025,1
changes,QC_SOP_025,1
reviews,QC_SOP_025,1
interval,QC_SOP_025,1
location,QC_SOP_025,1
observed,QC_SOP_025,1
suggests,QC_SOP_025,1
recurring,QC_SOP_025,1
monitoring,QC_SOP_025,1
water-system-associated,QC_SOP_025,1
procedure,QC_SOP_025,1
identification,QC_SOP_025,1
specification,QC_SOP_025,1
record,QC_SOP_025,1
validated,QC_SOP_025,1
flush,QC_SOP_025,1
atypical,QC_SOP_025,1
artifact,QC_SOP_025,1
filtration,QC_SOP_025,1
enhanced,QC_SOP_025,1
review,QC_SOP_025,1
established,QC_SOP_025,1
concern,QC_SOP_025,1
bioburden,QC_SOP_025,1
typically,QC_SOP_026,1
depyrogenated,QC_SOP_026,1
describe,QC_SOP_026,1
matrix,QC_SOP_026,1
mixing,QC_SOP_026,1
testing,QC_SOP_026,1
scope,QC_SOP_026,1
without,QC_SOP_026,1
calculate,QC_SOP_026,1
purpose,QC_SOP_026,1
applicable,QC_SOP_026,1
adjust,QC_SOP_026,1
routine,QC_SOP_026,1
criteria,QC_SOP_026,1
labeled,QC_SOP_026,1
requirements,QC_SOP_026,1
factor,QC_SOP_026,1
which,QC_SOP_026,1
exceed,QC_SOP_026,1
finished,QC_SOP_026,1
references,QC_SOP_026,1
intermediates,QC_SOP_026,1
spike,QC_SOP_026,1
kinetic,QC_SOP_026,1
turbidimetric,QC_SOP_026,1
acceptance,QC_SOP_026,1
determine,QC_SOP_026,1
article,QC_SOP_026,1
endotoxin-free,QC_SOP_026,1
limit,QC_SOP_026,1
calculated,QC_SOP_026,1
proposed,QC_SOP_026,1
maintaining,QC_SOP_026,1
maximum,QC_SOP_026,1
prepare,QC_SOP_026,1
dilutions,QC_SOP_026,1
recovery,QC_SOP_026,1
concentration,QC_SOP_026,1
known,QC_SOP_026,1
source,QC_SOP_026,1
compendial,QC_SOP_026,1
remains,QC_SOP_026,1
while,QC_SOP_026,1
perform,QC_SOP_026,1
low-endotoxin,QC_SOP_026,1
product,QC_SOP_026,1
analyst,QC_SOP_026,1
dilution,QC_SOP_026,1
injectable,QC_SOP_026,1
visible,QC_SOP_026,1
lysate,QC_SOP_026,1
unless,QC_SOP_026,1
determination,QC_SOP_026,1
within,QC_SOP_026,1
recombinant,QC_SOP_026,1
specifically,QC_SOP_026,1
endotoxin,QC_SOP_026,1
glassware,QC_SOP_026,1
justification,QC_SOP_026,1
based,QC_SOP_026,1
certified,QC_SOP_026,1
approved,QC_SOP_026,1
equivalent,QC_SOP_026,1
sampling,QC_SOP_026,1
unresolved,QC_SOP_026,1
title,QC_SOP_026,1
administration,QC_SOP_026,1
sensitivity,QC_SOP_026,1
using,QC_SOP_026,1
factors,QC_SOP_026,1
water,QC_SOP_026,1
scheme,QC_SOP_026,1
reject,QC_SOP_026,1
valid,QC_SOP_026,1
inhibition,QC_SOP_026,1
evaluate,QC_SOP_026,1
enhancement,QC_SOP_026,1
spiking,QC_SOP_026,1
precipitation,QC_SOP_026,1
substance,QC_SOP_026,1
controlling,QC_SOP_026,1
details,QC_SOP_026,1
needed,QC_SOP_026,1
ensure,QC_SOP_026,1
route,QC_SOP_026,1
times,QC_SOP_026,1
sample,QC_SOP_026,1
selected,QC_SOP_026,1
chromogenic,QC_SOP_026,1
detection,QC_SOP_026,1
exceeds,QC_SOP_026,1
procedure,QC_SOP_026,1
validated,QC_SOP_026,1
calculation,QC_SOP_026,1
record,QC_SOP_026,1
gel-clot,QC_SOP_026,1
observations,QC_SOP_026,1
interference,QC_SOP_026,1
range,QC_SOP_026,1
serial,QC_SOP_026,1
methods,QC_SOP_026,1
consumables,QC_SOP_026,1
bacterial,QC_SOP_026,1
established,QC_SOP_026,1
effect,QC_SOP_026,1
reagent,QC_SOP_026,1
before,QC_SOP_027,1
clean,QC_SOP_027,1
membranes,QC_SOP_027,1
prevent,QC_SOP_027,1
sequence,QC_SOP_027,1
containers,QC_SOP_027,1
testing,QC_SOP_027,1
execute,QC_SOP_027,1
scope,QC_SOP_027,1
fingertip,QC_SOP_027,1
unidirectional,QC_SOP_027,1
deviations,QC_SOP_027,1
retraining,QC_SOP_027,1
purpose,QC_SOP_027,1
applicable,QC_SOP_027,1
manifolds,QC_SOP_027,1
aseptic,QC_SOP_027,1
transfer,QC_SOP_027,1
routine,QC_SOP_027,1
criteria,QC_SOP_027,1
suitability,QC_SOP_027,1
closed,QC_SOP_027,1
contamination,QC_SOP_027,1
references,QC_SOP_027,1
scripted,QC_SOP_027,1
acceptance,QC_SOP_027,1
determine,QC_SOP_027,1
require,QC_SOP_027,1
method,QC_SOP_027,1
assess,QC_SOP_027,1
release,QC_SOP_027,1
overcrowding,QC_SOP_027,1
breach,QC_SOP_027,1
technique,QC_SOP_027,1
touch-risk,QC_SOP_027,1
annex,QC_SOP_027,1
dropped,QC_SOP_027,1
forceps,QC_SOP_027,1
airflow,QC_SOP_027,1
environmental,QC_SOP_027,1
personnel,QC_SOP_027,1
adherence,QC_SOP_027,1
remain,QC_SOP_027,1
associated,QC_SOP_027,1
agent,QC_SOP_027,1
sporicidal,QC_SOP_027,1
remains,QC_SOP_027,1
perform,QC_SOP_027,1
introducing,QC_SOP_027,1
results,QC_SOP_027,1
critical,QC_SOP_027,1
product,QC_SOP_027,1
media,QC_SOP_027,1
incomplete,QC_SOP_027,1
microbiology,QC_SOP_027,1
verify,QC_SOP_027,1
according,QC_SOP_027,1
contact,QC_SOP_027,1
sanitization,QC_SOP_027,1
required,QC_SOP_027,1
within,QC_SOP_027,1
surface,QC_SOP_027,1
materials,QC_SOP_027,1
through,QC_SOP_027,1
including,QC_SOP_027,1
laboratory,QC_SOP_027,1
pass-through,QC_SOP_027,1
sampling,QC_SOP_027,1
approved,QC_SOP_027,1
qualify,QC_SOP_027,1
systems,QC_SOP_027,1
isolator,QC_SOP_027,1
decontamination,QC_SOP_027,1
title,QC_SOP_027,1
using,QC_SOP_027,1
after,QC_SOP_027,1
thereby,QC_SOP_027,1
limits,QC_SOP_027,1
packaging,QC_SOP_027,1
glove,QC_SOP_027,1
activities,QC_SOP_027,1
outer,QC_SOP_027,1
remnants,QC_SOP_027,1
identify,QC_SOP_027,1
whether,QC_SOP_027,1
times,QC_SOP_027,1
during,QC_SOP_027,1
sample,QC_SOP_027,1
qualified,QC_SOP_027,1
performing,QC_SOP_027,1
sterile,QC_SOP_027,1
reducing,QC_SOP_027,1
sterility,QC_SOP_027,1
external,QC_SOP_027,1
assemble,QC_SOP_027,1
observed,QC_SOP_027,1
chamber,QC_SOP_027,1
monitoring,QC_SOP_027,1
procedure,QC_SOP_027,1
simulation,QC_SOP_027,1
manipulation,QC_SOP_027,1
surfaces,QC_SOP_027,1
observing,QC_SOP_027,1
validated,QC_SOP_027,1
record,QC_SOP_027,1
qualification,QC_SOP_027,1
operator,QC_SOP_027,1
tubing,QC_SOP_027,1
surrogate,QC_SOP_027,1
points,QC_SOP_027,1
consumables,QC_SOP_027,1
disturbance,QC_SOP_027,1
review,QC_SOP_027,1
followed,QC_SOP_027,1
interpretation,QC_SOP_028,1
before,QC_SOP_028,1
suitable,QC_SOP_028,1
beyond,QC_SOP_028,1
result,QC_SOP_028,1
medium,QC_SOP_028,1
affect,QC_SOP_028,1
unassessed,QC_SOP_028,1
indicators,QC_SOP_028,1
equipment,QC_SOP_028,1
testing,QC_SOP_028,1
inspect,QC_SOP_028,1
scope,QC_SOP_028,1
multiple,QC_SOP_028,1
status,QC_SOP_028,1
facultative,QC_SOP_028,1
affected,QC_SOP_028,1
across,QC_SOP_028,1
purpose,QC_SOP_028,1
applicable,QC_SOP_028,1
oxygen-sensitive,QC_SOP_028,1
incubation,QC_SOP_028,1
criteria,QC_SOP_028,1
suitability,QC_SOP_028,1
references,QC_SOP_028,1
fluid,QC_SOP_028,1
acceptance,QC_SOP_028,1
thioglycollate,QC_SOP_028,1
condition,QC_SOP_028,1
assess,QC_SOP_028,1
chambers,QC_SOP_028,1
repeated,QC_SOP_028,1
maximum,QC_SOP_028,1
microorganism,QC_SOP_028,1
incubators,QC_SOP_028,1
promotion,QC_SOP_028,1
practice,QC_SOP_028,1
recovery,QC_SOP_028,1
locations,QC_SOP_028,1
remain,QC_SOP_028,1
occurs,QC_SOP_028,1
local,QC_SOP_028,1
conditions,QC_SOP_028,1
checks,QC_SOP_028,1
studies,QC_SOP_028,1
visual,QC_SOP_028,1
spots,QC_SOP_028,1
support,QC_SOP_028,1
excursion,QC_SOP_028,1
media,QC_SOP_028,1
verification,QC_SOP_028,1
verify,QC_SOP_028,1
prolonged,QC_SOP_028,1
periods,QC_SOP_028,1
intensify,QC_SOP_028,1
malfunction,QC_SOP_028,1
calibration,QC_SOP_028,1
tools,QC_SOP_028,1
required,QC_SOP_028,1
growth,QC_SOP_028,1
impact,QC_SOP_028,1
duration,QC_SOP_028,1
potential,QC_SOP_028,1
equivalent,QC_SOP_028,1
sampling,QC_SOP_028,1
daily,QC_SOP_028,1
title,QC_SOP_028,1
anomalies,QC_SOP_028,1
placing,QC_SOP_028,1
incubator,QC_SOP_028,1
opening,QC_SOP_028,1
deviation,QC_SOP_028,1
confirm,QC_SOP_028,1
place,QC_SOP_028,1
identify,QC_SOP_028,1
microorganisms,QC_SOP_028,1
during,QC_SOP_028,1
appearance,QC_SOP_028,1
detection,QC_SOP_028,1
interruption,QC_SOP_028,1
sterility,QC_SOP_028,1
mapping,QC_SOP_028,1
power,QC_SOP_028,1
representative,QC_SOP_028,1
requalify,QC_SOP_028,1
temperature,QC_SOP_028,1
observed,QC_SOP_028,1
monitoring,QC_SOP_028,1
procedure,QC_SOP_028,1
validated,QC_SOP_028,1
distribution,QC_SOP_028,1
oxidized,QC_SOP_028,1
record,QC_SOP_028,1
anaerobic,QC_SOP_028,1
storage,QC_SOP_028,1
acceptable,QC_SOP_028,1
related,QC_SOP_028,1
vessels,QC_SOP_028,1
service,QC_SOP_028,1
ratio,QC_SOP_029,1
determines,QC_SOP_029,1
samples,QC_SOP_029,1
compromise,QC_SOP_029,1
invalidates,QC_SOP_029,1
permitted,QC_SOP_029,1
constraints,QC_SOP_029,1
batch,QC_SOP_029,1
failure,QC_SOP_029,1
testing,QC_SOP_029,1
small-volume,QC_SOP_029,1
disposition,QC_SOP_029,1
scope,QC_SOP_029,1
instructions,QC_SOP_029,1
ability,QC_SOP_029,1
localize,QC_SOP_029,1
rationale,QC_SOP_029,1
microbial,QC_SOP_029,1
explicitly,QC_SOP_029,1
where,QC_SOP_029,1
container,QC_SOP_029,1
purpose,QC_SOP_029,1
pooling,QC_SOP_029,1
applicable,QC_SOP_029,1
aseptic,QC_SOP_029,1
immediately,QC_SOP_029,1
criteria,QC_SOP_029,1
suitability,QC_SOP_029,1
contamination,QC_SOP_029,1
which,QC_SOP_029,1
traceability,QC_SOP_029,1
references,QC_SOP_029,1
low-level,QC_SOP_029,1
records,QC_SOP_029,1
acceptance,QC_SOP_029,1
batches,QC_SOP_029,1
loading,QC_SOP_029,1
method,QC_SOP_029,1
restrictions,QC_SOP_029,1
instruction,QC_SOP_029,1
recovery,QC_SOP_029,1
specific,QC_SOP_029,1
associated,QC_SOP_029,1
occurs,QC_SOP_029,1
concentration,QC_SOP_029,1
product-specific,QC_SOP_029,1
conditions,QC_SOP_029,1
source,QC_SOP_029,1
remains,QC_SOP_029,1
interventions,QC_SOP_029,1
quality,QC_SOP_029,1
document,QC_SOP_029,1
investigation,QC_SOP_029,1
product,QC_SOP_029,1
establish,QC_SOP_029,1
manufacturing,QC_SOP_029,1
approval,QC_SOP_029,1
verify,QC_SOP_029,1
limited,QC_SOP_029,1
unless,QC_SOP_029,1
shows,QC_SOP_029,1
membrane,QC_SOP_029,1
pooled,QC_SOP_029,1
interpretable,QC_SOP_029,1
inoculation,QC_SOP_029,1
allowed,QC_SOP_029,1
complexity,QC_SOP_029,1
growth,QC_SOP_029,1
contributing,QC_SOP_029,1
including,QC_SOP_029,1
approved,QC_SOP_029,1
sampling,QC_SOP_029,1
escalate,QC_SOP_029,1
units,QC_SOP_029,1
title,QC_SOP_029,1
volume,QC_SOP_029,1
probable,QC_SOP_029,1
unauthorized,QC_SOP_029,1
sensitivity,QC_SOP_029,1
exact,QC_SOP_029,1
articles,QC_SOP_029,1
validation,QC_SOP_029,1
impair,QC_SOP_029,1
quantity,QC_SOP_029,1
limits,QC_SOP_029,1
confirm,QC_SOP_029,1
controls,QC_SOP_029,1
otherwise,QC_SOP_029,1
presentations,QC_SOP_029,1
ensure,QC_SOP_029,1
shown,QC_SOP_029,1
identify,QC_SOP_029,1
whether,QC_SOP_029,1
ambiguity,QC_SOP_029,1
sample,QC_SOP_029,1
traceable,QC_SOP_029,1
avoid,QC_SOP_029,1
reduced,QC_SOP_029,1
analytical,QC_SOP_029,1
sterile,QC_SOP_029,1
sterility,QC_SOP_029,1
attribution,QC_SOP_029,1
different,QC_SOP_029,1
procedure,QC_SOP_029,1
efficiency,QC_SOP_029,1
justified,QC_SOP_029,1
create,QC_SOP_029,1
practices,QC_SOP_029,1
preapproved,QC_SOP_029,1
scientifically,QC_SOP_029,1
filtration,QC_SOP_029,1
points,QC_SOP_029,1
review,QC_SOP_029,1
distinct,QC_SOP_029,1
interpretation,QC_SOP_030,1
samples,QC_SOP_030,1
supervision,QC_SOP_030,1
control,QC_SOP_030,1
placement,QC_SOP_030,1
diluent,QC_SOP_030,1
sequence,QC_SOP_030,1
batch,QC_SOP_030,1
failure,QC_SOP_030,1
equipment,QC_SOP_030,1
testing,QC_SOP_030,1
scope,QC_SOP_030,1
notify,QC_SOP_030,1
define,QC_SOP_030,1
process,QC_SOP_030,1
validity,QC_SOP_030,1
applied,QC_SOP_030,1
affected,QC_SOP_030,1
purpose,QC_SOP_030,1
applicable,QC_SOP_030,1
transfer,QC_SOP_030,1
detect,QC_SOP_030,1
immediately,QC_SOP_030,1
routine,QC_SOP_030,1
criteria,QC_SOP_030,1
incubation,QC_SOP_030,1
contamination,QC_SOP_030,1
which,QC_SOP_030,1
period,QC_SOP_030,1
laboratory-introduced,QC_SOP_030,1
references,QC_SOP_030,1
fluid,QC_SOP_030,1
acceptance,QC_SOP_030,1
determine,QC_SOP_030,1
require,QC_SOP_030,1
method,QC_SOP_030,1
release,QC_SOP_030,1
general,QC_SOP_030,1
contaminated,QC_SOP_030,1
environmental,QC_SOP_030,1
prepare,QC_SOP_030,1
error,QC_SOP_030,1
entire,QC_SOP_030,1
remain,QC_SOP_030,1
conditions,QC_SOP_030,1
documented,QC_SOP_030,1
studies,QC_SOP_030,1
rinse,QC_SOP_030,1
results,QC_SOP_030,1
becomes,QC_SOP_030,1
critical,QC_SOP_030,1
support,QC_SOP_030,1
investigation,QC_SOP_030,1
product,QC_SOP_030,1
media,QC_SOP_030,1
evidence,QC_SOP_030,1
analyst,QC_SOP_030,1
feasible,QC_SOP_030,1
observe,QC_SOP_030,1
visible,QC_SOP_030,1
preparation,QC_SOP_030,1
assessment,QC_SOP_030,1
membrane,QC_SOP_030,1
turbidity,QC_SOP_030,1
inoculation,QC_SOP_030,1
interpretable,QC_SOP_030,1
detected,QC_SOP_030,1
every,QC_SOP_030,1
growth,QC_SOP_030,1
through,QC_SOP_030,1
including,QC_SOP_030,1
repeat,QC_SOP_030,1
duration,QC_SOP_030,1
approved,QC_SOP_030,1
sampling,QC_SOP_030,1
material,QC_SOP_030,1
daily,QC_SOP_030,1
stability,QC_SOP_030,1
title,QC_SOP_030,1
whenever,QC_SOP_030,1
using,QC_SOP_030,1
uninoculated,QC_SOP_030,1
validation,QC_SOP_030,1
under,QC_SOP_030,1
conducted,QC_SOP_030,1
controls,QC_SOP_030,1
session,QC_SOP_030,1
sessions,QC_SOP_030,1
whether,QC_SOP_030,1
during,QC_SOP_030,1
specified,QC_SOP_030,1
sterile,QC_SOP_030,1
workflow,QC_SOP_030,1
order,QC_SOP_030,1
sterility,QC_SOP_030,1
temperature,QC_SOP_030,1
positive,QC_SOP_030,1
monitoring,QC_SOP_030,1
procedure,QC_SOP_030,1
throughout,QC_SOP_030,1
record,QC_SOP_030,1
operator,QC_SOP_030,1
incubate,QC_SOP_030,1
trigger,QC_SOP_030,1
filtration,QC_SOP_030,1
identifier,QC_SOP_030,1
disturbance,QC_SOP_030,1
processed,QC_SOP_030,1
manipulations,QC_SOP_030,1
direct,QC_SOP_030,1
invalidation,QC_SOP_030,1
review,QC_SOP_030,1
negative,QC_SOP_030,1
before,QC_SOP_031,1
samples,QC_SOP_031,1
membranes,QC_SOP_031,1
sequence,QC_SOP_031,1
permitted,QC_SOP_031,1
previous,QC_SOP_031,1
accidental,QC_SOP_031,1
batch,QC_SOP_031,1
mixing,QC_SOP_031,1
testing,QC_SOP_031,1
disposition,QC_SOP_031,1
scope,QC_SOP_031,1
reconcile,QC_SOP_031,1
confirmatory,QC_SOP_031,1
reconciled,QC_SOP_031,1
completed,QC_SOP_031,1
number,QC_SOP_031,1
begins,QC_SOP_031,1
purpose,QC_SOP_031,1
applicable,QC_SOP_031,1
incubation,QC_SOP_031,1
criteria,QC_SOP_031,1
discarded,QC_SOP_031,1
suitability,QC_SOP_031,1
entries,QC_SOP_031,1
traceability,QC_SOP_031,1
obsolete,QC_SOP_031,1
references,QC_SOP_031,1
labels,QC_SOP_031,1
transcription,QC_SOP_031,1
count,QC_SOP_031,1
acceptance,QC_SOP_031,1
method,QC_SOP_031,1
fully,QC_SOP_031,1
received,QC_SOP_031,1
personnel,QC_SOP_031,1
request,QC_SOP_031,1
incubators,QC_SOP_031,1
match,QC_SOP_031,1
remain,QC_SOP_031,1
review,QC_SOP_031,1
unexplained,QC_SOP_031,1
unlabeled,QC_SOP_031,1
discrepancy,QC_SOP_031,1
incorrect,QC_SOP_031,1
workspace,QC_SOP_031,1
missing,QC_SOP_031,1
media,QC_SOP_031,1
microbiology,QC_SOP_031,1
verify,QC_SOP_031,1
documentation,QC_SOP_031,1
canisters,QC_SOP_031,1
retained,QC_SOP_031,1
damage,QC_SOP_031,1
detected,QC_SOP_031,1
identified,QC_SOP_031,1
segregate,QC_SOP_031,1
errors,QC_SOP_031,1
growth,QC_SOP_031,1
materials,QC_SOP_031,1
reconciliation,QC_SOP_031,1
through,QC_SOP_031,1
clearance,QC_SOP_031,1
including,QC_SOP_031,1
laboratory,QC_SOP_031,1
investigation-related,QC_SOP_031,1
setup,QC_SOP_031,1
event,QC_SOP_031,1
clear,QC_SOP_031,1
approved,QC_SOP_031,1
sampling,QC_SOP_031,1
material,QC_SOP_031,1
units,QC_SOP_031,1
title,QC_SOP_031,1
group,QC_SOP_031,1
correctly,QC_SOP_031,1
identifiers,QC_SOP_031,1
after,QC_SOP_031,1
thereby,QC_SOP_031,1
handling,QC_SOP_031,1
physically,QC_SOP_031,1
carryover,QC_SOP_031,1
confirm,QC_SOP_031,1
session,QC_SOP_031,1
events,QC_SOP_031,1
ensure,QC_SOP_031,1
identity,QC_SOP_031,1
during,QC_SOP_031,1
sample,QC_SOP_031,1
traceable,QC_SOP_031,1
receipt,QC_SOP_031,1
current-session,QC_SOP_031,1
sterility,QC_SOP_031,1
discrepancies,QC_SOP_031,1
conducting,QC_SOP_031,1
misidentification,QC_SOP_031,1
cultures,QC_SOP_031,1
procedure,QC_SOP_031,1
remove,QC_SOP_031,1
preventing,QC_SOP_031,1
label,QC_SOP_031,1
record,QC_SOP_031,1
issues,QC_SOP_031,1
qualification,QC_SOP_031,1
mix-up,QC_SOP_031,1
worksheets,QC_SOP_031,1
vessels,QC_SOP_031,1
cleared,QC_SOP_031,1
check,QC_SOP_031,1
processed,QC_SOP_031,1
reduce,QC_SOP_031,1
interpretation,QC_SOP_032,1
before,QC_SOP_032,1
samples,QC_SOP_032,1
result,QC_SOP_032,1
control,QC_SOP_032,1
transferred,QC_SOP_032,1
testing,QC_SOP_032,1
disposition,QC_SOP_032,1
scope,QC_SOP_032,1
incubated,QC_SOP_032,1
notify,QC_SOP_032,1
facilities,QC_SOP_032,1
window,QC_SOP_032,1
define,QC_SOP_032,1
trend,QC_SOP_032,1
decision,QC_SOP_032,1
where,QC_SOP_032,1
against,QC_SOP_032,1
container,QC_SOP_032,1
purpose,QC_SOP_032,1
applicable,QC_SOP_032,1
transfer,QC_SOP_032,1
incubation,QC_SOP_032,1
criteria,QC_SOP_032,1
routine,QC_SOP_032,1
initiation,QC_SOP_032,1
requirements,QC_SOP_032,1
references,QC_SOP_032,1
warehouse,QC_SOP_032,1
collection,QC_SOP_032,1
acceptance,QC_SOP_032,1
proceeds,QC_SOP_032,1
assess,QC_SOP_032,1
repeated,QC_SOP_032,1
viability,QC_SOP_032,1
maximum,QC_SOP_032,1
microorganism,QC_SOP_032,1
scientific,QC_SOP_032,1
product-specific,QC_SOP_032,1
conditions,QC_SOP_032,1
logistical,QC_SOP_032,1
documented,QC_SOP_032,1
laboratory-defined,QC_SOP_032,1
between,QC_SOP_032,1
quality,QC_SOP_032,1
document,QC_SOP_032,1
exceedance,QC_SOP_032,1
product,QC_SOP_032,1
manufacturing,QC_SOP_032,1
microbiology,QC_SOP_032,1
approval,QC_SOP_032,1
assessment,QC_SOP_032,1
delayed,QC_SOP_032,1
within,QC_SOP_032,1
every,QC_SOP_032,1
integrity,QC_SOP_032,1
continuing,QC_SOP_032,1
including,QC_SOP_032,1
collected,QC_SOP_032,1
laboratory,QC_SOP_032,1
approved,QC_SOP_032,1
sampling,QC_SOP_032,1
requires,QC_SOP_032,1
start,QC_SOP_032,1
title,QC_SOP_032,1
exact,QC_SOP_032,1
under,QC_SOP_032,1
after,QC_SOP_032,1
handling,QC_SOP_032,1
exposure,QC_SOP_032,1
delay,QC_SOP_032,1
weaknesses,QC_SOP_032,1
limits,QC_SOP_032,1
deviation,QC_SOP_032,1
events,QC_SOP_032,1
identify,QC_SOP_032,1
whether,QC_SOP_032,1
sample,QC_SOP_032,1
receipt,QC_SOP_032,1
compare,QC_SOP_032,1
sterile,QC_SOP_032,1
interval,QC_SOP_032,1
sterility,QC_SOP_032,1
external,QC_SOP_032,1
transport,QC_SOP_032,1
maintained,QC_SOP_032,1
temperature,QC_SOP_032,1
exceeds,QC_SOP_032,1
management,QC_SOP_032,1
procedure,QC_SOP_032,1
additional,QC_SOP_032,1
validated,QC_SOP_032,1
record,QC_SOP_032,1
preservative,QC_SOP_032,1
elapsed,QC_SOP_032,1
informational,QC_SOP_032,1
scheduling,QC_SOP_032,1
review,QC_SOP_032,1
influence,QC_SOP_032,1
before,QC_SOP_033,1
periodic,QC_SOP_033,1
accessories,QC_SOP_033,1
suitable,QC_SOP_033,1
compatibility,QC_SOP_033,1
result,QC_SOP_033,1
unqualified,QC_SOP_033,1
false,QC_SOP_033,1
depyrogenated,QC_SOP_033,1
describe,QC_SOP_033,1
contribution,QC_SOP_033,1
containers,QC_SOP_033,1
claims,QC_SOP_033,1
testing,QC_SOP_033,1
scope,QC_SOP_033,1
blank,QC_SOP_033,1
status,QC_SOP_033,1
investigate,QC_SOP_033,1
where,QC_SOP_033,1
purpose,QC_SOP_033,1
applicable,QC_SOP_033,1
consumable,QC_SOP_033,1
intermixing,QC_SOP_033,1
criteria,QC_SOP_033,1
suitability,QC_SOP_033,1
quarantine,QC_SOP_033,1
contamination,QC_SOP_033,1
uncontrolled,QC_SOP_033,1
traceability,QC_SOP_033,1
sterilization,QC_SOP_033,1
references,QC_SOP_033,1
burden,QC_SOP_033,1
caused,QC_SOP_033,1
rejected,QC_SOP_033,1
worksheet,QC_SOP_033,1
acceptance,QC_SOP_033,1
method,QC_SOP_033,1
release,QC_SOP_033,1
forceps,QC_SOP_033,1
environmental,QC_SOP_033,1
repeated,QC_SOP_033,1
areas,QC_SOP_033,1
moisture,QC_SOP_033,1
depyrogenation,QC_SOP_033,1
documented,QC_SOP_033,1
inspection,QC_SOP_033,1
studies,QC_SOP_033,1
unusual,QC_SOP_033,1
visual,QC_SOP_033,1
broken,QC_SOP_033,1
perform,QC_SOP_033,1
suggesting,QC_SOP_033,1
intended,QC_SOP_033,1
media,QC_SOP_033,1
pipette,QC_SOP_033,1
verification,QC_SOP_033,1
microbiology,QC_SOP_033,1
controlled,QC_SOP_033,1
compromised,QC_SOP_033,1
accessory,QC_SOP_033,1
documentation,QC_SOP_033,1
assessment,QC_SOP_033,1
membrane,QC_SOP_033,1
damage,QC_SOP_033,1
required,QC_SOP_033,1
pattern,QC_SOP_033,1
verified,QC_SOP_033,1
store,QC_SOP_033,1
intact,QC_SOP_033,1
endotoxin,QC_SOP_033,1
glassware,QC_SOP_033,1
including,QC_SOP_033,1
laboratory,QC_SOP_033,1
complete,QC_SOP_033,1
approved,QC_SOP_033,1
sampling,QC_SOP_033,1
material,QC_SOP_033,1
segregated,QC_SOP_033,1
supplier,QC_SOP_033,1
title,QC_SOP_033,1
unverified,QC_SOP_033,1
seals,QC_SOP_033,1
exposure,QC_SOP_033,1
outcomes,QC_SOP_033,1
controls,QC_SOP_033,1
session,QC_SOP_033,1
packaging,QC_SOP_033,1
activities,QC_SOP_033,1
unsuitable,QC_SOP_033,1
during,QC_SOP_033,1
sample,QC_SOP_033,1
traceable,QC_SOP_033,1
avoid,QC_SOP_033,1
receipt,QC_SOP_033,1
sterile,QC_SOP_033,1
until,QC_SOP_033,1
sterility,QC_SOP_033,1
minimizing,QC_SOP_033,1
opened,QC_SOP_033,1
representative,QC_SOP_033,1
positive,QC_SOP_033,1
items,QC_SOP_033,1
procedure,QC_SOP_033,1
particulate,QC_SOP_033,1
validated,QC_SOP_033,1
protect,QC_SOP_033,1
qualification,QC_SOP_033,1
tubing,QC_SOP_033,1
packs,QC_SOP_033,1
ingress,QC_SOP_033,1
positivity,QC_SOP_033,1
filtration,QC_SOP_033,1
consumables,QC_SOP_033,1
suspect,QC_SOP_033,1
bacterial,QC_SOP_033,1
review,QC_SOP_033,1
negative,QC_SOP_033,1
incoming,QC_SOP_033,1
interpretation,QC_SOP_034,1
result,QC_SOP_034,1
inconsistency,QC_SOP_034,1
control,QC_SOP_034,1
prevent,QC_SOP_034,1
medium,QC_SOP_034,1
permitted,QC_SOP_034,1
inspect,QC_SOP_034,1
scope,QC_SOP_034,1
without,QC_SOP_034,1
background,QC_SOP_034,1
conduct,QC_SOP_034,1
confirmatory,QC_SOP_034,1
against,QC_SOP_034,1
where,QC_SOP_034,1
purpose,QC_SOP_034,1
applicable,QC_SOP_034,1
excursions,QC_SOP_034,1
history,QC_SOP_034,1
incubation,QC_SOP_034,1
criteria,QC_SOP_034,1
filament,QC_SOP_034,1
which,QC_SOP_034,1
period,QC_SOP_034,1
tests,QC_SOP_034,1
references,QC_SOP_034,1
closing,QC_SOP_034,1
acceptance,QC_SOP_034,1
investigated,QC_SOP_034,1
subtle,QC_SOP_034,1
late-appearing,QC_SOP_034,1
observation,QC_SOP_034,1
technique,QC_SOP_034,1
environmental,QC_SOP_034,1
prior,QC_SOP_034,1
instruction,QC_SOP_034,1
scientific,QC_SOP_034,1
associated,QC_SOP_034,1
sediment,QC_SOP_034,1
source,QC_SOP_034,1
documented,QC_SOP_034,1
standardize,QC_SOP_034,1
remains,QC_SOP_034,1
between,QC_SOP_034,1
consistent,QC_SOP_034,1
uncertain,QC_SOP_034,1
cloudiness,QC_SOP_034,1
disrupt,QC_SOP_034,1
visible,QC_SOP_034,1
approval,QC_SOP_034,1
final,QC_SOP_034,1
delayed,QC_SOP_034,1
turbidity,QC_SOP_034,1
suspected,QC_SOP_034,1
dismissed,QC_SOP_034,1
growth,QC_SOP_034,1
origin,QC_SOP_034,1
calls,QC_SOP_034,1
event,QC_SOP_034,1
based,QC_SOP_034,1
approved,QC_SOP_034,1
escalate,QC_SOP_034,1
recorded,QC_SOP_034,1
daily,QC_SOP_034,1
findings,QC_SOP_034,1
agitate,QC_SOP_034,1
title,QC_SOP_034,1
change,QC_SOP_034,1
using,QC_SOP_034,1
uninoculated,QC_SOP_034,1
improve,QC_SOP_034,1
gently,QC_SOP_034,1
after,QC_SOP_034,1
supervisory,QC_SOP_034,1
reporting,QC_SOP_034,1
subculture,QC_SOP_034,1
events,QC_SOP_034,1
needed,QC_SOP_034,1
whether,QC_SOP_034,1
sample,QC_SOP_034,1
light,QC_SOP_034,1
avoid,QC_SOP_034,1
microscopic,QC_SOP_034,1
compare,QC_SOP_034,1
detection,QC_SOP_034,1
reducing,QC_SOP_034,1
suggestive,QC_SOP_034,1
until,QC_SOP_034,1
sterility,QC_SOP_034,1
ambiguous,QC_SOP_034,1
observed,QC_SOP_034,1
procedure,QC_SOP_034,1
first,QC_SOP_034,1
record,QC_SOP_034,1
examination,QC_SOP_034,1
faint,QC_SOP_034,1
inconsistent,QC_SOP_034,1
extended,QC_SOP_034,1
possible,QC_SOP_034,1
observations,QC_SOP_034,1
aliquot,QC_SOP_034,1
assessed,QC_SOP_034,1
vessels,QC_SOP_034,1
formally,QC_SOP_034,1
ensuring,QC_SOP_034,1
analysts,QC_SOP_034,1
review,QC_SOP_034,1
negative,QC_SOP_034,1
safety,QC_SOP_035,1
evaluation,QC_SOP_035,1
control,QC_SOP_035,1
testing,QC_SOP_035,1
scope,QC_SOP_035,1
without,QC_SOP_035,1
gram-negative,QC_SOP_035,1
substances,QC_SOP_035,1
define,QC_SOP_035,1
recovered,QC_SOP_035,1
appropriate,QC_SOP_035,1
microbial,QC_SOP_035,1
flora,QC_SOP_035,1
non-objectionable,QC_SOP_035,1
explicitly,QC_SOP_035,1
process,QC_SOP_035,1
relevance,QC_SOP_035,1
other,QC_SOP_035,1
where,QC_SOP_035,1
purpose,QC_SOP_035,1
applicable,QC_SOP_035,1
routine,QC_SOP_035,1
criteria,QC_SOP_035,1
finished,QC_SOP_035,1
references,QC_SOP_035,1
tested,QC_SOP_035,1
count,QC_SOP_035,1
records,QC_SOP_035,1
organism,QC_SOP_035,1
acceptance,QC_SOP_035,1
characteristics,QC_SOP_035,1
determine,QC_SOP_035,1
waterborne,QC_SOP_035,1
method,QC_SOP_035,1
assess,QC_SOP_035,1
environmental,QC_SOP_035,1
repeated,QC_SOP_035,1
prior,QC_SOP_035,1
excipients,QC_SOP_035,1
interpreted,QC_SOP_035,1
objectionability,QC_SOP_035,1
scientific,QC_SOP_035,1
recovery,QC_SOP_035,1
occurs,QC_SOP_035,1
level,QC_SOP_035,1
source,QC_SOP_035,1
isolate,QC_SOP_035,1
documented,QC_SOP_035,1
compendial,QC_SOP_035,1
quality,QC_SOP_035,1
perform,QC_SOP_035,1
document,QC_SOP_035,1
requiring,QC_SOP_035,1
product,QC_SOP_035,1
microbiology,QC_SOP_035,1
according,QC_SOP_035,1
spore-formers,QC_SOP_035,1
assessment,QC_SOP_035,1
required,QC_SOP_035,1
objectionable,QC_SOP_035,1
laboratory,QC_SOP_035,1
activity,QC_SOP_035,1
concerning,QC_SOP_035,1
justification,QC_SOP_035,1
potential,QC_SOP_035,1
cross-functional,QC_SOP_035,1
approved,QC_SOP_035,1
escalate,QC_SOP_035,1
material,QC_SOP_035,1
findings,QC_SOP_035,1
patient,QC_SOP_035,1
title,QC_SOP_035,1
administration,QC_SOP_035,1
system,QC_SOP_035,1
whenever,QC_SOP_035,1
using,QC_SOP_035,1
water,QC_SOP_035,1
compliance,QC_SOP_035,1
products,QC_SOP_035,1
formulation,QC_SOP_035,1
limits,QC_SOP_035,1
deviation,QC_SOP_035,1
further,QC_SOP_035,1
taxonomic,QC_SOP_035,1
route,QC_SOP_035,1
identify,QC_SOP_035,1
microorganisms,QC_SOP_035,1
whether,QC_SOP_035,1
during,QC_SOP_035,1
organisms,QC_SOP_035,1
absent,QC_SOP_035,1
compare,QC_SOP_035,1
specified,QC_SOP_035,1
concerns,QC_SOP_035,1
listed,QC_SOP_035,1
non-sterile,QC_SOP_035,1
excluded,QC_SOP_035,1
monitoring,QC_SOP_035,1
procedure,QC_SOP_035,1
identification,QC_SOP_035,1
enumeration,QC_SOP_035,1
specification,QC_SOP_035,1
cannot,QC_SOP_035,1
validated,QC_SOP_035,1
preservative,QC_SOP_035,1
atypical,QC_SOP_035,1
methods,QC_SOP_035,1
classification,QC_SOP_035,1
review,QC_SOP_035,1
authorization,QC_SOP_036,1
suitable,QC_SOP_036,1
linked,QC_SOP_036,1
investigations,QC_SOP_036,1
performed,QC_SOP_036,1
prevent,QC_SOP_036,1
describe,QC_SOP_036,1
challenge,QC_SOP_036,1
permitted,QC_SOP_036,1
batch,QC_SOP_036,1
disposition,QC_SOP_036,1
testing,QC_SOP_036,1
scope,QC_SOP_036,1
unique,QC_SOP_036,1
status,QC_SOP_036,1
recovered,QC_SOP_036,1
confirmatory,QC_SOP_036,1
appropriate,QC_SOP_036,1
archive,QC_SOP_036,1
where,QC_SOP_036,1
purpose,QC_SOP_036,1
applicable,QC_SOP_036,1
retention,QC_SOP_036,1
cross-contamination,QC_SOP_036,1
culture,QC_SOP_036,1
investigator,QC_SOP_036,1
criteria,QC_SOP_036,1
labeled,QC_SOP_036,1
confirmation,QC_SOP_036,1
period,QC_SOP_036,1
tests,QC_SOP_036,1
references,QC_SOP_036,1
cause,QC_SOP_036,1
organism,QC_SOP_036,1
acceptance,QC_SOP_036,1
contaminated,QC_SOP_036,1
viable,QC_SOP_036,1
environmental,QC_SOP_036,1
viability,QC_SOP_036,1
prepare,QC_SOP_036,1
remain,QC_SOP_036,1
associated,QC_SOP_036,1
conditions,QC_SOP_036,1
studies,QC_SOP_036,1
subcultures,QC_SOP_036,1
product-impacting,QC_SOP_036,1
document,QC_SOP_036,1
premature,QC_SOP_036,1
investigation,QC_SOP_036,1
original,QC_SOP_036,1
media,QC_SOP_036,1
analyst,QC_SOP_036,1
assessment,QC_SOP_036,1
retained,QC_SOP_036,1
required,QC_SOP_036,1
store,QC_SOP_036,1
destruction,QC_SOP_036,1
repeat,QC_SOP_036,1
isolates,QC_SOP_036,1
disposal,QC_SOP_036,1
approved,QC_SOP_036,1
segregated,QC_SOP_036,1
title,QC_SOP_036,1
using,QC_SOP_036,1
retrievable,QC_SOP_036,1
after,QC_SOP_036,1
controls,QC_SOP_036,1
needed,QC_SOP_036,1
activities,QC_SOP_036,1
identity,QC_SOP_036,1
assign,QC_SOP_036,1
microorganisms,QC_SOP_036,1
during,QC_SOP_036,1
sample,QC_SOP_036,1
maintain,QC_SOP_036,1
detection,QC_SOP_036,1
subsequent,QC_SOP_036,1
completion,QC_SOP_036,1
sterility,QC_SOP_036,1
archival,QC_SOP_036,1
numbers,QC_SOP_036,1
cultures,QC_SOP_036,1
genotypic,QC_SOP_036,1
failures,QC_SOP_036,1
monitoring,QC_SOP_036,1
dispose,QC_SOP_036,1
procedure,QC_SOP_036,1
identification,QC_SOP_036,1
additional,QC_SOP_036,1
justified,QC_SOP_036,1
label,QC_SOP_036,1
record,QC_SOP_036,1
extended,QC_SOP_036,1
storage,QC_SOP_036,1
comparison,QC_SOP_036,1
qualification,QC_SOP_036,1
properly,QC_SOP_036,1
related,QC_SOP_036,1
working,QC_SOP_036,1
review,QC_SOP_036,1
closure,QC_SOP_036,1
before,QC_SOP_037,1
control,QC_SOP_037,1
sequence,QC_SOP_037,1
challenge,QC_SOP_037,1
permitted,QC_SOP_037,1
testing,QC_SOP_037,1
execute,QC_SOP_037,1
scope,QC_SOP_037,1
inactivity,QC_SOP_037,1
status,QC_SOP_037,1
fingertip,QC_SOP_037,1
response,QC_SOP_037,1
process,QC_SOP_037,1
prevention,QC_SOP_037,1
retraining,QC_SOP_037,1
purpose,QC_SOP_037,1
applicable,QC_SOP_037,1
aseptic,QC_SOP_037,1
transfer,QC_SOP_037,1
procedural,QC_SOP_037,1
immediately,QC_SOP_037,1
routine,QC_SOP_037,1
incubation,QC_SOP_037,1
criteria,QC_SOP_037,1
contamination,QC_SOP_037,1
filter,QC_SOP_037,1
references,QC_SOP_037,1
records,QC_SOP_037,1
post-deviation,QC_SOP_037,1
acceptance,QC_SOP_037,1
require,QC_SOP_037,1
assess,QC_SOP_037,1
technique,QC_SOP_037,1
contaminated,QC_SOP_037,1
annex,QC_SOP_037,1
touch,QC_SOP_037,1
environmental,QC_SOP_037,1
airflow,QC_SOP_037,1
initial,QC_SOP_037,1
entry,QC_SOP_037,1
personnel,QC_SOP_037,1
error,QC_SOP_037,1
practical,QC_SOP_037,1
remain,QC_SOP_037,1
conditions,QC_SOP_037,1
unusual,QC_SOP_037,1
results,QC_SOP_037,1
critical,QC_SOP_037,1
product,QC_SOP_037,1
media,QC_SOP_037,1
incomplete,QC_SOP_037,1
analyst,QC_SOP_037,1
observe,QC_SOP_037,1
steps,QC_SOP_037,1
gowning,QC_SOP_037,1
prolonged,QC_SOP_037,1
documentation,QC_SOP_037,1
membrane,QC_SOP_037,1
sanitization,QC_SOP_037,1
blocking,QC_SOP_037,1
capability,QC_SOP_037,1
requalification,QC_SOP_037,1
growth,QC_SOP_037,1
through,QC_SOP_037,1
including,QC_SOP_037,1
training,QC_SOP_037,1
collected,QC_SOP_037,1
clearance,QC_SOP_037,1
repeat,QC_SOP_037,1
setup,QC_SOP_037,1
sampling,QC_SOP_037,1
approved,QC_SOP_037,1
material,QC_SOP_037,1
qualify,QC_SOP_037,1
units,QC_SOP_037,1
title,QC_SOP_037,1
hands-on,QC_SOP_037,1
using,QC_SOP_037,1
compliance,QC_SOP_037,1
under,QC_SOP_037,1
after,QC_SOP_037,1
handling,QC_SOP_037,1
annual,QC_SOP_037,1
controls,QC_SOP_037,1
events,QC_SOP_037,1
authorized,QC_SOP_037,1
place,QC_SOP_037,1
glove,QC_SOP_037,1
activities,QC_SOP_037,1
exercise,QC_SOP_037,1
during,QC_SOP_037,1
assembly,QC_SOP_037,1
performing,QC_SOP_037,1
sterile,QC_SOP_037,1
workflow,QC_SOP_037,1
sterility,QC_SOP_037,1
sustained,QC_SOP_037,1
simulate,QC_SOP_037,1
observed,QC_SOP_037,1
behavior,QC_SOP_037,1
monitoring,QC_SOP_037,1
procedure,QC_SOP_037,1
simulation,QC_SOP_037,1
manipulation,QC_SOP_037,1
exercises,QC_SOP_037,1
demonstrate,QC_SOP_037,1
qualification,QC_SOP_037,1
incubate,QC_SOP_037,1
transfers,QC_SOP_037,1
analysts,QC_SOP_037,1
manipulations,QC_SOP_037,1
review,QC_SOP_037,1
negative,QC_SOP_037,1
breaches,QC_SOP_037,1
periodic,QC_SOP_038,1
before,QC_SOP_038,1
typically,QC_SOP_038,1
samples,QC_SOP_038,1
performance,QC_SOP_038,1
sequence,QC_SOP_038,1
challenge,QC_SOP_038,1
testing,QC_SOP_038,1
scope,QC_SOP_038,1
instructions,QC_SOP_038,1
define,QC_SOP_038,1
status,QC_SOP_038,1
process,QC_SOP_038,1
across,QC_SOP_038,1
container,QC_SOP_038,1
purpose,QC_SOP_038,1
applicable,QC_SOP_038,1
routine,QC_SOP_038,1
criteria,QC_SOP_038,1
suitability,QC_SOP_038,1
period,QC_SOP_038,1
references,QC_SOP_038,1
criterion,QC_SOP_038,1
low-level,QC_SOP_038,1
spike,QC_SOP_038,1
acceptance,QC_SOP_038,1
condition,QC_SOP_038,1
method,QC_SOP_038,1
major,QC_SOP_038,1
prior,QC_SOP_038,1
maximum,QC_SOP_038,1
standard,QC_SOP_038,1
microorganism,QC_SOP_038,1
recovery,QC_SOP_038,1
introduction,QC_SOP_038,1
product-specific,QC_SOP_038,1
conditions,QC_SOP_038,1
studies,QC_SOP_038,1
rinse,QC_SOP_038,1
operational,QC_SOP_038,1
perform,QC_SOP_038,1
document,QC_SOP_038,1
incorporated,QC_SOP_038,1
excursion,QC_SOP_038,1
product,QC_SOP_038,1
according,QC_SOP_038,1
properties,QC_SOP_038,1
prolonged,QC_SOP_038,1
antimicrobial,QC_SOP_038,1
current,QC_SOP_038,1
delayed,QC_SOP_038,1
membrane,QC_SOP_038,1
inoculation,QC_SOP_038,1
revise,QC_SOP_038,1
delays,QC_SOP_038,1
protocol,QC_SOP_038,1
relative,QC_SOP_038,1
including,QC_SOP_038,1
hold-time,QC_SOP_038,1
analysis,QC_SOP_038,1
reassessment,QC_SOP_038,1
approved,QC_SOP_038,1
sampling,QC_SOP_038,1
equivalent,QC_SOP_038,1
survival,QC_SOP_038,1
title,QC_SOP_038,1
change,QC_SOP_038,1
using,QC_SOP_038,1
detectability,QC_SOP_038,1
logistics,QC_SOP_038,1
reflects,QC_SOP_038,1
under,QC_SOP_038,1
handling,QC_SOP_038,1
exposure,QC_SOP_038,1
products,QC_SOP_038,1
formulation,QC_SOP_038,1
worst-case,QC_SOP_038,1
evaluate,QC_SOP_038,1
identify,QC_SOP_038,1
whether,QC_SOP_038,1
organisms,QC_SOP_038,1
sample,QC_SOP_038,1
during,QC_SOP_038,1
reduces,QC_SOP_038,1
predefined,QC_SOP_038,1
compare,QC_SOP_038,1
sterility,QC_SOP_038,1
representative,QC_SOP_038,1
transport,QC_SOP_038,1
temperature,QC_SOP_038,1
maintained,QC_SOP_038,1
procedure,QC_SOP_038,1
justified,QC_SOP_038,1
cannot,QC_SOP_038,1
validated,QC_SOP_038,1
preservative,QC_SOP_038,1
select,QC_SOP_038,1
extended,QC_SOP_038,1
storage,QC_SOP_038,1
immediate,QC_SOP_038,1
filtration,QC_SOP_038,1
points,QC_SOP_038,1
direct,QC_SOP_038,1
review,QC_SOP_038,1
influence,QC_SOP_038,1
closure,QC_SOP_038,1
investigations,QC_SOP_039,1
beyond,QC_SOP_039,1
control,QC_SOP_039,1
reduce,QC_SOP_039,1
unknown,QC_SOP_039,1
equipment,QC_SOP_039,1
redesign,QC_SOP_039,1
testing,QC_SOP_039,1
scope,QC_SOP_039,1
blank,QC_SOP_039,1
define,QC_SOP_039,1
recovered,QC_SOP_039,1
emerging,QC_SOP_039,1
microbial,QC_SOP_039,1
trend,QC_SOP_039,1
completed,QC_SOP_039,1
across,QC_SOP_039,1
retraining,QC_SOP_039,1
cleaning,QC_SOP_039,1
where,QC_SOP_039,1
purpose,QC_SOP_039,1
applicable,QC_SOP_039,1
relevant,QC_SOP_039,1
excursions,QC_SOP_039,1
aseptic,QC_SOP_039,1
consumable,QC_SOP_039,1
transfer,QC_SOP_039,1
formal,QC_SOP_039,1
detect,QC_SOP_039,1
criteria,QC_SOP_039,1
contamination,QC_SOP_039,1
refresh,QC_SOP_039,1
references,QC_SOP_039,1
cause,QC_SOP_039,1
records,QC_SOP_039,1
organism,QC_SOP_039,1
trending,QC_SOP_039,1
acceptance,QC_SOP_039,1
require,QC_SOP_039,1
method,QC_SOP_039,1
observation,QC_SOP_039,1
contaminated,QC_SOP_039,1
environmental,QC_SOP_039,1
repeated,QC_SOP_039,1
error,QC_SOP_039,1
clusters,QC_SOP_039,1
periodically,QC_SOP_039,1
close,QC_SOP_039,1
source,QC_SOP_039,1
threshold,QC_SOP_039,1
checks,QC_SOP_039,1
compendial,QC_SOP_039,1
interventions,QC_SOP_039,1
alert,QC_SOP_039,1
media,QC_SOP_039,1
analyst,QC_SOP_039,1
visible,QC_SOP_039,1
microbiology,QC_SOP_039,1
verify,QC_SOP_039,1
actions,QC_SOP_039,1
follow-up,QC_SOP_039,1
effectiveness,QC_SOP_039,1
quarterly,QC_SOP_039,1
clustered,QC_SOP_039,1
endotoxin,QC_SOP_039,1
alone,QC_SOP_039,1
including,QC_SOP_039,1
laboratory,QC_SOP_039,1
recurrence,QC_SOP_039,1
event,QC_SOP_039,1
escalate,QC_SOP_039,1
material,QC_SOP_039,1
incidents,QC_SOP_039,1
isolated,QC_SOP_039,1
title,QC_SOP_039,1
probable,QC_SOP_039,1
targeted,QC_SOP_039,1
incubator,QC_SOP_039,1
using,QC_SOP_039,1
defined,QC_SOP_039,1
handling,QC_SOP_039,1
limits,QC_SOP_039,1
frequencies,QC_SOP_039,1
replacement,QC_SOP_039,1
controls,QC_SOP_039,1
events,QC_SOP_039,1
corrective,QC_SOP_039,1
activities,QC_SOP_039,1
identify,QC_SOP_039,1
categorize,QC_SOP_039,1
identity,QC_SOP_039,1
whether,QC_SOP_039,1
present,QC_SOP_039,1
compare,QC_SOP_039,1
changes,QC_SOP_039,1
sterility,QC_SOP_039,1
order,QC_SOP_039,1
interval,QC_SOP_039,1
monthly,QC_SOP_039,1
management,QC_SOP_039,1
monitoring,QC_SOP_039,1
individual,QC_SOP_039,1
procedure,QC_SOP_039,1
enumeration,QC_SOP_039,1
trends,QC_SOP_039,1
assays,QC_SOP_039,1
qualification,QC_SOP_039,1
practices,QC_SOP_039,1
disturbance,QC_SOP_039,1
enhanced,QC_SOP_039,1
review,QC_SOP_039,1
negative,QC_SOP_039,1
bioburden,QC_SOP_039,1
interpretation,QC_SOP_040,1
before,QC_SOP_040,1
authorization,QC_SOP_040,1
suitable,QC_SOP_040,1
samples,QC_SOP_040,1
result,QC_SOP_040,1
failure,QC_SOP_040,1
testing,QC_SOP_040,1
scope,QC_SOP_040,1
without,QC_SOP_040,1
define,QC_SOP_040,1
status,QC_SOP_040,1
recovered,QC_SOP_040,1
confirmatory,QC_SOP_040,1
microbial,QC_SOP_040,1
version,QC_SOP_040,1
where,QC_SOP_040,1
orthogonal,QC_SOP_040,1
purpose,QC_SOP_040,1
applicable,QC_SOP_040,1
database,QC_SOP_040,1
relevant,QC_SOP_040,1
confidence,QC_SOP_040,1
procedural,QC_SOP_040,1
criteria,QC_SOP_040,1
confirmation,QC_SOP_040,1
period,QC_SOP_040,1
references,QC_SOP_040,1
organism,QC_SOP_040,1
grown,QC_SOP_040,1
acceptance,QC_SOP_040,1
require,QC_SOP_040,1
characterization,QC_SOP_040,1
method,QC_SOP_040,1
contaminated,QC_SOP_040,1
environmental,QC_SOP_040,1
prior,QC_SOP_040,1
borderline,QC_SOP_040,1
personnel,QC_SOP_040,1
rapid,QC_SOP_040,1
sufficiently,QC_SOP_040,1
timely,QC_SOP_040,1
match,QC_SOP_040,1
scientific,QC_SOP_040,1
recovery,QC_SOP_040,1
associated,QC_SOP_040,1
timing,QC_SOP_040,1
conditions,QC_SOP_040,1
isolate,QC_SOP_040,1
consideration,QC_SOP_040,1
overinterpreting,QC_SOP_040,1
perform,QC_SOP_040,1
requiring,QC_SOP_040,1
noted,QC_SOP_040,1
uncertain,QC_SOP_040,1
investigation,QC_SOP_040,1
accelerate,QC_SOP_040,1
batch-impact,QC_SOP_040,1
verify,QC_SOP_040,1
controlled,QC_SOP_040,1
current,QC_SOP_040,1
documentation,QC_SOP_040,1
final,QC_SOP_040,1
official,QC_SOP_040,1
similarity,QC_SOP_040,1
integrity,QC_SOP_040,1
analysis,QC_SOP_040,1
library,QC_SOP_040,1
limitations,QC_SOP_040,1
isolates,QC_SOP_040,1
approved,QC_SOP_040,1
sampling,QC_SOP_040,1
assessments,QC_SOP_040,1
system,QC_SOP_040,1
title,QC_SOP_040,1
reviewable,QC_SOP_040,1
using,QC_SOP_040,1
instrument,QC_SOP_040,1
under,QC_SOP_040,1
after,QC_SOP_040,1
confirm,QC_SOP_040,1
controls,QC_SOP_040,1
analyze,QC_SOP_040,1
during,QC_SOP_040,1
traceable,QC_SOP_040,1
avoid,QC_SOP_040,1
selected,QC_SOP_040,1
compare,QC_SOP_040,1
sterility,QC_SOP_040,1
compromising,QC_SOP_040,1
location,QC_SOP_040,1
indicated,QC_SOP_040,1
attribution,QC_SOP_040,1
monitoring,QC_SOP_040,1
procedure,QC_SOP_040,1
identification,QC_SOP_040,1
context,QC_SOP_040,1
record,QC_SOP_040,1
include,QC_SOP_040,1
comparison,QC_SOP_040,1
qualification,QC_SOP_040,1
supplemental,QC_SOP_040,1
operator,QC_SOP_040,1
patterns,QC_SOP_040,1
score,QC_SOP_040,1
review,QC_SOP_040,1
matches,QC_SOP_040,1
platform,QC_SOP_040,1
technologies,QC_SOP_040,1
conventional,QC_SOP_040,1
interpretation,QC_SOP_041,1
capacity,QC_SOP_041,1
investigations,QC_SOP_041,1
result,QC_SOP_041,1
unqualified,QC_SOP_041,1
control,QC_SOP_041,1
vents,QC_SOP_041,1
placement,QC_SOP_041,1
medium,QC_SOP_041,1
affect,QC_SOP_041,1
permitted,QC_SOP_041,1
unassessed,QC_SOP_041,1
mapped,QC_SOP_041,1
testing,QC_SOP_041,1
arrangement,QC_SOP_041,1
scope,QC_SOP_041,1
allow,QC_SOP_041,1
walls,QC_SOP_041,1
zones,QC_SOP_041,1
number,QC_SOP_041,1
affected,QC_SOP_041,1
against,QC_SOP_041,1
purpose,QC_SOP_041,1
applicable,QC_SOP_041,1
incubation,QC_SOP_041,1
routine,QC_SOP_041,1
criteria,QC_SOP_041,1
contamination,QC_SOP_041,1
tests,QC_SOP_041,1
references,QC_SOP_041,1
difficulty,QC_SOP_041,1
acceptance,QC_SOP_041,1
relocation,QC_SOP_041,1
assess,QC_SOP_041,1
observation,QC_SOP_041,1
circulation,QC_SOP_041,1
annex,QC_SOP_041,1
airflow,QC_SOP_041,1
repeated,QC_SOP_041,1
localized,QC_SOP_041,1
comply,QC_SOP_041,1
maximum,QC_SOP_041,1
spacing,QC_SOP_041,1
microorganism,QC_SOP_041,1
incubators,QC_SOP_041,1
promotion,QC_SOP_041,1
recovery,QC_SOP_041,1
occurs,QC_SOP_041,1
reevaluate,QC_SOP_041,1
known,QC_SOP_041,1
inspection,QC_SOP_041,1
studies,QC_SOP_041,1
visual,QC_SOP_041,1
blocked,QC_SOP_041,1
results,QC_SOP_041,1
investigation,QC_SOP_041,1
excursion,QC_SOP_041,1
product,QC_SOP_041,1
media,QC_SOP_041,1
according,QC_SOP_041,1
turbidity,QC_SOP_041,1
within,QC_SOP_041,1
segregate,QC_SOP_041,1
growth,QC_SOP_041,1
sufficient,QC_SOP_041,1
showing,QC_SOP_041,1
vessel,QC_SOP_041,1
unobstructed,QC_SOP_041,1
potential,QC_SOP_041,1
approved,QC_SOP_041,1
title,QC_SOP_041,1
placing,QC_SOP_041,1
incubator,QC_SOP_041,1
maintenance,QC_SOP_041,1
after,QC_SOP_041,1
reportable,QC_SOP_041,1
shelf,QC_SOP_041,1
deviation,QC_SOP_041,1
session,QC_SOP_041,1
place,QC_SOP_041,1
ensure,QC_SOP_041,1
overload,QC_SOP_041,1
qualified,QC_SOP_041,1
avoid,QC_SOP_041,1
directly,QC_SOP_041,1
sterility,QC_SOP_041,1
mapping,QC_SOP_041,1
location,QC_SOP_041,1
temperature,QC_SOP_041,1
positive,QC_SOP_041,1
cultures,QC_SOP_041,1
chamber,QC_SOP_041,1
monitoring,QC_SOP_041,1
procedure,QC_SOP_041,1
additional,QC_SOP_041,1
record,QC_SOP_041,1
create,QC_SOP_041,1
imbalance,QC_SOP_041,1
related,QC_SOP_041,1
vessels,QC_SOP_041,1
points,QC_SOP_041,1
invalidation,QC_SOP_041,1
scenarios,QC_SOP_042,1
samples,QC_SOP_042,1
compatibility,QC_SOP_042,1
unqualified,QC_SOP_042,1
control,QC_SOP_042,1
challenge,QC_SOP_042,1
containers,QC_SOP_042,1
testing,QC_SOP_042,1
transit,QC_SOP_042,1
scope,QC_SOP_042,1
instructions,QC_SOP_042,1
operating,QC_SOP_042,1
labeling,QC_SOP_042,1
custody,QC_SOP_042,1
internal,QC_SOP_042,1
where,QC_SOP_042,1
chain,QC_SOP_042,1
container,QC_SOP_042,1
purpose,QC_SOP_042,1
applicable,QC_SOP_042,1
single-use,QC_SOP_042,1
aseptic,QC_SOP_042,1
transfer,QC_SOP_042,1
routine,QC_SOP_042,1
criteria,QC_SOP_042,1
suitability,QC_SOP_042,1
contamination,QC_SOP_042,1
finished,QC_SOP_042,1
references,QC_SOP_042,1
labels,QC_SOP_042,1
acceptance,QC_SOP_042,1
condition,QC_SOP_042,1
failed,QC_SOP_042,1
assess,QC_SOP_042,1
design,QC_SOP_042,1
repeated,QC_SOP_042,1
environmental,QC_SOP_042,1
profile,QC_SOP_042,1
staff,QC_SOP_042,1
remain,QC_SOP_042,1
conditions,QC_SOP_042,1
detachment,QC_SOP_042,1
between,QC_SOP_042,1
forms,QC_SOP_042,1
product,QC_SOP_042,1
manufacturing,QC_SOP_042,1
microbiology,QC_SOP_042,1
verify,QC_SOP_042,1
approve,QC_SOP_042,1
temperature-controlled,QC_SOP_042,1
required,QC_SOP_042,1
vibration,QC_SOP_042,1
integrity,QC_SOP_042,1
intact,QC_SOP_042,1
prevents,QC_SOP_042,1
reusable,QC_SOP_042,1
closures,QC_SOP_042,1
through,QC_SOP_042,1
including,QC_SOP_042,1
laboratory,QC_SOP_042,1
duration,QC_SOP_042,1
based,QC_SOP_042,1
equivalent,QC_SOP_042,1
sampling,QC_SOP_042,1
qualify,QC_SOP_042,1
units,QC_SOP_042,1
title,QC_SOP_042,1
opening,QC_SOP_042,1
seals,QC_SOP_042,1
defined,QC_SOP_042,1
under,QC_SOP_042,1
after,QC_SOP_042,1
exposure,QC_SOP_042,1
delay,QC_SOP_042,1
worst-case,QC_SOP_042,1
confirm,QC_SOP_042,1
controls,QC_SOP_042,1
disinfection,QC_SOP_042,1
route,QC_SOP_042,1
protects,QC_SOP_042,1
sample,QC_SOP_042,1
tamper-evident,QC_SOP_042,1
maintain,QC_SOP_042,1
cleanability,QC_SOP_042,1
qualified,QC_SOP_042,1
sterile,QC_SOP_042,1
sterility,QC_SOP_042,1
smearing,QC_SOP_042,1
transport,QC_SOP_042,1
temperature,QC_SOP_042,1
maintained,QC_SOP_042,1
procedure,QC_SOP_042,1
throughout,QC_SOP_042,1
record,QC_SOP_042,1
select,QC_SOP_042,1
chain-of-custody,QC_SOP_042,1
qualification,QC_SOP_042,1
range,QC_SOP_042,1
format,QC_SOP_042,1
simulated,QC_SOP_042,1
expectations,QC_SOP_042,1
study,QC_SOP_042,1
direct,QC_SOP_042,1
review,QC_SOP_042,1
before,QC_SOP_043,1
initiate,QC_SOP_043,1
incubation-related,QC_SOP_043,1
control,QC_SOP_043,1
precipitate,QC_SOP_043,1
medium,QC_SOP_043,1
placement,QC_SOP_043,1
equipment,QC_SOP_043,1
testing,QC_SOP_043,1
questionable,QC_SOP_043,1
scope,QC_SOP_043,1
multiple,QC_SOP_043,1
without,QC_SOP_043,1
define,QC_SOP_043,1
preparer,QC_SOP_043,1
status,QC_SOP_043,1
detergent,QC_SOP_043,1
across,QC_SOP_043,1
affected,QC_SOP_043,1
where,QC_SOP_043,1
purpose,QC_SOP_043,1
applicable,QC_SOP_043,1
relevant,QC_SOP_043,1
excursions,QC_SOP_043,1
immediately,QC_SOP_043,1
likely,QC_SOP_043,1
criteria,QC_SOP_043,1
contamination,QC_SOP_043,1
period,QC_SOP_043,1
references,QC_SOP_043,1
low-level,QC_SOP_043,1
records,QC_SOP_043,1
mechanism,QC_SOP_043,1
acceptance,QC_SOP_043,1
exhibiting,QC_SOP_043,1
confirmed,QC_SOP_043,1
repeated,QC_SOP_043,1
environmental,QC_SOP_043,1
obvious,QC_SOP_043,1
differentiated,QC_SOP_043,1
promotion,QC_SOP_043,1
residues,QC_SOP_043,1
broader,QC_SOP_043,1
unexplained,QC_SOP_043,1
collect,QC_SOP_043,1
documented,QC_SOP_043,1
implement,QC_SOP_043,1
causes,QC_SOP_043,1
interventions,QC_SOP_043,1
rinse,QC_SOP_043,1
quality,QC_SOP_043,1
perform,QC_SOP_043,1
investigation,QC_SOP_043,1
media,QC_SOP_043,1
analyst,QC_SOP_043,1
indicate,QC_SOP_043,1
preparation,QC_SOP_043,1
turbidity,QC_SOP_043,1
autoclave,QC_SOP_043,1
actions,QC_SOP_043,1
pattern,QC_SOP_043,1
correlate,QC_SOP_043,1
growth,QC_SOP_043,1
available,QC_SOP_043,1
contributing,QC_SOP_043,1
glassware,QC_SOP_043,1
laboratory,QC_SOP_043,1
recurrence,QC_SOP_043,1
spans,QC_SOP_043,1
findings,QC_SOP_043,1
title,QC_SOP_043,1
incubator,QC_SOP_043,1
factors,QC_SOP_043,1
photographs,QC_SOP_043,1
distinguish,QC_SOP_043,1
water,QC_SOP_043,1
cycle,QC_SOP_043,1
latent,QC_SOP_043,1
maintenance,QC_SOP_043,1
after,QC_SOP_043,1
subculture,QC_SOP_043,1
controls,QC_SOP_043,1
common,QC_SOP_043,1
corrective,QC_SOP_043,1
recurrent,QC_SOP_043,1
identify,QC_SOP_043,1
sessions,QC_SOP_043,1
microscopic,QC_SOP_043,1
compare,QC_SOP_043,1
appearance,QC_SOP_043,1
sterility,QC_SOP_043,1
representative,QC_SOP_043,1
observed,QC_SOP_043,1
recurring,QC_SOP_043,1
monitoring,QC_SOP_043,1
procedure,QC_SOP_043,1
examination,QC_SOP_043,1
faint,QC_SOP_043,1
issues,QC_SOP_043,1
storage,QC_SOP_043,1
observations,QC_SOP_043,1
acceptable,QC_SOP_043,1
equipment-related,QC_SOP_043,1
artifact,QC_SOP_043,1
vessels,QC_SOP_043,1
review,QC_SOP_043,1
compatibility,QC_SOP_044,1
describe,QC_SOP_044,1
sequence,QC_SOP_044,1
challenge,QC_SOP_044,1
property,QC_SOP_044,1
studied,QC_SOP_044,1
inherently,QC_SOP_044,1
scope,QC_SOP_044,1
instructions,QC_SOP_044,1
microbial,QC_SOP_044,1
neutralizers,QC_SOP_044,1
number,QC_SOP_044,1
purpose,QC_SOP_044,1
applicable,QC_SOP_044,1
reflect,QC_SOP_044,1
criteria,QC_SOP_044,1
suitability,QC_SOP_044,1
contamination,QC_SOP_044,1
references,QC_SOP_044,1
neutralized,QC_SOP_044,1
inhibitory,QC_SOP_044,1
acceptance,QC_SOP_044,1
determine,QC_SOP_044,1
condition,QC_SOP_044,1
method,QC_SOP_044,1
selection,QC_SOP_044,1
microbiological,QC_SOP_044,1
profile,QC_SOP_044,1
prior,QC_SOP_044,1
prepare,QC_SOP_044,1
components,QC_SOP_044,1
residues,QC_SOP_044,1
recovery,QC_SOP_044,1
concentration,QC_SOP_044,1
product-specific,QC_SOP_044,1
conditions,QC_SOP_044,1
demonstrated,QC_SOP_044,1
studies,QC_SOP_044,1
remains,QC_SOP_044,1
while,QC_SOP_044,1
preservatives,QC_SOP_044,1
approach,QC_SOP_044,1
results,QC_SOP_044,1
rather,QC_SOP_044,1
inoculum,QC_SOP_044,1
product,QC_SOP_044,1
dilution,QC_SOP_044,1
manufacturing,QC_SOP_044,1
controlled,QC_SOP_044,1
antimicrobial,QC_SOP_044,1
addition,QC_SOP_044,1
contact,QC_SOP_044,1
membrane,QC_SOP_044,1
turbidity,QC_SOP_044,1
introduce,QC_SOP_044,1
required,QC_SOP_044,1
levels,QC_SOP_044,1
within,QC_SOP_044,1
revise,QC_SOP_044,1
alone,QC_SOP_044,1
neutralizing,QC_SOP_044,1
activity,QC_SOP_044,1
sampling,QC_SOP_044,1
comparing,QC_SOP_044,1
formulations,QC_SOP_044,1
non-neutralized,QC_SOP_044,1
title,QC_SOP_044,1
candidate,QC_SOP_044,1
alter,QC_SOP_044,1
using,QC_SOP_044,1
agents,QC_SOP_044,1
disinfectant,QC_SOP_044,1
neutralizer,QC_SOP_044,1
handling,QC_SOP_044,1
products,QC_SOP_044,1
chemical,QC_SOP_044,1
formulation,QC_SOP_044,1
limits,QC_SOP_044,1
confirm,QC_SOP_044,1
toxicity,QC_SOP_044,1
rinsing,QC_SOP_044,1
neutralization,QC_SOP_044,1
whether,QC_SOP_044,1
during,QC_SOP_044,1
organisms,QC_SOP_044,1
sample,QC_SOP_044,1
non-inhibitory,QC_SOP_044,1
excessive,QC_SOP_044,1
changes,QC_SOP_044,1
sterility,QC_SOP_044,1
procedure,QC_SOP_044,1
justified,QC_SOP_044,1
record,QC_SOP_044,1
validated,QC_SOP_044,1
select,QC_SOP_044,1
demonstrate,QC_SOP_044,1
acceptable,QC_SOP_044,1
interference,QC_SOP_044,1
involving,QC_SOP_044,1
ensuring,QC_SOP_044,1
review,QC_SOP_044,1
effect,QC_SOP_044,1
itself,QC_SOP_044,1
bioburden,QC_SOP_044,1
before,QC_SOP_045,1
capacity,QC_SOP_045,1
suitable,QC_SOP_045,1
samples,QC_SOP_045,1
result,QC_SOP_045,1
plating,QC_SOP_045,1
describe,QC_SOP_045,1
medium,QC_SOP_045,1
matrix,QC_SOP_045,1
diluent,QC_SOP_045,1
water-related,QC_SOP_045,1
depending,QC_SOP_045,1
testing,QC_SOP_045,1
counts,QC_SOP_045,1
target,QC_SOP_045,1
scope,QC_SOP_045,1
appropriate,QC_SOP_045,1
microbial,QC_SOP_045,1
trend,QC_SOP_045,1
calculate,QC_SOP_045,1
where,QC_SOP_045,1
against,QC_SOP_045,1
purpose,QC_SOP_045,1
applicable,QC_SOP_045,1
transfer,QC_SOP_045,1
criteria,QC_SOP_045,1
plate,QC_SOP_045,1
contamination,QC_SOP_045,1
filter,QC_SOP_045,1
traceability,QC_SOP_045,1
references,QC_SOP_045,1
intermediates,QC_SOP_045,1
inhibitory,QC_SOP_045,1
acceptance,QC_SOP_045,1
condition,QC_SOP_045,1
require,QC_SOP_045,1
standard,QC_SOP_045,1
filtration-based,QC_SOP_045,1
recovery,QC_SOP_045,1
remain,QC_SOP_045,1
product-specific,QC_SOP_045,1
conditions,QC_SOP_045,1
unusual,QC_SOP_045,1
rinse,QC_SOP_045,1
results,QC_SOP_045,1
interferes,QC_SOP_045,1
filtered,QC_SOP_045,1
intended,QC_SOP_045,1
product,QC_SOP_045,1
verify,QC_SOP_045,1
expected,QC_SOP_045,1
assessment,QC_SOP_045,1
membrane,QC_SOP_045,1
required,QC_SOP_045,1
integrity,QC_SOP_045,1
materials,QC_SOP_045,1
aqueous,QC_SOP_045,1
duration,QC_SOP_045,1
based,QC_SOP_045,1
approved,QC_SOP_045,1
sampling,QC_SOP_045,1
sensitive,QC_SOP_045,1
material,QC_SOP_045,1
blockage,QC_SOP_045,1
title,QC_SOP_045,1
volume,QC_SOP_045,1
invalid,QC_SOP_045,1
spread,QC_SOP_045,1
under,QC_SOP_045,1
handling,QC_SOP_045,1
colony,QC_SOP_045,1
limits,QC_SOP_045,1
purified,QC_SOP_045,1
evaluate,QC_SOP_045,1
controls,QC_SOP_045,1
fungal,QC_SOP_045,1
sample,QC_SOP_045,1
techniques,QC_SOP_045,1
selected,QC_SOP_045,1
excessive,QC_SOP_045,1
specified,QC_SOP_045,1
sterile,QC_SOP_045,1
selective,QC_SOP_045,1
assemble,QC_SOP_045,1
non-sterile,QC_SOP_045,1
insufficiently,QC_SOP_045,1
temperature,QC_SOP_045,1
procedure,QC_SOP_045,1
low-count,QC_SOP_045,1
remove,QC_SOP_045,1
enumeration,QC_SOP_045,1
specification,QC_SOP_045,1
validated,QC_SOP_045,1
record,QC_SOP_045,1
residue,QC_SOP_045,1
observations,QC_SOP_045,1
incubate,QC_SOP_045,1
point,QC_SOP_045,1
filtration,QC_SOP_045,1
apparatus,QC_SOP_045,1
bacterial,QC_SOP_045,1
direct,QC_SOP_045,1
bioburden,QC_SOP_045,1
before,QC_SOP_046,1
capacity,QC_SOP_046,1
samples,QC_SOP_046,1
investigations,QC_SOP_046,1
tasks,QC_SOP_046,1
re-sanitize,QC_SOP_046,1
linked,QC_SOP_046,1
false,QC_SOP_046,1
control,QC_SOP_046,1
reduce,QC_SOP_046,1
matrix,QC_SOP_046,1
sequence,QC_SOP_046,1
minimizes,QC_SOP_046,1
testing,QC_SOP_046,1
contributes,QC_SOP_046,1
scope,QC_SOP_046,1
multiple,QC_SOP_046,1
increase,QC_SOP_046,1
define,QC_SOP_046,1
separate,QC_SOP_046,1
trend,QC_SOP_046,1
cleaning,QC_SOP_046,1
where,QC_SOP_046,1
against,QC_SOP_046,1
purpose,QC_SOP_046,1
applicable,QC_SOP_046,1
excursions,QC_SOP_046,1
cross-contamination,QC_SOP_046,1
routine,QC_SOP_046,1
culture,QC_SOP_046,1
criteria,QC_SOP_046,1
contamination,QC_SOP_046,1
period,QC_SOP_046,1
references,QC_SOP_046,1
incompatible,QC_SOP_046,1
schedule,QC_SOP_046,1
burden,QC_SOP_046,1
acceptance,QC_SOP_046,1
determine,QC_SOP_046,1
high-risk,QC_SOP_046,1
release,QC_SOP_046,1
design,QC_SOP_046,1
environmental,QC_SOP_046,1
repeated,QC_SOP_046,1
standard,QC_SOP_046,1
instruction,QC_SOP_046,1
practice,QC_SOP_046,1
heavy,QC_SOP_046,1
areas,QC_SOP_046,1
isolate,QC_SOP_046,1
remains,QC_SOP_046,1
operational,QC_SOP_046,1
between,QC_SOP_046,1
document,QC_SOP_046,1
investigation,QC_SOP_046,1
support,QC_SOP_046,1
prioritize,QC_SOP_046,1
planning,QC_SOP_046,1
product,QC_SOP_046,1
media,QC_SOP_046,1
microbiology,QC_SOP_046,1
according,QC_SOP_046,1
blocks,QC_SOP_046,1
preparation,QC_SOP_046,1
controlled,QC_SOP_046,1
current,QC_SOP_046,1
occur,QC_SOP_046,1
urgency,QC_SOP_046,1
revise,QC_SOP_046,1
shared,QC_SOP_046,1
investigative,QC_SOP_046,1
laboratory,QC_SOP_046,1
setup,QC_SOP_046,1
activity,QC_SOP_046,1
isolates,QC_SOP_046,1
negative-control-dependent,QC_SOP_046,1
sampling,QC_SOP_046,1
approved,QC_SOP_046,1
segregation,QC_SOP_046,1
segregated,QC_SOP_046,1
requires,QC_SOP_046,1
daily,QC_SOP_046,1
title,QC_SOP_046,1
whenever,QC_SOP_046,1
incubator,QC_SOP_046,1
positives,QC_SOP_046,1
justify,QC_SOP_046,1
types,QC_SOP_046,1
handling,QC_SOP_046,1
physically,QC_SOP_046,1
carryover,QC_SOP_046,1
subculture,QC_SOP_046,1
deviation,QC_SOP_046,1
session,QC_SOP_046,1
events,QC_SOP_046,1
action,QC_SOP_046,1
reclean,QC_SOP_046,1
corrective,QC_SOP_046,1
activities,QC_SOP_046,1
sessions,QC_SOP_046,1
whether,QC_SOP_046,1
times,QC_SOP_046,1
during,QC_SOP_046,1
sample,QC_SOP_046,1
traceable,QC_SOP_046,1
workflow,QC_SOP_046,1
sterility,QC_SOP_046,1
positive,QC_SOP_046,1
cultures,QC_SOP_046,1
recurring,QC_SOP_046,1
monitoring,QC_SOP_046,1
procedure,QC_SOP_046,1
suggest,QC_SOP_046,1
validated,QC_SOP_046,1
possible,QC_SOP_046,1
arranged,QC_SOP_046,1
patterns,QC_SOP_046,1
scheduling,QC_SOP_046,1
laboratories,QC_SOP_046,1
consider,QC_SOP_046,1
rules,QC_SOP_046,1
review,QC_SOP_046,1
distinct,QC_SOP_046,1
pressure,QC_SOP_046,1
interpretation,QC_SOP_047,1
before,QC_SOP_047,1
suitable,QC_SOP_047,1
result,QC_SOP_047,1
control,QC_SOP_047,1
describe,QC_SOP_047,1
medium,QC_SOP_047,1
indicators,QC_SOP_047,1
testing,QC_SOP_047,1
adverse,QC_SOP_047,1
state,QC_SOP_047,1
scope,QC_SOP_047,1
without,QC_SOP_047,1
regarding,QC_SOP_047,1
color,QC_SOP_047,1
status,QC_SOP_047,1
completed,QC_SOP_047,1
affected,QC_SOP_047,1
validity,QC_SOP_047,1
there,QC_SOP_047,1
where,QC_SOP_047,1
purpose,QC_SOP_047,1
applicable,QC_SOP_047,1
history,QC_SOP_047,1
strategy,QC_SOP_047,1
incubation,QC_SOP_047,1
criteria,QC_SOP_047,1
suitability,QC_SOP_047,1
quarantine,QC_SOP_047,1
contamination,QC_SOP_047,1
period,QC_SOP_047,1
tests,QC_SOP_047,1
references,QC_SOP_047,1
fluid,QC_SOP_047,1
acceptance,QC_SOP_047,1
thioglycollate,QC_SOP_047,1
condition,QC_SOP_047,1
assess,QC_SOP_047,1
release,QC_SOP_047,1
indicator,QC_SOP_047,1
instruction,QC_SOP_047,1
promotion,QC_SOP_047,1
remain,QC_SOP_047,1
associated,QC_SOP_047,1
broader,QC_SOP_047,1
local,QC_SOP_047,1
conditions,QC_SOP_047,1
oxidation,QC_SOP_047,1
documented,QC_SOP_047,1
introducing,QC_SOP_047,1
support,QC_SOP_047,1
excursion,QC_SOP_047,1
intended,QC_SOP_047,1
media,QC_SOP_047,1
analyst,QC_SOP_047,1
verify,QC_SOP_047,1
according,QC_SOP_047,1
prolonged,QC_SOP_047,1
determinant,QC_SOP_047,1
assessment,QC_SOP_047,1
oxygen,QC_SOP_047,1
within,QC_SOP_047,1
correlate,QC_SOP_047,1
growth,QC_SOP_047,1
concurrent,QC_SOP_047,1
impact,QC_SOP_047,1
setup,QC_SOP_047,1
event,QC_SOP_047,1
expiry,QC_SOP_047,1
requires,QC_SOP_047,1
findings,QC_SOP_047,1
system,QC_SOP_047,1
title,QC_SOP_047,1
incubator,QC_SOP_047,1
change,QC_SOP_047,1
using,QC_SOP_047,1
opening,QC_SOP_047,1
outcomes,QC_SOP_047,1
place,QC_SOP_047,1
contextual,QC_SOP_047,1
during,QC_SOP_047,1
avoid,QC_SOP_047,1
compare,QC_SOP_047,1
sterile,QC_SOP_047,1
until,QC_SOP_047,1
sterility,QC_SOP_047,1
temperature,QC_SOP_047,1
suggests,QC_SOP_047,1
monitoring,QC_SOP_047,1
procedure,QC_SOP_047,1
about,QC_SOP_047,1
validated,QC_SOP_047,1
record,QC_SOP_047,1
anaerobic,QC_SOP_047,1
storage,QC_SOP_047,1
qualification,QC_SOP_047,1
observations,QC_SOP_047,1
acceptable,QC_SOP_047,1
related,QC_SOP_047,1
review,QC_SOP_047,1
concern,QC_SOP_047,1
before,QC_SOP_048,1
suitable,QC_SOP_048,1
samples,QC_SOP_048,1
result,QC_SOP_048,1
invalidates,QC_SOP_048,1
sequence,QC_SOP_048,1
challenge,QC_SOP_048,1
allows,QC_SOP_048,1
generation,QC_SOP_048,1
testing,QC_SOP_048,1
scope,QC_SOP_048,1
increase,QC_SOP_048,1
define,QC_SOP_048,1
purpose,QC_SOP_048,1
applicable,QC_SOP_048,1
follow,QC_SOP_048,1
transfer,QC_SOP_048,1
actual,QC_SOP_048,1
routine,QC_SOP_048,1
bring,QC_SOP_048,1
criteria,QC_SOP_048,1
contamination,QC_SOP_048,1
filter,QC_SOP_048,1
which,QC_SOP_048,1
references,QC_SOP_048,1
intermediates,QC_SOP_048,1
burden,QC_SOP_048,1
difficulty,QC_SOP_048,1
acceptance,QC_SOP_048,1
condition,QC_SOP_048,1
inoculate,QC_SOP_048,1
method,QC_SOP_048,1
limit,QC_SOP_048,1
microbiological,QC_SOP_048,1
standard,QC_SOP_048,1
taking,QC_SOP_048,1
recovery,QC_SOP_048,1
reduction,QC_SOP_048,1
remain,QC_SOP_048,1
product-specific,QC_SOP_048,1
conditions,QC_SOP_048,1
avoiding,QC_SOP_048,1
unusual,QC_SOP_048,1
while,QC_SOP_048,1
rinse,QC_SOP_048,1
approach,QC_SOP_048,1
results,QC_SOP_048,1
filtered,QC_SOP_048,1
highly,QC_SOP_048,1
product,QC_SOP_048,1
evidence,QC_SOP_048,1
dilution,QC_SOP_048,1
unvalidated,QC_SOP_048,1
steps,QC_SOP_048,1
according,QC_SOP_048,1
preparation,QC_SOP_048,1
controlled,QC_SOP_048,1
properties,QC_SOP_048,1
operations,QC_SOP_048,1
interpretability,QC_SOP_048,1
membrane,QC_SOP_048,1
capability,QC_SOP_048,1
surface,QC_SOP_048,1
modified,QC_SOP_048,1
equilibration,QC_SOP_048,1
introduces,QC_SOP_048,1
unresolved,QC_SOP_048,1
sampling,QC_SOP_048,1
approved,QC_SOP_048,1
escalate,QC_SOP_048,1
title,QC_SOP_048,1
volume,QC_SOP_048,1
alter,QC_SOP_048,1
viscous,QC_SOP_048,1
formulated,QC_SOP_048,1
using,QC_SOP_048,1
validation,QC_SOP_048,1
physical,QC_SOP_048,1
split,QC_SOP_048,1
under,QC_SOP_048,1
gently,QC_SOP_048,1
handling,QC_SOP_048,1
products,QC_SOP_048,1
exposure,QC_SOP_048,1
reporting,QC_SOP_048,1
deviation,QC_SOP_048,1
confirm,QC_SOP_048,1
processing,QC_SOP_048,1
whether,QC_SOP_048,1
during,QC_SOP_048,1
sample,QC_SOP_048,1
qualified,QC_SOP_048,1
selected,QC_SOP_048,1
specified,QC_SOP_048,1
appearance,QC_SOP_048,1
sterile,QC_SOP_048,1
aerosol,QC_SOP_048,1
sterility,QC_SOP_048,1
whose,QC_SOP_048,1
representative,QC_SOP_048,1
temperature,QC_SOP_048,1
residual,QC_SOP_048,1
obtain,QC_SOP_048,1
behavior,QC_SOP_048,1
procedure,QC_SOP_048,1
remove,QC_SOP_048,1
additional,QC_SOP_048,1
concentrated,QC_SOP_048,1
solutions,QC_SOP_048,1
validated,QC_SOP_048,1
record,QC_SOP_048,1
extended,QC_SOP_048,1
viscosity,QC_SOP_048,1
filtration,QC_SOP_048,1
review,QC_SOP_048,1
established,QC_SOP_048,1
interpretation,QC_SOP_049,1
before,QC_SOP_049,1
retesting,QC_SOP_049,1
linked,QC_SOP_049,1
result,QC_SOP_049,1
control,QC_SOP_049,1
sequence,QC_SOP_049,1
unsupported,QC_SOP_049,1
batch,QC_SOP_049,1
assurance,QC_SOP_049,1
equipment,QC_SOP_049,1
disposition,QC_SOP_049,1
scope,QC_SOP_049,1
without,QC_SOP_049,1
regarding,QC_SOP_049,1
define,QC_SOP_049,1
status,QC_SOP_049,1
rationale,QC_SOP_049,1
archive,QC_SOP_049,1
trend,QC_SOP_049,1
custody,QC_SOP_049,1
validity,QC_SOP_049,1
affected,QC_SOP_049,1
chain,QC_SOP_049,1
purpose,QC_SOP_049,1
applicable,QC_SOP_049,1
relevant,QC_SOP_049,1
history,QC_SOP_049,1
incubation,QC_SOP_049,1
culture,QC_SOP_049,1
criteria,QC_SOP_049,1
contamination,QC_SOP_049,1
requirements,QC_SOP_049,1
references,QC_SOP_049,1
cause,QC_SOP_049,1
exceeded,QC_SOP_049,1
records,QC_SOP_049,1
assuming,QC_SOP_049,1
acceptance,QC_SOP_049,1
condition,QC_SOP_049,1
confirmed,QC_SOP_049,1
environmental,QC_SOP_049,1
initial,QC_SOP_049,1
functions,QC_SOP_049,1
error,QC_SOP_049,1
conditions,QC_SOP_049,1
conclusion,QC_SOP_049,1
source,QC_SOP_049,1
isolate,QC_SOP_049,1
quality,QC_SOP_049,1
clearly,QC_SOP_049,1
document,QC_SOP_049,1
investigation,QC_SOP_049,1
report,QC_SOP_049,1
product,QC_SOP_049,1
evidence,QC_SOP_049,1
analyst,QC_SOP_049,1
reports,QC_SOP_049,1
approval,QC_SOP_049,1
manufacturing,QC_SOP_049,1
microbiology,QC_SOP_049,1
final,QC_SOP_049,1
assessment,QC_SOP_049,1
retained,QC_SOP_049,1
suspected,QC_SOP_049,1
compile,QC_SOP_049,1
outcome,QC_SOP_049,1
chronology,QC_SOP_049,1
growth,QC_SOP_049,1
retest,QC_SOP_049,1
impact,QC_SOP_049,1
through,QC_SOP_049,1
including,QC_SOP_049,1
training,QC_SOP_049,1
laboratory,QC_SOP_049,1
analysis,QC_SOP_049,1
complete,QC_SOP_049,1
event,QC_SOP_049,1
potential,QC_SOP_049,1
based,QC_SOP_049,1
sampling,QC_SOP_049,1
approved,QC_SOP_049,1
title,QC_SOP_049,1
invalid,QC_SOP_049,1
single,QC_SOP_049,1
summarize,QC_SOP_049,1
evaluate,QC_SOP_049,1
deviation,QC_SOP_049,1
events,QC_SOP_049,1
needed,QC_SOP_049,1
designated,QC_SOP_049,1
route,QC_SOP_049,1
whether,QC_SOP_049,1
sample,QC_SOP_049,1
traceable,QC_SOP_049,1
inconclusive,QC_SOP_049,1
content,QC_SOP_049,1
contributors,QC_SOP_049,1
undocumented,QC_SOP_049,1
sterility,QC_SOP_049,1
transport,QC_SOP_049,1
recurring,QC_SOP_049,1
monitoring,QC_SOP_049,1
procedure,QC_SOP_049,1
identification,QC_SOP_049,1
justified,QC_SOP_049,1
specification,QC_SOP_049,1
include,QC_SOP_049,1
conclusions,QC_SOP_049,1
observations,QC_SOP_049,1
acceptable,QC_SOP_049,1
distinguishing,QC_SOP_049,1
scientifically,QC_SOP_049,1
involving,QC_SOP_049,1
review,QC_SOP_049,1
closure,QC_SOP_049,1
acceptance,QC_SOP_050,1
retesting,QC_SOP_050,1
retest,QC_SOP_050,1
confirmed,QC_SOP_050,1
sterility,QC_SOP_050,1
failure,QC_SOP_050,1
environmental,QC_SOP_050,1
initial,QC_SOP_050,1
error,QC_SOP_050,1
justification,QC_SOP_050,1
scope,QC_SOP_050,1
policy,QC_SOP_050,1
sampling,QC_SOP_050,1
approved,QC_SOP_050,1
define,QC_SOP_050,1
procedure,QC_SOP_050,1
title,QC_SOP_050,1
justified,QC_SOP_050,1
conditions,QC_SOP_050,1
validity,QC_SOP_050,1
purpose,QC_SOP_050,1
after,QC_SOP_050,1
perform,QC_SOP_050,1
results,QC_SOP_050,1
document,QC_SOP_050,1
criteria,QC_SOP_050,1
evaluate,QC_SOP_050,1
scientifically,QC_SOP_050,1
references,QC_SOP_050,1
review,QC_SOP_050,1
linearity,QC_SOP_051,1
sample,QC_SOP_051,1
inject,QC_SOP_051,1
acceptance,QC_SOP_051,1
determination,QC_SOP_051,1
assay,QC_SOP_051,1
determine,QC_SOP_051,1
precision,QC_SOP_051,1
method,QC_SOP_051,1
assess,QC_SOP_051,1
release,QC_SOP_051,1
detection,QC_SOP_051,1
testing,QC_SOP_051,1
validate,QC_SOP_051,1
prepare,QC_SOP_051,1
standard,QC_SOP_051,1
scope,QC_SOP_051,1
ingredient,QC_SOP_051,1
accuracy,QC_SOP_051,1
procedure,QC_SOP_051,1
recovery,QC_SOP_051,1
title,QC_SOP_051,1
solutions,QC_SOP_051,1
applies,QC_SOP_051,1
across,QC_SOP_051,1
validation,QC_SOP_051,1
active,QC_SOP_051,1
purpose,QC_SOP_051,1
range,QC_SOP_051,1
criteria,QC_SOP_051,1
evaluate,QC_SOP_051,1
substance,QC_SOP_051,1
study,QC_SOP_051,1
references,QC_SOP_051,1
quantifying,QC_SOP_051,1
linearity,QC_SOP_052,1
calibration,QC_SOP_052,1
acceptance,QC_SOP_052,1
assay,QC_SOP_052,1
samples,QC_SOP_052,1
spectrophotometric,QC_SOP_052,1
method,QC_SOP_052,1
testing,QC_SOP_052,1
validate,QC_SOP_052,1
prepare,QC_SOP_052,1
scope,QC_SOP_052,1
material,QC_SOP_052,1
accuracy,QC_SOP_052,1
procedure,QC_SOP_052,1
title,QC_SOP_052,1
wavelength,QC_SOP_052,1
select,QC_SOP_052,1
validation,QC_SOP_052,1
purpose,QC_SOP_052,1
curve,QC_SOP_052,1
range,QC_SOP_052,1
criteria,QC_SOP_052,1
uv-vis,QC_SOP_052,1
references,QC_SOP_052,1
analyze,QC_SOP_052,1
inject,QC_SOP_053,1
solvents,QC_SOP_053,1
solvent,QC_SOP_053,1
acceptance,QC_SOP_053,1
samples,QC_SOP_053,1
method,QC_SOP_053,1
specificity,QC_SOP_053,1
analysis,QC_SOP_053,1
validate,QC_SOP_053,1
prepare,QC_SOP_053,1
scope,QC_SOP_053,1
procedure,QC_SOP_053,1
title,QC_SOP_053,1
gc-fid,QC_SOP_053,1
validation,QC_SOP_053,1
purpose,QC_SOP_053,1
headspace,QC_SOP_053,1
criteria,QC_SOP_053,1
evaluate,QC_SOP_053,1
product,QC_SOP_053,1
finished,QC_SOP_053,1
references,QC_SOP_053,1
residual,QC_SOP_053,1
quantitative,QC_SOP_054,1
evaluate,QC_SOP_054,1
criteria,QC_SOP_054,1
calculate,QC_SOP_054,1
acceptance,QC_SOP_054,1
methods,QC_SOP_054,1
scope,QC_SOP_054,1
replicates,QC_SOP_054,1
precision,QC_SOP_054,1
analytical,QC_SOP_054,1
study,QC_SOP_054,1
method,QC_SOP_054,1
references,QC_SOP_054,1
purpose,QC_SOP_054,1
procedure,QC_SOP_054,1
analyze,QC_SOP_054,1
title,QC_SOP_054,1
repeatability,QC_SOP_054,1
quantities,QC_SOP_055,1
acceptance,QC_SOP_055,1
determine,QC_SOP_055,1
assay,QC_SOP_055,1
samples,QC_SOP_055,1
method,QC_SOP_055,1
scope,QC_SOP_055,1
accuracy,QC_SOP_055,1
procedure,QC_SOP_055,1
recovery,QC_SOP_055,1
title,QC_SOP_055,1
calculate,QC_SOP_055,1
known,QC_SOP_055,1
purpose,QC_SOP_055,1
criteria,QC_SOP_055,1
methods,QC_SOP_055,1
study,QC_SOP_055,1
references,QC_SOP_055,1
analyze,QC_SOP_055,1
spike,QC_SOP_055,1
assessment,QC_SOP_055,1
acceptance,QC_SOP_056,1
method,QC_SOP_056,1
assess,QC_SOP_056,1
significant,QC_SOP_056,1
impact,QC_SOP_056,1
small,QC_SOP_056,1
column,QC_SOP_056,1
testing,QC_SOP_056,1
temperature,QC_SOP_056,1
variations,QC_SOP_056,1
scope,QC_SOP_056,1
procedure,QC_SOP_056,1
system,QC_SOP_056,1
title,QC_SOP_056,1
change,QC_SOP_056,1
validated,QC_SOP_056,1
purpose,QC_SOP_056,1
retention,QC_SOP_056,1
criteria,QC_SOP_056,1
robustness,QC_SOP_056,1
evaluate,QC_SOP_056,1
suitability,QC_SOP_056,1
methods,QC_SOP_056,1
references,QC_SOP_056,1
effect,QC_SOP_056,1
linearity,QC_SOP_057,1
quantitative,QC_SOP_057,1
evaluation,QC_SOP_057,1
calibration,QC_SOP_057,1
levels,QC_SOP_057,1
acceptance,QC_SOP_057,1
linear,QC_SOP_057,1
prepare,QC_SOP_057,1
scope,QC_SOP_057,1
procedure,QC_SOP_057,1
response,QC_SOP_057,1
title,QC_SOP_057,1
concentration,QC_SOP_057,1
calculate,QC_SOP_057,1
assays,QC_SOP_057,1
purpose,QC_SOP_057,1
curve,QC_SOP_057,1
criteria,QC_SOP_057,1
regression,QC_SOP_057,1
establish,QC_SOP_057,1
references,QC_SOP_057,1
signal-to-noise,QC_SOP_058,1
ratio,QC_SOP_058,1
acceptance,QC_SOP_058,1
determination,QC_SOP_058,1
determine,QC_SOP_058,1
detection,QC_SOP_058,1
limit,QC_SOP_058,1
decreasing,QC_SOP_058,1
scope,QC_SOP_058,1
procedure,QC_SOP_058,1
title,QC_SOP_058,1
purpose,QC_SOP_058,1
concentrations,QC_SOP_058,1
impurity,QC_SOP_058,1
criteria,QC_SOP_058,1
establish,QC_SOP_058,1
methods,QC_SOP_058,1
references,QC_SOP_058,1
analyze,QC_SOP_058,1
concentration,QC_SOP_059,1
quantitation,QC_SOP_059,1
criteria,QC_SOP_059,1
testing,QC_SOP_059,1
ratio,QC_SOP_059,1
calculate,QC_SOP_059,1
acceptance,QC_SOP_059,1
determination,QC_SOP_059,1
establish,QC_SOP_059,1
samples,QC_SOP_059,1
scope,QC_SOP_059,1
references,QC_SOP_059,1
purpose,QC_SOP_059,1
procedure,QC_SOP_059,1
analyze,QC_SOP_059,1
limit,QC_SOP_059,1
title,QC_SOP_059,1
impurity,QC_SOP_059,1
inject,QC_SOP_060,1
acceptance,QC_SOP_060,1
plates,QC_SOP_060,1
performance,QC_SOP_060,1
theoretical,QC_SOP_060,1
testing,QC_SOP_060,1
analysis,QC_SOP_060,1
standard,QC_SOP_060,1
scope,QC_SOP_060,1
procedure,QC_SOP_060,1
system,QC_SOP_060,1
title,QC_SOP_060,1
solution,QC_SOP_060,1
purpose,QC_SOP_060,1
tailing,QC_SOP_060,1
routine,QC_SOP_060,1
criteria,QC_SOP_060,1
evaluate,QC_SOP_060,1
suitability,QC_SOP_060,1
factor,QC_SOP_060,1
verify,QC_SOP_060,1
references,QC_SOP_060,1
evaluation,QC_SOP_061,1
acceptance,QC_SOP_061,1
assay,QC_SOP_061,1
precision,QC_SOP_061,1
compare,QC_SOP_061,1
analytical,QC_SOP_061,1
assess,QC_SOP_061,1
method,QC_SOP_061,1
statistically,QC_SOP_061,1
instruments,QC_SOP_061,1
intermediate,QC_SOP_061,1
scope,QC_SOP_061,1
different,QC_SOP_061,1
procedure,QC_SOP_061,1
conduct,QC_SOP_061,1
title,QC_SOP_061,1
conditions,QC_SOP_061,1
across,QC_SOP_061,1
variability,QC_SOP_061,1
validation,QC_SOP_061,1
studies,QC_SOP_061,1
purpose,QC_SOP_061,1
between,QC_SOP_061,1
results,QC_SOP_061,1
criteria,QC_SOP_061,1
evaluate,QC_SOP_061,1
analysts,QC_SOP_061,1
references,QC_SOP_061,1
separation,QC_SOP_062,1
inject,QC_SOP_062,1
acceptance,QC_SOP_062,1
distinguishes,QC_SOP_062,1
method,QC_SOP_062,1
specificity,QC_SOP_062,1
peaks,QC_SOP_062,1
impurities,QC_SOP_062,1
scope,QC_SOP_062,1
blank,QC_SOP_062,1
procedure,QC_SOP_062,1
title,QC_SOP_062,1
placebo,QC_SOP_062,1
resolution,QC_SOP_062,1
analyte,QC_SOP_062,1
purpose,QC_SOP_062,1
between,QC_SOP_062,1
standards,QC_SOP_062,1
impurity,QC_SOP_062,1
critical,QC_SOP_062,1
criteria,QC_SOP_062,1
evaluate,QC_SOP_062,1
confirm,QC_SOP_062,1
methods,QC_SOP_062,1
ensure,QC_SOP_062,1
references,QC_SOP_062,1
assessment,QC_SOP_062,1
separation,QC_SOP_063,1
sample,QC_SOP_063,1
acceptance,QC_SOP_063,1
samples,QC_SOP_063,1
capability,QC_SOP_063,1
method,QC_SOP_063,1
degraded,QC_SOP_063,1
degradation,QC_SOP_063,1
scope,QC_SOP_063,1
stability-indicating,QC_SOP_063,1
procedure,QC_SOP_063,1
title,QC_SOP_063,1
oxidative,QC_SOP_063,1
forced,QC_SOP_063,1
validation,QC_SOP_063,1
co-elution,QC_SOP_063,1
purpose,QC_SOP_063,1
products,QC_SOP_063,1
criteria,QC_SOP_063,1
confirm,QC_SOP_063,1
establish,QC_SOP_063,1
stress,QC_SOP_063,1
study,QC_SOP_063,1
references,QC_SOP_063,1
analyze,QC_SOP_063,1
subject,QC_SOP_063,1
quantitation,QC_SOP_064,1
quantitative,QC_SOP_064,1
calibration,QC_SOP_064,1
levels,QC_SOP_064,1
acceptance,QC_SOP_064,1
random,QC_SOP_064,1
least,QC_SOP_064,1
accurate,QC_SOP_064,1
prepare,QC_SOP_064,1
scope,QC_SOP_064,1
duplicate,QC_SOP_064,1
injections,QC_SOP_064,1
procedure,QC_SOP_064,1
residuals,QC_SOP_064,1
title,QC_SOP_064,1
concentration,QC_SOP_064,1
assays,QC_SOP_064,1
purpose,QC_SOP_064,1
curve,QC_SOP_064,1
perform,QC_SOP_064,1
criteria,QC_SOP_064,1
evaluate,QC_SOP_064,1
regression,QC_SOP_064,1
verification,QC_SOP_064,1
ensure,QC_SOP_064,1
references,QC_SOP_064,1
preparation,QC_SOP_064,1
actions,QC_SOP_065,1
acceptance,QC_SOP_065,1
identified,QC_SOP_065,1
unexpected,QC_SOP_065,1
repeat,QC_SOP_065,1
scope,QC_SOP_065,1
potential,QC_SOP_065,1
sampling,QC_SOP_065,1
specifications,QC_SOP_065,1
define,QC_SOP_065,1
procedure,QC_SOP_065,1
title,QC_SOP_065,1
justified,QC_SOP_065,1
investigate,QC_SOP_065,1
instrument,QC_SOP_065,1
validation,QC_SOP_065,1
studies,QC_SOP_065,1
causes,QC_SOP_065,1
purpose,QC_SOP_065,1
handling,QC_SOP_065,1
document,QC_SOP_065,1
results,QC_SOP_065,1
criteria,QC_SOP_065,1
deviation,QC_SOP_065,1
analyst,QC_SOP_065,1
exceeding,QC_SOP_065,1
references,QC_SOP_065,1
cause,QC_SOP_065,1
identify,QC_SOP_065,1
sample,QC_SOP_066,1
acceptance,QC_SOP_066,1
samples,QC_SOP_066,1
compare,QC_SOP_066,1
analytical,QC_SOP_066,1
assess,QC_SOP_066,1
prepared,QC_SOP_066,1
store,QC_SOP_066,1
scope,QC_SOP_066,1
procedure,QC_SOP_066,1
stability,QC_SOP_066,1
title,QC_SOP_066,1
solution,QC_SOP_066,1
change,QC_SOP_066,1
solutions,QC_SOP_066,1
conditions,QC_SOP_066,1
intervals,QC_SOP_066,1
defined,QC_SOP_066,1
purpose,QC_SOP_066,1
refrigerated,QC_SOP_066,1
results,QC_SOP_066,1
criteria,QC_SOP_066,1
methods,QC_SOP_066,1
study,QC_SOP_066,1
references,QC_SOP_066,1
analyze,QC_SOP_066,1
sample,QC_SOP_067,1
acceptance,QC_SOP_067,1
samples,QC_SOP_067,1
assay,QC_SOP_067,1
compatibility,QC_SOP_067,1
compare,QC_SOP_067,1
analytical,QC_SOP_067,1
method,QC_SOP_067,1
scope,QC_SOP_067,1
unfiltered,QC_SOP_067,1
procedure,QC_SOP_067,1
title,QC_SOP_067,1
filters,QC_SOP_067,1
difference,QC_SOP_067,1
analyte,QC_SOP_067,1
purpose,QC_SOP_067,1
results,QC_SOP_067,1
filtered,QC_SOP_067,1
adsorb,QC_SOP_067,1
criteria,QC_SOP_067,1
evaluate,QC_SOP_067,1
filter,QC_SOP_067,1
check,QC_SOP_067,1
study,QC_SOP_067,1
ensure,QC_SOP_067,1
references,QC_SOP_067,1
preparation,QC_SOP_067,1
acceptance,QC_SOP_068,1
method,QC_SOP_068,1
assess,QC_SOP_068,1
variation,QC_SOP_068,1
significant,QC_SOP_068,1
impact,QC_SOP_068,1
environmental,QC_SOP_068,1
analysis,QC_SOP_068,1
temperature,QC_SOP_068,1
scope,QC_SOP_068,1
procedure,QC_SOP_068,1
title,QC_SOP_068,1
change,QC_SOP_068,1
factors,QC_SOP_068,1
humidity,QC_SOP_068,1
validation,QC_SOP_068,1
variability,QC_SOP_068,1
under,QC_SOP_068,1
purpose,QC_SOP_068,1
perform,QC_SOP_068,1
ruggedness,QC_SOP_068,1
evaluate,QC_SOP_068,1
criteria,QC_SOP_068,1
references,QC_SOP_068,1
assessment,QC_SOP_068,1
consistency,QC_SOP_069,1
acceptance,QC_SOP_069,1
compare,QC_SOP_069,1
variation,QC_SOP_069,1
apply,QC_SOP_069,1
reprocess,QC_SOP_069,1
scope,QC_SOP_069,1
parameters,QC_SOP_069,1
procedure,QC_SOP_069,1
title,QC_SOP_069,1
integration,QC_SOP_069,1
purpose,QC_SOP_069,1
reproducible,QC_SOP_069,1
results,QC_SOP_069,1
criteria,QC_SOP_069,1
chromatographic,QC_SOP_069,1
methods,QC_SOP_069,1
verification,QC_SOP_069,1
ensure,QC_SOP_069,1
references,QC_SOP_069,1
inject,QC_SOP_070,1
acceptance,QC_SOP_070,1
analysis,QC_SOP_070,1
standard,QC_SOP_070,1
scope,QC_SOP_070,1
blank,QC_SOP_070,1
injections,QC_SOP_070,1
procedure,QC_SOP_070,1
title,QC_SOP_070,1
concentration,QC_SOP_070,1
purpose,QC_SOP_070,1
after,QC_SOP_070,1
between,QC_SOP_070,1
routine,QC_SOP_070,1
measure,QC_SOP_070,1
evaluate,QC_SOP_070,1
carryover,QC_SOP_070,1
criteria,QC_SOP_070,1
references,QC_SOP_070,1
residual,QC_SOP_070,1
assessment,QC_SOP_070,1
quantitation,QC_SOP_071,1
suitable,QC_SOP_071,1
samples,QC_SOP_071,1
volatile,QC_SOP_071,1
precision,QC_SOP_071,1
control,QC_SOP_071,1
matrix,QC_SOP_071,1
diluent,QC_SOP_071,1
sequence,QC_SOP_071,1
specificity,QC_SOP_071,1
chromatography,QC_SOP_071,1
transferred,QC_SOP_071,1
target,QC_SOP_071,1
scope,QC_SOP_071,1
blank,QC_SOP_071,1
injections,QC_SOP_071,1
define,QC_SOP_071,1
injecting,QC_SOP_071,1
response,QC_SOP_071,1
applies,QC_SOP_071,1
calculate,QC_SOP_071,1
gc-fid,QC_SOP_071,1
across,QC_SOP_071,1
internal,QC_SOP_071,1
where,QC_SOP_071,1
purpose,QC_SOP_071,1
applicable,QC_SOP_071,1
retention,QC_SOP_071,1
routine,QC_SOP_071,1
criteria,QC_SOP_071,1
robustness,QC_SOP_071,1
suitability,QC_SOP_071,1
finished,QC_SOP_071,1
references,QC_SOP_071,1
intermediates,QC_SOP_071,1
mixed,QC_SOP_071,1
solvent,QC_SOP_071,1
acceptance,QC_SOP_071,1
determine,QC_SOP_071,1
method,QC_SOP_071,1
assess,QC_SOP_071,1
release,QC_SOP_071,1
instruments,QC_SOP_071,1
interest,QC_SOP_071,1
coefficient,QC_SOP_071,1
prepare,QC_SOP_071,1
standard,QC_SOP_071,1
impurities,QC_SOP_071,1
preparations,QC_SOP_071,1
recovery,QC_SOP_071,1
absence,QC_SOP_071,1
concentration,QC_SOP_071,1
level,QC_SOP_071,1
conditions,QC_SOP_071,1
stringent,QC_SOP_071,1
threshold,QC_SOP_071,1
integration,QC_SOP_071,1
placebo,QC_SOP_071,1
headspace,QC_SOP_071,1
document,QC_SOP_071,1
results,QC_SOP_071,1
regression,QC_SOP_071,1
product,QC_SOP_071,1
establish,QC_SOP_071,1
around,QC_SOP_071,1
verify,QC_SOP_071,1
exceeding,QC_SOP_071,1
preparation,QC_SOP_071,1
unless,QC_SOP_071,1
linearity,QC_SOP_071,1
solvents,QC_SOP_071,1
required,QC_SOP_071,1
levels,QC_SOP_071,1
determination,QC_SOP_071,1
pattern,QC_SOP_071,1
within,QC_SOP_071,1
materials,QC_SOP_071,1
statistics,QC_SOP_071,1
peaks,QC_SOP_071,1
organic,QC_SOP_071,1
sampling,QC_SOP_071,1
covering,QC_SOP_071,1
stability,QC_SOP_071,1
interfering,QC_SOP_071,1
title,QC_SOP_071,1
solution,QC_SOP_071,1
system,QC_SOP_071,1
sensitivity,QC_SOP_071,1
using,QC_SOP_071,1
validation,QC_SOP_071,1
developed,QC_SOP_071,1
standards,QC_SOP_071,1
reporting,QC_SOP_071,1
evaluate,QC_SOP_071,1
carryover,QC_SOP_071,1
chromatographic,QC_SOP_071,1
confirm,QC_SOP_071,1
substance,QC_SOP_071,1
flame,QC_SOP_071,1
times,QC_SOP_071,1
sample,QC_SOP_071,1
correlation,QC_SOP_071,1
predefined,QC_SOP_071,1
analytical,QC_SOP_071,1
detection,QC_SOP_071,1
class,QC_SOP_071,1
intermediate,QC_SOP_071,1
ionization,QC_SOP_071,1
representative,QC_SOP_071,1
procedure,QC_SOP_071,1
repeatability,QC_SOP_071,1
specification,QC_SOP_071,1
validated,QC_SOP_071,1
fewer,QC_SOP_071,1
acceptable,QC_SOP_071,1
range,QC_SOP_071,1
laboratories,QC_SOP_071,1
replicate,QC_SOP_071,1
methods,QC_SOP_071,1
rules,QC_SOP_071,1
ensuring,QC_SOP_071,1
analysts,QC_SOP_071,1
residual,QC_SOP_071,1
criterion,QC_SOP_071,1
before,QC_SOP_072,1
suitable,QC_SOP_072,1
assay,QC_SOP_072,1
precision,QC_SOP_072,1
partial,QC_SOP_072,1
three,QC_SOP_072,1
describe,QC_SOP_072,1
matrix,QC_SOP_072,1
diluent,QC_SOP_072,1
theoretical,QC_SOP_072,1
specificity,QC_SOP_072,1
scope,QC_SOP_072,1
produces,QC_SOP_072,1
conduct,QC_SOP_072,1
appropriate,QC_SOP_072,1
process,QC_SOP_072,1
investigate,QC_SOP_072,1
balances,QC_SOP_072,1
across,QC_SOP_072,1
reinjection,QC_SOP_072,1
deviations,QC_SOP_072,1
where,QC_SOP_072,1
analyte,QC_SOP_072,1
purpose,QC_SOP_072,1
hplc-uv,QC_SOP_072,1
applicable,QC_SOP_072,1
relevant,QC_SOP_072,1
reproducible,QC_SOP_072,1
routine,QC_SOP_072,1
criteria,QC_SOP_072,1
suitability,QC_SOP_072,1
autosampler,QC_SOP_072,1
factor,QC_SOP_072,1
references,QC_SOP_072,1
separation,QC_SOP_072,1
acceptance,QC_SOP_072,1
determine,QC_SOP_072,1
requirement,QC_SOP_072,1
method,QC_SOP_072,1
assess,QC_SOP_072,1
independent,QC_SOP_072,1
release,QC_SOP_072,1
degradation,QC_SOP_072,1
reversed-phase,QC_SOP_072,1
standard,QC_SOP_072,1
prepare,QC_SOP_072,1
stock,QC_SOP_072,1
preparations,QC_SOP_072,1
recovery,QC_SOP_072,1
concentration,QC_SOP_072,1
integration,QC_SOP_072,1
placebo,QC_SOP_072,1
perform,QC_SOP_072,1
results,QC_SOP_072,1
requiring,QC_SOP_072,1
support,QC_SOP_072,1
report,QC_SOP_072,1
intended,QC_SOP_072,1
analyst,QC_SOP_072,1
verification,QC_SOP_072,1
steps,QC_SOP_072,1
exceeding,QC_SOP_072,1
slope,QC_SOP_072,1
volumetric,QC_SOP_072,1
delayed,QC_SOP_072,1
linearity,QC_SOP_072,1
quantitative,QC_SOP_072,1
levels,QC_SOP_072,1
determination,QC_SOP_072,1
reference,QC_SOP_072,1
second,QC_SOP_072,1
including,QC_SOP_072,1
normal-phase,QC_SOP_072,1
accurate,QC_SOP_072,1
peaks,QC_SOP_072,1
targets,QC_SOP_072,1
sampling,QC_SOP_072,1
stability,QC_SOP_072,1
system,QC_SOP_072,1
title,QC_SOP_072,1
solution,QC_SOP_072,1
draft,QC_SOP_072,1
using,QC_SOP_072,1
instrument,QC_SOP_072,1
validation,QC_SOP_072,1
nominal,QC_SOP_072,1
adjustments,QC_SOP_072,1
standards,QC_SOP_072,1
summarize,QC_SOP_072,1
evaluate,QC_SOP_072,1
chromatographic,QC_SOP_072,1
confirm,QC_SOP_072,1
substance,QC_SOP_072,1
intercept,QC_SOP_072,1
baseline,QC_SOP_072,1
sample,QC_SOP_072,1
qualified,QC_SOP_072,1
demonstrating,QC_SOP_072,1
selected,QC_SOP_072,1
plates,QC_SOP_072,1
analytical,QC_SOP_072,1
specified,QC_SOP_072,1
intermediate,QC_SOP_072,1
workflow,QC_SOP_072,1
procedure,QC_SOP_072,1
solutions,QC_SOP_072,1
distribution,QC_SOP_072,1
fewer,QC_SOP_072,1
qualification,QC_SOP_072,1
involve,QC_SOP_072,1
potency,QC_SOP_072,1
finalization,QC_SOP_072,1
impurity,QC_SOP_072,1
tailing,QC_SOP_072,1
filtration,QC_SOP_072,1
transfers,QC_SOP_072,1
methods,QC_SOP_072,1
study,QC_SOP_072,1
working,QC_SOP_072,1
residual,QC_SOP_072,1
effect,QC_SOP_072,1
spiked,QC_SOP_072,1
before,QC_SOP_073,1
presence,QC_SOP_073,1
assay,QC_SOP_073,1
chemistry,QC_SOP_073,1
control,QC_SOP_073,1
matrix,QC_SOP_073,1
sequence,QC_SOP_073,1
challenge,QC_SOP_073,1
specificity,QC_SOP_073,1
scope,QC_SOP_073,1
blank,QC_SOP_073,1
thermal,QC_SOP_073,1
without,QC_SOP_073,1
define,QC_SOP_073,1
shelf-life,QC_SOP_073,1
accurately,QC_SOP_073,1
trend,QC_SOP_073,1
process,QC_SOP_073,1
oxidative,QC_SOP_073,1
where,QC_SOP_073,1
analyte,QC_SOP_073,1
purpose,QC_SOP_073,1
applicable,QC_SOP_073,1
orthogonal,QC_SOP_073,1
retention,QC_SOP_073,1
likely,QC_SOP_073,1
routine,QC_SOP_073,1
criteria,QC_SOP_073,1
interfere,QC_SOP_073,1
references,QC_SOP_073,1
acceptance,QC_SOP_073,1
method,QC_SOP_073,1
conclude,QC_SOP_073,1
degradation,QC_SOP_073,1
excipients,QC_SOP_073,1
decisions,QC_SOP_073,1
impurities,QC_SOP_073,1
development,QC_SOP_073,1
components,QC_SOP_073,1
array,QC_SOP_073,1
conditions,QC_SOP_073,1
integration,QC_SOP_073,1
placebo,QC_SOP_073,1
studies,QC_SOP_073,1
between,QC_SOP_073,1
unstressed,QC_SOP_073,1
document,QC_SOP_073,1
results,QC_SOP_073,1
critical,QC_SOP_073,1
support,QC_SOP_073,1
intended,QC_SOP_073,1
product,QC_SOP_073,1
establish,QC_SOP_073,1
evidence,QC_SOP_073,1
manufacturing,QC_SOP_073,1
indicate,QC_SOP_073,1
verify,QC_SOP_073,1
exceeding,QC_SOP_073,1
subject,QC_SOP_073,1
stressed,QC_SOP_073,1
truly,QC_SOP_073,1
unless,QC_SOP_073,1
photolytic,QC_SOP_073,1
assessment,QC_SOP_073,1
expected,QC_SOP_073,1
nearest,QC_SOP_073,1
destruction,QC_SOP_073,1
late-eluting,QC_SOP_073,1
sufficient,QC_SOP_073,1
peaks,QC_SOP_073,1
complete,QC_SOP_073,1
unresolved,QC_SOP_073,1
sampling,QC_SOP_073,1
requires,QC_SOP_073,1
measured,QC_SOP_073,1
stability,QC_SOP_073,1
title,QC_SOP_073,1
change,QC_SOP_073,1
forced,QC_SOP_073,1
using,QC_SOP_073,1
diode,QC_SOP_073,1
co-elution,QC_SOP_073,1
exists,QC_SOP_073,1
under,QC_SOP_073,1
affecting,QC_SOP_073,1
balance,QC_SOP_073,1
products,QC_SOP_073,1
formulation,QC_SOP_073,1
evaluate,QC_SOP_073,1
chromatographic,QC_SOP_073,1
otherwise,QC_SOP_073,1
baseline,QC_SOP_073,1
activities,QC_SOP_073,1
analyze,QC_SOP_073,1
whether,QC_SOP_073,1
pathways,QC_SOP_073,1
modification,QC_SOP_073,1
during,QC_SOP_073,1
sample,QC_SOP_073,1
broad,QC_SOP_073,1
knowledge,QC_SOP_073,1
arise,QC_SOP_073,1
indicating,QC_SOP_073,1
demonstrating,QC_SOP_073,1
order,QC_SOP_073,1
representative,QC_SOP_073,1
lifecycle,QC_SOP_073,1
observed,QC_SOP_073,1
stability-indicating,QC_SOP_073,1
behavior,QC_SOP_073,1
purity,QC_SOP_073,1
individual,QC_SOP_073,1
procedure,QC_SOP_073,1
justified,QC_SOP_073,1
solutions,QC_SOP_073,1
record,QC_SOP_073,1
humidity,QC_SOP_073,1
create,QC_SOP_073,1
resolution,QC_SOP_073,1
demonstrate,QC_SOP_073,1
shift,QC_SOP_073,1
windows,QC_SOP_073,1
impurity,QC_SOP_073,1
methods,QC_SOP_073,1
stress,QC_SOP_073,1
pairs,QC_SOP_073,1
spiked,QC_SOP_073,1
suitable,QC_SOP_074,1
assay,QC_SOP_074,1
precision,QC_SOP_074,1
describe,QC_SOP_074,1
matrix,QC_SOP_074,1
testing,QC_SOP_074,1
scope,QC_SOP_074,1
blank,QC_SOP_074,1
separate,QC_SOP_074,1
conduct,QC_SOP_074,1
response,QC_SOP_074,1
applies,QC_SOP_074,1
across,QC_SOP_074,1
cleaning,QC_SOP_074,1
where,QC_SOP_074,1
absorbance-derived,QC_SOP_074,1
purpose,QC_SOP_074,1
applicable,QC_SOP_074,1
routine,QC_SOP_074,1
criteria,QC_SOP_074,1
robustness,QC_SOP_074,1
notices,QC_SOP_074,1
finished,QC_SOP_074,1
readout,QC_SOP_074,1
references,QC_SOP_074,1
trending,QC_SOP_074,1
acceptance,QC_SOP_074,1
method,QC_SOP_074,1
assess,QC_SOP_074,1
length,QC_SOP_074,1
release,QC_SOP_074,1
general,QC_SOP_074,1
allowable,QC_SOP_074,1
maximum,QC_SOP_074,1
standard,QC_SOP_074,1
prepare,QC_SOP_074,1
development,QC_SOP_074,1
low-complexity,QC_SOP_074,1
preparations,QC_SOP_074,1
recovery,QC_SOP_074,1
product-specific,QC_SOP_074,1
checks,QC_SOP_074,1
placebo,QC_SOP_074,1
preservatives,QC_SOP_074,1
perform,QC_SOP_074,1
results,QC_SOP_074,1
absorbance,QC_SOP_074,1
intended,QC_SOP_074,1
rather,QC_SOP_074,1
product,QC_SOP_074,1
analyst,QC_SOP_074,1
dilution,QC_SOP_074,1
verification,QC_SOP_074,1
visible,QC_SOP_074,1
steps,QC_SOP_074,1
verify,QC_SOP_074,1
exceeding,QC_SOP_074,1
unless,QC_SOP_074,1
single-component,QC_SOP_074,1
noise,QC_SOP_074,1
linearity,QC_SOP_074,1
required,QC_SOP_074,1
calibration,QC_SOP_074,1
determination,QC_SOP_074,1
reference,QC_SOP_074,1
levels,QC_SOP_074,1
drift,QC_SOP_074,1
aqueous,QC_SOP_074,1
correction,QC_SOP_074,1
alone,QC_SOP_074,1
including,QC_SOP_074,1
in-process,QC_SOP_074,1
potential,QC_SOP_074,1
based,QC_SOP_074,1
sampling,QC_SOP_074,1
material,QC_SOP_074,1
stability,QC_SOP_074,1
title,QC_SOP_074,1
solution,QC_SOP_074,1
extracts,QC_SOP_074,1
using,QC_SOP_074,1
wavelength,QC_SOP_074,1
instrument,QC_SOP_074,1
validation,QC_SOP_074,1
nominal,QC_SOP_074,1
settings,QC_SOP_074,1
defined,QC_SOP_074,1
handling,QC_SOP_074,1
tighter,QC_SOP_074,1
uv-visible,QC_SOP_074,1
evaluate,QC_SOP_074,1
chromatographic,QC_SOP_074,1
baseline,QC_SOP_074,1
sample,QC_SOP_074,1
arise,QC_SOP_074,1
analytes,QC_SOP_074,1
content,QC_SOP_074,1
spectrophotometric,QC_SOP_074,1
analytical,QC_SOP_074,1
weighing,QC_SOP_074,1
procedure,QC_SOP_074,1
repeatability,QC_SOP_074,1
solutions,QC_SOP_074,1
preservative,QC_SOP_074,1
select,QC_SOP_074,1
variability,QC_SOP_074,1
shift,QC_SOP_074,1
interference,QC_SOP_074,1
range,QC_SOP_074,1
replicate,QC_SOP_074,1
methods,QC_SOP_074,1
ensuring,QC_SOP_074,1
study,QC_SOP_074,1
working,QC_SOP_074,1
review,QC_SOP_074,1
criterion,QC_SOP_074,1
before,QC_SOP_075,1
samples,QC_SOP_075,1
precision,QC_SOP_075,1
control,QC_SOP_075,1
contribution,QC_SOP_075,1
diluent,QC_SOP_075,1
matrix,QC_SOP_075,1
specificity,QC_SOP_075,1
transferred,QC_SOP_075,1
target,QC_SOP_075,1
scope,QC_SOP_075,1
blank,QC_SOP_075,1
background,QC_SOP_075,1
status,QC_SOP_075,1
accuracy,QC_SOP_075,1
response,QC_SOP_075,1
investigate,QC_SOP_075,1
where,QC_SOP_075,1
extraction,QC_SOP_075,1
purpose,QC_SOP_075,1
applicable,QC_SOP_075,1
transfer,QC_SOP_075,1
routine,QC_SOP_075,1
criteria,QC_SOP_075,1
robustness,QC_SOP_075,1
suitability,QC_SOP_075,1
requirements,QC_SOP_075,1
factor,QC_SOP_075,1
finished,QC_SOP_075,1
references,QC_SOP_075,1
intermediates,QC_SOP_075,1
sealing,QC_SOP_075,1
packaging-associated,QC_SOP_075,1
solvent,QC_SOP_075,1
determine,QC_SOP_075,1
acceptance,QC_SOP_075,1
method,QC_SOP_075,1
assess,QC_SOP_075,1
limit,QC_SOP_075,1
repeated,QC_SOP_075,1
abnormal,QC_SOP_075,1
standard,QC_SOP_075,1
moisture,QC_SOP_075,1
preparations,QC_SOP_075,1
recovery,QC_SOP_075,1
endpoint,QC_SOP_075,1
remain,QC_SOP_075,1
level,QC_SOP_075,1
results,QC_SOP_075,1
titration,QC_SOP_075,1
rather,QC_SOP_075,1
product,QC_SOP_075,1
fischer,QC_SOP_075,1
establish,QC_SOP_075,1
analyst,QC_SOP_075,1
feasible,QC_SOP_075,1
exceeding,QC_SOP_075,1
reactions,QC_SOP_075,1
unless,QC_SOP_075,1
volumetric,QC_SOP_075,1
expected,QC_SOP_075,1
delayed,QC_SOP_075,1
linearity,QC_SOP_075,1
generally,QC_SOP_075,1
approaches,QC_SOP_075,1
determination,QC_SOP_075,1
package,QC_SOP_075,1
within,QC_SOP_075,1
injection,QC_SOP_075,1
chosen,QC_SOP_075,1
materials,QC_SOP_075,1
drift,QC_SOP_075,1
through,QC_SOP_075,1
including,QC_SOP_075,1
vessel,QC_SOP_075,1
readiness,QC_SOP_075,1
certified,QC_SOP_075,1
sampling,QC_SOP_075,1
stability,QC_SOP_075,1
title,QC_SOP_075,1
using,QC_SOP_075,1
revised,QC_SOP_075,1
instrument,QC_SOP_075,1
validation,QC_SOP_075,1
water,QC_SOP_075,1
compliance,QC_SOP_075,1
defined,QC_SOP_075,1
single,QC_SOP_075,1
handling,QC_SOP_075,1
delay,QC_SOP_075,1
evaluate,QC_SOP_075,1
spiking,QC_SOP_075,1
confirm,QC_SOP_075,1
otherwise,QC_SOP_075,1
introduced,QC_SOP_075,1
processing,QC_SOP_075,1
sample,QC_SOP_075,1
content,QC_SOP_075,1
analytical,QC_SOP_075,1
assessing,QC_SOP_075,1
approving,QC_SOP_075,1
representative,QC_SOP_075,1
temperature,QC_SOP_075,1
proportionality,QC_SOP_075,1
procedure,QC_SOP_075,1
coulometric,QC_SOP_075,1
repeatability,QC_SOP_075,1
justified,QC_SOP_075,1
method-defined,QC_SOP_075,1
specification,QC_SOP_075,1
variability,QC_SOP_075,1
demonstrate,QC_SOP_075,1
range,QC_SOP_075,1
laboratories,QC_SOP_075,1
replicate,QC_SOP_075,1
affects,QC_SOP_075,1
transfers,QC_SOP_075,1
methods,QC_SOP_075,1
study,QC_SOP_075,1
direct,QC_SOP_075,1
reagent,QC_SOP_075,1
typically,QC_SOP_076,1
assay,QC_SOP_076,1
samples,QC_SOP_076,1
result,QC_SOP_076,1
inefficiency,QC_SOP_076,1
describe,QC_SOP_076,1
matrix,QC_SOP_076,1
sequence,QC_SOP_076,1
corrected,QC_SOP_076,1
target,QC_SOP_076,1
scope,QC_SOP_076,1
accuracy,QC_SOP_076,1
define,QC_SOP_076,1
response,QC_SOP_076,1
process,QC_SOP_076,1
calculate,QC_SOP_076,1
number,QC_SOP_076,1
across,QC_SOP_076,1
replicates,QC_SOP_076,1
internal,QC_SOP_076,1
where,QC_SOP_076,1
extraction,QC_SOP_076,1
against,QC_SOP_076,1
purpose,QC_SOP_076,1
applicable,QC_SOP_076,1
relevant,QC_SOP_076,1
reflect,QC_SOP_076,1
routine,QC_SOP_076,1
criteria,QC_SOP_076,1
especially,QC_SOP_076,1
adsorption,QC_SOP_076,1
percent,QC_SOP_076,1
traceability,QC_SOP_076,1
references,QC_SOP_076,1
cause,QC_SOP_076,1
spike,QC_SOP_076,1
assignable,QC_SOP_076,1
acceptance,QC_SOP_076,1
commonly,QC_SOP_076,1
method,QC_SOP_076,1
method-specific,QC_SOP_076,1
design,QC_SOP_076,1
prepare,QC_SOP_076,1
standard,QC_SOP_076,1
impurities,QC_SOP_076,1
recovery,QC_SOP_076,1
associated,QC_SOP_076,1
concentration,QC_SOP_076,1
broader,QC_SOP_076,1
level,QC_SOP_076,1
known,QC_SOP_076,1
demonstrated,QC_SOP_076,1
documented,QC_SOP_076,1
studies,QC_SOP_076,1
ranges,QC_SOP_076,1
document,QC_SOP_076,1
results,QC_SOP_076,1
investigation,QC_SOP_076,1
rather,QC_SOP_076,1
establish,QC_SOP_076,1
dilution,QC_SOP_076,1
exceeding,QC_SOP_076,1
preparation,QC_SOP_076,1
heterogeneity,QC_SOP_076,1
final,QC_SOP_076,1
expected,QC_SOP_076,1
consistency,QC_SOP_076,1
loq-related,QC_SOP_076,1
levels,QC_SOP_076,1
injection,QC_SOP_076,1
independently,QC_SOP_076,1
through,QC_SOP_076,1
including,QC_SOP_076,1
repeat,QC_SOP_076,1
based,QC_SOP_076,1
sampling,QC_SOP_076,1
covering,QC_SOP_076,1
title,QC_SOP_076,1
solution,QC_SOP_076,1
using,QC_SOP_076,1
replace,QC_SOP_076,1
excipient,QC_SOP_076,1
validation,QC_SOP_076,1
scheme,QC_SOP_076,1
nominal,QC_SOP_076,1
exists,QC_SOP_076,1
titrimetric,QC_SOP_076,1
uv-visible,QC_SOP_076,1
summarize,QC_SOP_076,1
uniformity-related,QC_SOP_076,1
whether,QC_SOP_076,1
during,QC_SOP_076,1
sample,QC_SOP_076,1
techniques,QC_SOP_076,1
content,QC_SOP_076,1
execution,QC_SOP_076,1
analytical,QC_SOP_076,1
amount,QC_SOP_076,1
representative,QC_SOP_076,1
weighing,QC_SOP_076,1
procedure,QC_SOP_076,1
justified,QC_SOP_076,1
added,QC_SOP_076,1
overall,QC_SOP_076,1
interference,QC_SOP_076,1
range,QC_SOP_076,1
unfavorable,QC_SOP_076,1
trigger,QC_SOP_076,1
impurity,QC_SOP_076,1
adequately,QC_SOP_076,1
filtration,QC_SOP_076,1
sonication,QC_SOP_076,1
methods,QC_SOP_076,1
unstable,QC_SOP_076,1
study,QC_SOP_076,1
matrix-spiked,QC_SOP_076,1
examine,QC_SOP_076,1
effect,QC_SOP_076,1
trace,QC_SOP_076,1
measurement,QC_SOP_076,1
spiked,QC_SOP_076,1
evaluation,QC_SOP_077,1
typically,QC_SOP_077,1
assay,QC_SOP_077,1
samples,QC_SOP_077,1
result,QC_SOP_077,1
precision,QC_SOP_077,1
performance,QC_SOP_077,1
tightened,QC_SOP_077,1
sequence,QC_SOP_077,1
generation,QC_SOP_077,1
transferred,QC_SOP_077,1
testing,QC_SOP_077,1
target,QC_SOP_077,1
scope,QC_SOP_077,1
define,QC_SOP_077,1
condition-specific,QC_SOP_077,1
calculate,QC_SOP_077,1
across,QC_SOP_077,1
arbitrary,QC_SOP_077,1
varied,QC_SOP_077,1
purpose,QC_SOP_077,1
applicable,QC_SOP_077,1
relevant,QC_SOP_077,1
detect,QC_SOP_077,1
procedural,QC_SOP_077,1
likely,QC_SOP_077,1
routine,QC_SOP_077,1
criteria,QC_SOP_077,1
confounded,QC_SOP_077,1
which,QC_SOP_077,1
uncontrolled,QC_SOP_077,1
references,QC_SOP_077,1
sources,QC_SOP_077,1
measuring,QC_SOP_077,1
deletion,QC_SOP_077,1
solvent,QC_SOP_077,1
acceptance,QC_SOP_077,1
method,QC_SOP_077,1
method-specific,QC_SOP_077,1
design,QC_SOP_077,1
limit,QC_SOP_077,1
environmental,QC_SOP_077,1
conclude,QC_SOP_077,1
prepare,QC_SOP_077,1
scientific,QC_SOP_077,1
moisture,QC_SOP_077,1
realistic,QC_SOP_077,1
remain,QC_SOP_077,1
conditions,QC_SOP_077,1
combined,QC_SOP_077,1
differences,QC_SOP_077,1
remains,QC_SOP_077,1
document,QC_SOP_077,1
results,QC_SOP_077,1
titration,QC_SOP_077,1
rather,QC_SOP_077,1
analyst,QC_SOP_077,1
weakness,QC_SOP_077,1
procedures,QC_SOP_077,1
preparation,QC_SOP_077,1
assessment,QC_SOP_077,1
quantitative,QC_SOP_077,1
interpretable,QC_SOP_077,1
alternate,QC_SOP_077,1
within,QC_SOP_077,1
injection,QC_SOP_077,1
balanced,QC_SOP_077,1
second,QC_SOP_077,1
statistics,QC_SOP_077,1
laboratory,QC_SOP_077,1
sometimes,QC_SOP_077,1
column,QC_SOP_077,1
vessel,QC_SOP_077,1
variations,QC_SOP_077,1
requires,QC_SOP_077,1
title,QC_SOP_077,1
using,QC_SOP_077,1
instrument,QC_SOP_077,1
under,QC_SOP_077,1
referred,QC_SOP_077,1
ruggedness,QC_SOP_077,1
chromatographic,QC_SOP_077,1
intentionally,QC_SOP_077,1
controls,QC_SOP_077,1
inconvenient,QC_SOP_077,1
wider,QC_SOP_077,1
outlier,QC_SOP_077,1
analyze,QC_SOP_077,1
identify,QC_SOP_077,1
whether,QC_SOP_077,1
sample,QC_SOP_077,1
arise,QC_SOP_077,1
avoid,QC_SOP_077,1
predefined,QC_SOP_077,1
compare,QC_SOP_077,1
analytical,QC_SOP_077,1
intermediate,QC_SOP_077,1
changes,QC_SOP_077,1
representative,QC_SOP_077,1
reproducibility,QC_SOP_077,1
procedure,QC_SOP_077,1
context,QC_SOP_077,1
justified,QC_SOP_077,1
validated,QC_SOP_077,1
variability,QC_SOP_077,1
acceptable,QC_SOP_077,1
impurity,QC_SOP_077,1
laboratories,QC_SOP_077,1
related,QC_SOP_077,1
factor-driven,QC_SOP_077,1
multi-analyst,QC_SOP_077,1
methods,QC_SOP_077,1
study,QC_SOP_077,1
subgroup,QC_SOP_077,1
review,QC_SOP_077,1
effect,QC_SOP_077,1
trace,QC_SOP_077,1
reagent,QC_SOP_077,1
normal,QC_SOP_077,1
influence,QC_SOP_077,1
matrix-dependent,QC_SOP_078,1
quantitation,QC_SOP_078,1
inject,QC_SOP_078,1
typically,QC_SOP_078,1
progressively,QC_SOP_078,1
precision,QC_SOP_078,1
performance,QC_SOP_078,1
describe,QC_SOP_078,1
matrix,QC_SOP_078,1
diluent,QC_SOP_078,1
theoretical,QC_SOP_078,1
scope,QC_SOP_078,1
injections,QC_SOP_078,1
accuracy,QC_SOP_078,1
appropriate,QC_SOP_078,1
response,QC_SOP_078,1
producing,QC_SOP_078,1
cleaning,QC_SOP_078,1
where,QC_SOP_078,1
analyte,QC_SOP_078,1
purpose,QC_SOP_078,1
applicable,QC_SOP_078,1
criteria,QC_SOP_078,1
requirements,QC_SOP_078,1
which,QC_SOP_078,1
thresholds,QC_SOP_078,1
decision-making,QC_SOP_078,1
references,QC_SOP_078,1
low-level,QC_SOP_078,1
relying,QC_SOP_078,1
signal-to-noise,QC_SOP_078,1
solvent,QC_SOP_078,1
falsely,QC_SOP_078,1
condition,QC_SOP_078,1
acceptance,QC_SOP_078,1
method,QC_SOP_078,1
limit,QC_SOP_078,1
degradation,QC_SOP_078,1
prepare,QC_SOP_078,1
standard,QC_SOP_078,1
impurities,QC_SOP_078,1
practical,QC_SOP_078,1
preparations,QC_SOP_078,1
finalized,QC_SOP_078,1
concentration,QC_SOP_078,1
meeting,QC_SOP_078,1
level,QC_SOP_078,1
demonstrated,QC_SOP_078,1
approach,QC_SOP_078,1
reliably,QC_SOP_078,1
quality,QC_SOP_078,1
document,QC_SOP_078,1
rather,QC_SOP_078,1
intended,QC_SOP_078,1
inadequate,QC_SOP_078,1
verification,QC_SOP_078,1
needs,QC_SOP_078,1
assessment,QC_SOP_078,1
worsen,QC_SOP_078,1
noise,QC_SOP_078,1
solvents,QC_SOP_078,1
determination,QC_SOP_078,1
revise,QC_SOP_078,1
capability,QC_SOP_078,1
peaks,QC_SOP_078,1
detector-based,QC_SOP_078,1
solely,QC_SOP_078,1
quantitatively,QC_SOP_078,1
system,QC_SOP_078,1
title,QC_SOP_078,1
sensitivity,QC_SOP_078,1
using,QC_SOP_078,1
improve,QC_SOP_078,1
under,QC_SOP_078,1
lowest,QC_SOP_078,1
products,QC_SOP_078,1
observable,QC_SOP_078,1
apparent,QC_SOP_078,1
measure,QC_SOP_078,1
reporting,QC_SOP_078,1
carryover,QC_SOP_078,1
chromatographic,QC_SOP_078,1
confirm,QC_SOP_078,1
baseline,QC_SOP_078,1
identify,QC_SOP_078,1
suppression,QC_SOP_078,1
analytes,QC_SOP_078,1
predefined,QC_SOP_078,1
compare,QC_SOP_078,1
detection,QC_SOP_078,1
parameters,QC_SOP_078,1
observed,QC_SOP_078,1
procedure,QC_SOP_078,1
reported,QC_SOP_078,1
specification,QC_SOP_078,1
about,QC_SOP_078,1
solutions,QC_SOP_078,1
validated,QC_SOP_078,1
calculation,QC_SOP_078,1
acceptable,QC_SOP_078,1
impurity,QC_SOP_078,1
related,QC_SOP_078,1
replicate,QC_SOP_078,1
methods,QC_SOP_078,1
disturbance,QC_SOP_078,1
lower,QC_SOP_078,1
residual,QC_SOP_078,1
trace,QC_SOP_078,1
criterion,QC_SOP_078,1
varying,QC_SOP_079,1
assay,QC_SOP_079,1
challenges,QC_SOP_079,1
result,QC_SOP_079,1
beyond,QC_SOP_079,1
control,QC_SOP_079,1
performance,QC_SOP_079,1
affect,QC_SOP_079,1
failure,QC_SOP_079,1
testing,QC_SOP_079,1
shape,QC_SOP_079,1
scope,QC_SOP_079,1
define,QC_SOP_079,1
altered,QC_SOP_079,1
where,QC_SOP_079,1
purpose,QC_SOP_079,1
applicable,QC_SOP_079,1
retention,QC_SOP_079,1
procedural,QC_SOP_079,1
routine,QC_SOP_079,1
criteria,QC_SOP_079,1
robustness,QC_SOP_079,1
suitability,QC_SOP_079,1
plate,QC_SOP_079,1
thresholds,QC_SOP_079,1
references,QC_SOP_079,1
cause,QC_SOP_079,1
tested,QC_SOP_079,1
count,QC_SOP_079,1
acceptance,QC_SOP_079,1
condition,QC_SOP_079,1
method,QC_SOP_079,1
prepared,QC_SOP_079,1
design,QC_SOP_079,1
unjustified,QC_SOP_079,1
composition,QC_SOP_079,1
small,QC_SOP_079,1
proposed,QC_SOP_079,1
standard,QC_SOP_079,1
impurities,QC_SOP_079,1
development,QC_SOP_079,1
fronting,QC_SOP_079,1
decisions,QC_SOP_079,1
produce,QC_SOP_079,1
specifications,QC_SOP_079,1
remain,QC_SOP_079,1
conditions,QC_SOP_079,1
integration,QC_SOP_079,1
operational,QC_SOP_079,1
perform,QC_SOP_079,1
results,QC_SOP_079,1
requiring,QC_SOP_079,1
document,QC_SOP_079,1
critical,QC_SOP_079,1
report,QC_SOP_079,1
exceeding,QC_SOP_079,1
previously,QC_SOP_079,1
occur,QC_SOP_079,1
assessment,QC_SOP_079,1
delayed,QC_SOP_079,1
quantitative,QC_SOP_079,1
variable,QC_SOP_079,1
solvents,QC_SOP_079,1
injection,QC_SOP_079,1
laboratory,QC_SOP_079,1
column,QC_SOP_079,1
analysis,QC_SOP_079,1
peaks,QC_SOP_079,1
creates,QC_SOP_079,1
based,QC_SOP_079,1
approved,QC_SOP_079,1
system,QC_SOP_079,1
title,QC_SOP_079,1
volume,QC_SOP_079,1
phase,QC_SOP_079,1
sensitivity,QC_SOP_079,1
change,QC_SOP_079,1
using,QC_SOP_079,1
wavelength,QC_SOP_079,1
detector,QC_SOP_079,1
validation,QC_SOP_079,1
multivariate,QC_SOP_079,1
monitor,QC_SOP_079,1
split,QC_SOP_079,1
under,QC_SOP_079,1
minor,QC_SOP_079,1
tighter,QC_SOP_079,1
chromatographic,QC_SOP_079,1
intentionally,QC_SOP_079,1
identify,QC_SOP_079,1
whether,QC_SOP_079,1
during,QC_SOP_079,1
sample,QC_SOP_079,1
knowledge,QC_SOP_079,1
analytical,QC_SOP_079,1
changes,QC_SOP_079,1
variation,QC_SOP_079,1
mobile,QC_SOP_079,1
determining,QC_SOP_079,1
representative,QC_SOP_079,1
temperature,QC_SOP_079,1
parameters,QC_SOP_079,1
stability-indicating,QC_SOP_079,1
procedure,QC_SOP_079,1
clarifications,QC_SOP_079,1
justified,QC_SOP_079,1
solutions,QC_SOP_079,1
record,QC_SOP_079,1
validated,QC_SOP_079,1
select,QC_SOP_079,1
resolution,QC_SOP_079,1
conclusions,QC_SOP_079,1
acceptable,QC_SOP_079,1
range,QC_SOP_079,1
impurity,QC_SOP_079,1
tailing,QC_SOP_079,1
methods,QC_SOP_079,1
study,QC_SOP_079,1
residual,QC_SOP_079,1
operation,QC_SOP_079,1
before,QC_SOP_080,1
assay,QC_SOP_080,1
portion,QC_SOP_080,1
compatibility,QC_SOP_080,1
control,QC_SOP_080,1
homogeneous,QC_SOP_080,1
contribution,QC_SOP_080,1
testing,QC_SOP_080,1
scope,QC_SOP_080,1
cellulose,QC_SOP_080,1
meaningful,QC_SOP_080,1
inline,QC_SOP_080,1
number,QC_SOP_080,1
across,QC_SOP_080,1
where,QC_SOP_080,1
analyte,QC_SOP_080,1
purpose,QC_SOP_080,1
applicable,QC_SOP_080,1
hplc-uv,QC_SOP_080,1
reproducible,QC_SOP_080,1
routine,QC_SOP_080,1
criteria,QC_SOP_080,1
autosampler,QC_SOP_080,1
filter,QC_SOP_080,1
adsorption,QC_SOP_080,1
references,QC_SOP_080,1
solvent,QC_SOP_080,1
acceptance,QC_SOP_080,1
condition,QC_SOP_080,1
method,QC_SOP_080,1
assess,QC_SOP_080,1
limit,QC_SOP_080,1
profile,QC_SOP_080,1
filtrate,QC_SOP_080,1
initial,QC_SOP_080,1
prepare,QC_SOP_080,1
practical,QC_SOP_080,1
centrifuged,QC_SOP_080,1
reduction,QC_SOP_080,1
concentration,QC_SOP_080,1
conditions,QC_SOP_080,1
collect,QC_SOP_080,1
difference,QC_SOP_080,1
between,QC_SOP_080,1
consistent,QC_SOP_080,1
results,QC_SOP_080,1
requiring,QC_SOP_080,1
filtered,QC_SOP_080,1
absorbance,QC_SOP_080,1
support,QC_SOP_080,1
product,QC_SOP_080,1
establish,QC_SOP_080,1
become,QC_SOP_080,1
visible,QC_SOP_080,1
approve,QC_SOP_080,1
uhplc,QC_SOP_080,1
preparation,QC_SOP_080,1
introduce,QC_SOP_080,1
required,QC_SOP_080,1
levels,QC_SOP_080,1
reference,QC_SOP_080,1
generally,QC_SOP_080,1
injection,QC_SOP_080,1
within,QC_SOP_080,1
materials,QC_SOP_080,1
laboratory,QC_SOP_080,1
analysis,QC_SOP_080,1
in-process,QC_SOP_080,1
based,QC_SOP_080,1
unfiltered,QC_SOP_080,1
sampling,QC_SOP_080,1
approved,QC_SOP_080,1
units,QC_SOP_080,1
title,QC_SOP_080,1
candidate,QC_SOP_080,1
syringe,QC_SOP_080,1
validation,QC_SOP_080,1
extractables,QC_SOP_080,1
pre-wetting,QC_SOP_080,1
regenerated,QC_SOP_080,1
uv-visible,QC_SOP_080,1
carryover,QC_SOP_080,1
substance,QC_SOP_080,1
whether,QC_SOP_080,1
during,QC_SOP_080,1
sample,QC_SOP_080,1
compare,QC_SOP_080,1
analytical,QC_SOP_080,1
subsequent,QC_SOP_080,1
representative,QC_SOP_080,1
evident,QC_SOP_080,1
procedure,QC_SOP_080,1
particulate,QC_SOP_080,1
justified,QC_SOP_080,1
solutions,QC_SOP_080,1
record,QC_SOP_080,1
inconsistent,QC_SOP_080,1
select,QC_SOP_080,1
extended,QC_SOP_080,1
comparison,QC_SOP_080,1
impurity,QC_SOP_080,1
filtration,QC_SOP_080,1
methods,QC_SOP_080,1
discard,QC_SOP_080,1
nylon,QC_SOP_080,1
measurement,QC_SOP_080,1
samples,QC_SOP_081,1
assay,QC_SOP_081,1
precise,QC_SOP_081,1
precision,QC_SOP_081,1
matrix,QC_SOP_081,1
diluent,QC_SOP_081,1
sequence,QC_SOP_081,1
mixing,QC_SOP_081,1
corrected,QC_SOP_081,1
matrix-related,QC_SOP_081,1
scope,QC_SOP_081,1
without,QC_SOP_081,1
define,QC_SOP_081,1
alters,QC_SOP_081,1
response,QC_SOP_081,1
explicitly,QC_SOP_081,1
cleaning,QC_SOP_081,1
container,QC_SOP_081,1
analyte,QC_SOP_081,1
purpose,QC_SOP_081,1
applicable,QC_SOP_081,1
concentrations,QC_SOP_081,1
retention,QC_SOP_081,1
routine,QC_SOP_081,1
criteria,QC_SOP_081,1
exceed,QC_SOP_081,1
which,QC_SOP_081,1
factor,QC_SOP_081,1
references,QC_SOP_081,1
solvent,QC_SOP_081,1
acceptance,QC_SOP_081,1
require,QC_SOP_081,1
commonly,QC_SOP_081,1
cumulative,QC_SOP_081,1
dilute,QC_SOP_081,1
assess,QC_SOP_081,1
method,QC_SOP_081,1
concentrates,QC_SOP_081,1
proposed,QC_SOP_081,1
prepare,QC_SOP_081,1
produce,QC_SOP_081,1
error,QC_SOP_081,1
instruction,QC_SOP_081,1
preparations,QC_SOP_081,1
effects,QC_SOP_081,1
recovery,QC_SOP_081,1
concentration,QC_SOP_081,1
studies,QC_SOP_081,1
document,QC_SOP_081,1
requiring,QC_SOP_081,1
results,QC_SOP_081,1
distortion,QC_SOP_081,1
incomplete,QC_SOP_081,1
evidence,QC_SOP_081,1
pipette,QC_SOP_081,1
dilution,QC_SOP_081,1
verification,QC_SOP_081,1
manufacturing,QC_SOP_081,1
exceeding,QC_SOP_081,1
above,QC_SOP_081,1
volumetric,QC_SOP_081,1
high-concentration,QC_SOP_081,1
final,QC_SOP_081,1
expected,QC_SOP_081,1
calibration,QC_SOP_081,1
within,QC_SOP_081,1
integrity,QC_SOP_081,1
surface,QC_SOP_081,1
relative,QC_SOP_081,1
accurate,QC_SOP_081,1
device,QC_SOP_081,1
targets,QC_SOP_081,1
introduces,QC_SOP_081,1
carryover-related,QC_SOP_081,1
stability,QC_SOP_081,1
title,QC_SOP_081,1
extracts,QC_SOP_081,1
using,QC_SOP_081,1
detector,QC_SOP_081,1
validation,QC_SOP_081,1
after,QC_SOP_081,1
precipitation,QC_SOP_081,1
analyze,QC_SOP_081,1
whether,QC_SOP_081,1
sample,QC_SOP_081,1
demonstrating,QC_SOP_081,1
predefined,QC_SOP_081,1
compare,QC_SOP_081,1
analytical,QC_SOP_081,1
representative,QC_SOP_081,1
procedure,QC_SOP_081,1
above-range,QC_SOP_081,1
justified,QC_SOP_081,1
validated,QC_SOP_081,1
include,QC_SOP_081,1
qualification,QC_SOP_081,1
range,QC_SOP_081,1
impurity,QC_SOP_081,1
serial,QC_SOP_081,1
replicate,QC_SOP_081,1
diluted,QC_SOP_081,1
methods,QC_SOP_081,1
working,QC_SOP_081,1
residual,QC_SOP_081,1
examine,QC_SOP_081,1
criterion,QC_SOP_081,1
spiked,QC_SOP_081,1
chromatograms,QC_SOP_082,1
evaluation,QC_SOP_082,1
assay,QC_SOP_082,1
result,QC_SOP_082,1
sequence,QC_SOP_082,1
fresh,QC_SOP_082,1
testing,QC_SOP_082,1
inspect,QC_SOP_082,1
scope,QC_SOP_082,1
without,QC_SOP_082,1
accuracy,QC_SOP_082,1
define,QC_SOP_082,1
window,QC_SOP_082,1
appropriate,QC_SOP_082,1
response,QC_SOP_082,1
investigate,QC_SOP_082,1
portions,QC_SOP_082,1
validity,QC_SOP_082,1
reinjection,QC_SOP_082,1
intervals,QC_SOP_082,1
where,QC_SOP_082,1
analyte,QC_SOP_082,1
purpose,QC_SOP_082,1
applicable,QC_SOP_082,1
refrigerated,QC_SOP_082,1
protection,QC_SOP_082,1
routine,QC_SOP_082,1
criteria,QC_SOP_082,1
autosampler,QC_SOP_082,1
factor,QC_SOP_082,1
adsorption,QC_SOP_082,1
references,QC_SOP_082,1
criterion,QC_SOP_082,1
sequences,QC_SOP_082,1
interrupted,QC_SOP_082,1
solvent,QC_SOP_082,1
incorporate,QC_SOP_082,1
acceptance,QC_SOP_082,1
impurity-specific,QC_SOP_082,1
commonly,QC_SOP_082,1
method,QC_SOP_082,1
prepared,QC_SOP_082,1
method-specific,QC_SOP_082,1
release,QC_SOP_082,1
limit,QC_SOP_082,1
allowable,QC_SOP_082,1
repeated,QC_SOP_082,1
degradation,QC_SOP_082,1
initial,QC_SOP_082,1
prepare,QC_SOP_082,1
standard,QC_SOP_082,1
finalized,QC_SOP_082,1
remain,QC_SOP_082,1
conditions,QC_SOP_082,1
profiles,QC_SOP_082,1
promptly,QC_SOP_082,1
results,QC_SOP_082,1
investigation,QC_SOP_082,1
absorbance,QC_SOP_082,1
signal,QC_SOP_082,1
establish,QC_SOP_082,1
exceeding,QC_SOP_082,1
preparation,QC_SOP_082,1
operations,QC_SOP_082,1
prolonged,QC_SOP_082,1
required,QC_SOP_082,1
within,QC_SOP_082,1
store,QC_SOP_082,1
appear,QC_SOP_082,1
drift,QC_SOP_082,1
significant,QC_SOP_082,1
evaporation,QC_SOP_082,1
laboratory,QC_SOP_082,1
peaks,QC_SOP_082,1
duration,QC_SOP_082,1
stability,QC_SOP_082,1
title,QC_SOP_082,1
solution,QC_SOP_082,1
amber,QC_SOP_082,1
change,QC_SOP_082,1
using,QC_SOP_082,1
time-zero,QC_SOP_082,1
validation,QC_SOP_082,1
restriction,QC_SOP_082,1
defined,QC_SOP_082,1
under,QC_SOP_082,1
titrimetric,QC_SOP_082,1
after,QC_SOP_082,1
generate,QC_SOP_082,1
reanalyze,QC_SOP_082,1
chromatographic,QC_SOP_082,1
precipitation,QC_SOP_082,1
example,QC_SOP_082,1
baseline,QC_SOP_082,1
analyze,QC_SOP_082,1
whether,QC_SOP_082,1
during,QC_SOP_082,1
sample,QC_SOP_082,1
arise,QC_SOP_082,1
predefined,QC_SOP_082,1
compare,QC_SOP_082,1
spectrophotometric,QC_SOP_082,1
analytical,QC_SOP_082,1
changes,QC_SOP_082,1
interruption,QC_SOP_082,1
maintained,QC_SOP_082,1
temperature,QC_SOP_082,1
procedure,QC_SOP_082,1
justified,QC_SOP_082,1
solutions,QC_SOP_082,1
record,QC_SOP_082,1
variability,QC_SOP_082,1
storage,QC_SOP_082,1
acceptable,QC_SOP_082,1
impurity,QC_SOP_082,1
hours,QC_SOP_082,1
replicate,QC_SOP_082,1
methods,QC_SOP_082,1
instrument-related,QC_SOP_082,1
longer,QC_SOP_082,1
influence,QC_SOP_082,1
interpretation,QC_SOP_083,1
typically,QC_SOP_083,1
assay,QC_SOP_083,1
samples,QC_SOP_083,1
claiming,QC_SOP_083,1
manner,QC_SOP_083,1
control,QC_SOP_083,1
performance,QC_SOP_083,1
describe,QC_SOP_083,1
dosage,QC_SOP_083,1
challenge,QC_SOP_083,1
specificity,QC_SOP_083,1
target,QC_SOP_083,1
scope,QC_SOP_083,1
without,QC_SOP_083,1
shelf-life,QC_SOP_083,1
meaningful,QC_SOP_083,1
separated,QC_SOP_083,1
appropriate,QC_SOP_083,1
difficulties,QC_SOP_083,1
trend,QC_SOP_083,1
parent,QC_SOP_083,1
where,QC_SOP_083,1
analyte,QC_SOP_083,1
purpose,QC_SOP_083,1
applicable,QC_SOP_083,1
relevant,QC_SOP_083,1
strategy,QC_SOP_083,1
neutralize,QC_SOP_083,1
criteria,QC_SOP_083,1
references,QC_SOP_083,1
staged,QC_SOP_083,1
artifacts,QC_SOP_083,1
adjustment,QC_SOP_083,1
separation,QC_SOP_083,1
acceptance,QC_SOP_083,1
method,QC_SOP_083,1
degradants,QC_SOP_083,1
design,QC_SOP_083,1
profile,QC_SOP_083,1
degradation,QC_SOP_083,1
prior,QC_SOP_083,1
often,QC_SOP_083,1
development,QC_SOP_083,1
comparative,QC_SOP_083,1
remain,QC_SOP_083,1
conditions,QC_SOP_083,1
conclusion,QC_SOP_083,1
demonstrated,QC_SOP_083,1
oxidation,QC_SOP_083,1
studies,QC_SOP_083,1
while,QC_SOP_083,1
unstressed,QC_SOP_083,1
support,QC_SOP_083,1
stabilize,QC_SOP_083,1
intended,QC_SOP_083,1
around,QC_SOP_083,1
controlled,QC_SOP_083,1
stressed,QC_SOP_083,1
documentation,QC_SOP_083,1
final,QC_SOP_083,1
interpretable,QC_SOP_083,1
required,QC_SOP_083,1
determination,QC_SOP_083,1
secondary,QC_SOP_083,1
capability,QC_SOP_083,1
molecule,QC_SOP_083,1
significant,QC_SOP_083,1
including,QC_SOP_083,1
sufficient,QC_SOP_083,1
analysis,QC_SOP_083,1
solely,QC_SOP_083,1
apply,QC_SOP_083,1
preserving,QC_SOP_083,1
sampling,QC_SOP_083,1
material,QC_SOP_083,1
stability,QC_SOP_083,1
enough,QC_SOP_083,1
title,QC_SOP_083,1
candidate,QC_SOP_083,1
change,QC_SOP_083,1
forced,QC_SOP_083,1
using,QC_SOP_083,1
justify,QC_SOP_083,1
validation,QC_SOP_083,1
balance,QC_SOP_083,1
formulation,QC_SOP_083,1
generate,QC_SOP_083,1
reporting,QC_SOP_083,1
evaluate,QC_SOP_083,1
chromatographic,QC_SOP_083,1
precipitation,QC_SOP_083,1
analyze,QC_SOP_083,1
insoluble,QC_SOP_083,1
sample,QC_SOP_083,1
light,QC_SOP_083,1
avoid,QC_SOP_083,1
analytical,QC_SOP_083,1
appearance,QC_SOP_083,1
unrealistic,QC_SOP_083,1
representative,QC_SOP_083,1
creating,QC_SOP_083,1
generating,QC_SOP_083,1
insufficiently,QC_SOP_083,1
parameters,QC_SOP_083,1
stability-indicating,QC_SOP_083,1
purity,QC_SOP_083,1
procedure,QC_SOP_083,1
record,QC_SOP_083,1
humidity,QC_SOP_083,1
select,QC_SOP_083,1
comparison,QC_SOP_083,1
challenged,QC_SOP_083,1
measurable,QC_SOP_083,1
impurity,QC_SOP_083,1
destroying,QC_SOP_083,1
scientifically,QC_SOP_083,1
points,QC_SOP_083,1
methods,QC_SOP_083,1
stress,QC_SOP_083,1
study,QC_SOP_083,1
quantitation,QC_SOP_084,1
periodic,QC_SOP_084,1
result,QC_SOP_084,1
control,QC_SOP_084,1
instability,QC_SOP_084,1
matrix,QC_SOP_084,1
sequence,QC_SOP_084,1
quantified,QC_SOP_084,1
scope,QC_SOP_084,1
window,QC_SOP_084,1
define,QC_SOP_084,1
background,QC_SOP_084,1
accuracy,QC_SOP_084,1
response,QC_SOP_084,1
investigate,QC_SOP_084,1
calculate,QC_SOP_084,1
applied,QC_SOP_084,1
across,QC_SOP_084,1
where,QC_SOP_084,1
against,QC_SOP_084,1
analyte,QC_SOP_084,1
purpose,QC_SOP_084,1
applicable,QC_SOP_084,1
relevant,QC_SOP_084,1
reproducible,QC_SOP_084,1
calculations,QC_SOP_084,1
actual,QC_SOP_084,1
routine,QC_SOP_084,1
criteria,QC_SOP_084,1
relies,QC_SOP_084,1
requirements,QC_SOP_084,1
factor,QC_SOP_084,1
references,QC_SOP_084,1
acceptance,QC_SOP_084,1
relationship,QC_SOP_084,1
determine,QC_SOP_084,1
method,QC_SOP_084,1
assess,QC_SOP_084,1
limit,QC_SOP_084,1
degradation,QC_SOP_084,1
prepare,QC_SOP_084,1
standard,QC_SOP_084,1
impurities,QC_SOP_084,1
finalized,QC_SOP_084,1
remain,QC_SOP_084,1
concentration,QC_SOP_084,1
conditions,QC_SOP_084,1
integration,QC_SOP_084,1
remains,QC_SOP_084,1
approach,QC_SOP_084,1
document,QC_SOP_084,1
support,QC_SOP_084,1
rather,QC_SOP_084,1
intended,QC_SOP_084,1
product,QC_SOP_084,1
verification,QC_SOP_084,1
preparation,QC_SOP_084,1
controlled,QC_SOP_084,1
subject,QC_SOP_084,1
consistency,QC_SOP_084,1
revisions,QC_SOP_084,1
calibration,QC_SOP_084,1
levels,QC_SOP_084,1
determination,QC_SOP_084,1
within,QC_SOP_084,1
every,QC_SOP_084,1
established,QC_SOP_084,1
relative,QC_SOP_084,1
title,QC_SOP_084,1
alter,QC_SOP_084,1
change,QC_SOP_084,1
using,QC_SOP_084,1
factors,QC_SOP_084,1
detector,QC_SOP_084,1
instrument,QC_SOP_084,1
validation,QC_SOP_084,1
under,QC_SOP_084,1
valid,QC_SOP_084,1
after,QC_SOP_084,1
standards,QC_SOP_084,1
evaluate,QC_SOP_084,1
chromatographic,QC_SOP_084,1
confirm,QC_SOP_084,1
substance,QC_SOP_084,1
needed,QC_SOP_084,1
resolved,QC_SOP_084,1
whether,QC_SOP_084,1
sample,QC_SOP_084,1
traceable,QC_SOP_084,1
predefined,QC_SOP_084,1
lifecycle,QC_SOP_084,1
distort,QC_SOP_084,1
procedure,QC_SOP_084,1
context,QC_SOP_084,1
justified,QC_SOP_084,1
include,QC_SOP_084,1
variability,QC_SOP_084,1
range,QC_SOP_084,1
nonlinearity,QC_SOP_084,1
impurity,QC_SOP_084,1
scientifically,QC_SOP_084,1
adequately,QC_SOP_084,1
surrogate,QC_SOP_084,1
methods,QC_SOP_084,1
check,QC_SOP_084,1
ensuring,QC_SOP_084,1
direct,QC_SOP_084,1
effects,QC_SOP_084,1
large,QC_SOP_084,1
periodic,QC_SOP_085,1
chromatograms,QC_SOP_085,1
assay,QC_SOP_085,1
shoulder,QC_SOP_085,1
result,QC_SOP_085,1
beyond,QC_SOP_085,1
precision,QC_SOP_085,1
control,QC_SOP_085,1
validation-linked,QC_SOP_085,1
placement,QC_SOP_085,1
specificity,QC_SOP_085,1
reintegration,QC_SOP_085,1
reviewer,QC_SOP_085,1
testing,QC_SOP_085,1
scope,QC_SOP_085,1
merged,QC_SOP_085,1
define,QC_SOP_085,1
intervention,QC_SOP_085,1
basis,QC_SOP_085,1
purpose,QC_SOP_085,1
applicable,QC_SOP_085,1
reproducible,QC_SOP_085,1
criteria,QC_SOP_085,1
robustness,QC_SOP_085,1
shoulders,QC_SOP_085,1
requirements,QC_SOP_085,1
uncontrolled,QC_SOP_085,1
which,QC_SOP_085,1
references,QC_SOP_085,1
low-level,QC_SOP_085,1
acceptance,QC_SOP_085,1
require,QC_SOP_085,1
determine,QC_SOP_085,1
method,QC_SOP_085,1
fully,QC_SOP_085,1
unjustified,QC_SOP_085,1
valley,QC_SOP_085,1
fronting,QC_SOP_085,1
certain,QC_SOP_085,1
specifications,QC_SOP_085,1
scientific,QC_SOP_085,1
discretion,QC_SOP_085,1
conditions,QC_SOP_085,1
threshold,QC_SOP_085,1
integration,QC_SOP_085,1
studies,QC_SOP_085,1
written,QC_SOP_085,1
automated,QC_SOP_085,1
results,QC_SOP_085,1
original,QC_SOP_085,1
establish,QC_SOP_085,1
analyst,QC_SOP_085,1
exceeding,QC_SOP_085,1
controlled,QC_SOP_085,1
final,QC_SOP_085,1
noise,QC_SOP_085,1
introduce,QC_SOP_085,1
package,QC_SOP_085,1
every,QC_SOP_085,1
reason,QC_SOP_085,1
correction,QC_SOP_085,1
including,QC_SOP_085,1
peaks,QC_SOP_085,1
apply,QC_SOP_085,1
spikes,QC_SOP_085,1
improvement,QC_SOP_085,1
system,QC_SOP_085,1
title,QC_SOP_085,1
reviewable,QC_SOP_085,1
versus,QC_SOP_085,1
validation,QC_SOP_085,1
split,QC_SOP_085,1
handling,QC_SOP_085,1
generated,QC_SOP_085,1
outcomes,QC_SOP_085,1
evaluate,QC_SOP_085,1
chromatographic,QC_SOP_085,1
controls,QC_SOP_085,1
instead,QC_SOP_085,1
baseline,QC_SOP_085,1
chromatogram,QC_SOP_085,1
action,QC_SOP_085,1
ensure,QC_SOP_085,1
identity,QC_SOP_085,1
whether,QC_SOP_085,1
during,QC_SOP_085,1
traceable,QC_SOP_085,1
predefined,QC_SOP_085,1
compare,QC_SOP_085,1
changes,QC_SOP_085,1
lacking,QC_SOP_085,1
manual,QC_SOP_085,1
audit,QC_SOP_085,1
representative,QC_SOP_085,1
trail,QC_SOP_085,1
value,QC_SOP_085,1
managed,QC_SOP_085,1
recurring,QC_SOP_085,1
finalize,QC_SOP_085,1
procedure,QC_SOP_085,1
record,QC_SOP_085,1
create,QC_SOP_085,1
variability,QC_SOP_085,1
acceptable,QC_SOP_085,1
impurity,QC_SOP_085,1
expectations,QC_SOP_085,1
methods,QC_SOP_085,1
treatment,QC_SOP_085,1
rules,QC_SOP_085,1
review,QC_SOP_085,1
assay,QC_SOP_086,1
samples,QC_SOP_086,1
precise,QC_SOP_086,1
precision,QC_SOP_086,1
control,QC_SOP_086,1
performance,QC_SOP_086,1
included,QC_SOP_086,1
describe,QC_SOP_086,1
linear,QC_SOP_086,1
unsupported,QC_SOP_086,1
target,QC_SOP_086,1
scope,QC_SOP_086,1
accuracy,QC_SOP_086,1
response,QC_SOP_086,1
supported,QC_SOP_086,1
across,QC_SOP_086,1
where,QC_SOP_086,1
purpose,QC_SOP_086,1
applicable,QC_SOP_086,1
establishment,QC_SOP_086,1
likely,QC_SOP_086,1
routine,QC_SOP_086,1
criteria,QC_SOP_086,1
autosampler,QC_SOP_086,1
requirements,QC_SOP_086,1
finished,QC_SOP_086,1
references,QC_SOP_086,1
acceptance,QC_SOP_086,1
commonly,QC_SOP_086,1
claim,QC_SOP_086,1
method,QC_SOP_086,1
assess,QC_SOP_086,1
independent,QC_SOP_086,1
design,QC_SOP_086,1
restrictions,QC_SOP_086,1
proposed,QC_SOP_086,1
convenience,QC_SOP_086,1
practical,QC_SOP_086,1
certain,QC_SOP_086,1
preparations,QC_SOP_086,1
recovery,QC_SOP_086,1
concentration,QC_SOP_086,1
broader,QC_SOP_086,1
demonstrated,QC_SOP_086,1
studies,QC_SOP_086,1
document,QC_SOP_086,1
intended,QC_SOP_086,1
rather,QC_SOP_086,1
become,QC_SOP_086,1
dilution,QC_SOP_086,1
manufacturing,QC_SOP_086,1
around,QC_SOP_086,1
spanning,QC_SOP_086,1
unless,QC_SOP_086,1
final,QC_SOP_086,1
increased,QC_SOP_086,1
expected,QC_SOP_086,1
situations,QC_SOP_086,1
linearity,QC_SOP_086,1
quantitative,QC_SOP_086,1
calibration,QC_SOP_086,1
levels,QC_SOP_086,1
determination,QC_SOP_086,1
required,QC_SOP_086,1
alternate,QC_SOP_086,1
integrity,QC_SOP_086,1
materials,QC_SOP_086,1
significant,QC_SOP_086,1
including,QC_SOP_086,1
accurate,QC_SOP_086,1
in-process,QC_SOP_086,1
justification,QC_SOP_086,1
potential,QC_SOP_086,1
based,QC_SOP_086,1
stability,QC_SOP_086,1
title,QC_SOP_086,1
outside,QC_SOP_086,1
change,QC_SOP_086,1
using,QC_SOP_086,1
validation,QC_SOP_086,1
titrimetric,QC_SOP_086,1
products,QC_SOP_086,1
generate,QC_SOP_086,1
limits,QC_SOP_086,1
chromatographic,QC_SOP_086,1
substance,QC_SOP_086,1
shown,QC_SOP_086,1
edge-of-range,QC_SOP_086,1
identify,QC_SOP_086,1
whether,QC_SOP_086,1
encountered,QC_SOP_086,1
techniques,QC_SOP_086,1
non-proportional,QC_SOP_086,1
selected,QC_SOP_086,1
spectrophotometric,QC_SOP_086,1
interval,QC_SOP_086,1
representative,QC_SOP_086,1
procedure,QC_SOP_086,1
validated,QC_SOP_086,1
include,QC_SOP_086,1
variability,QC_SOP_086,1
acceptable,QC_SOP_086,1
range,QC_SOP_086,1
filtration,QC_SOP_086,1
methods,QC_SOP_086,1
working,QC_SOP_086,1
review,QC_SOP_086,1
effects,QC_SOP_086,1
before,QC_SOP_087,1
suitable,QC_SOP_087,1
bound,QC_SOP_087,1
samples,QC_SOP_087,1
precision,QC_SOP_087,1
performance,QC_SOP_087,1
instrumentation,QC_SOP_087,1
invalidates,QC_SOP_087,1
matrix,QC_SOP_087,1
challenge,QC_SOP_087,1
specificity,QC_SOP_087,1
sealed,QC_SOP_087,1
scope,QC_SOP_087,1
static-prone,QC_SOP_087,1
background,QC_SOP_087,1
define,QC_SOP_087,1
accuracy,QC_SOP_087,1
hygroscopic,QC_SOP_087,1
speed,QC_SOP_087,1
affected,QC_SOP_087,1
where,QC_SOP_087,1
purpose,QC_SOP_087,1
applicable,QC_SOP_087,1
relevant,QC_SOP_087,1
transfer,QC_SOP_087,1
criteria,QC_SOP_087,1
robustness,QC_SOP_087,1
moisture-sensitive,QC_SOP_087,1
especially,QC_SOP_087,1
interfere,QC_SOP_087,1
requirements,QC_SOP_087,1
uncontrolled,QC_SOP_087,1
references,QC_SOP_087,1
intermediates,QC_SOP_087,1
important,QC_SOP_087,1
low-level,QC_SOP_087,1
solvent,QC_SOP_087,1
acceptance,QC_SOP_087,1
condition,QC_SOP_087,1
method,QC_SOP_087,1
assess,QC_SOP_087,1
independent,QC_SOP_087,1
release,QC_SOP_087,1
design,QC_SOP_087,1
technique,QC_SOP_087,1
limit,QC_SOP_087,1
small,QC_SOP_087,1
low-moisture,QC_SOP_087,1
lyophilized,QC_SOP_087,1
moisture,QC_SOP_087,1
preparations,QC_SOP_087,1
beginning,QC_SOP_087,1
recovery,QC_SOP_087,1
introduction,QC_SOP_087,1
endpoint,QC_SOP_087,1
remain,QC_SOP_087,1
while,QC_SOP_087,1
results,QC_SOP_087,1
highly,QC_SOP_087,1
critical,QC_SOP_087,1
intended,QC_SOP_087,1
incomplete,QC_SOP_087,1
fischer,QC_SOP_087,1
verify,QC_SOP_087,1
reactions,QC_SOP_087,1
controlled,QC_SOP_087,1
intrusion,QC_SOP_087,1
addition,QC_SOP_087,1
final,QC_SOP_087,1
levels,QC_SOP_087,1
determination,QC_SOP_087,1
injection,QC_SOP_087,1
within,QC_SOP_087,1
materials,QC_SOP_087,1
drift,QC_SOP_087,1
through,QC_SOP_087,1
vessel,QC_SOP_087,1
certified,QC_SOP_087,1
sampling,QC_SOP_087,1
title,QC_SOP_087,1
sensitivity,QC_SOP_087,1
using,QC_SOP_087,1
instrument,QC_SOP_087,1
validation,QC_SOP_087,1
water,QC_SOP_087,1
makes,QC_SOP_087,1
generator,QC_SOP_087,1
handling,QC_SOP_087,1
exposure,QC_SOP_087,1
indirect,QC_SOP_087,1
evaluate,QC_SOP_087,1
analytically,QC_SOP_087,1
confirm,QC_SOP_087,1
controlling,QC_SOP_087,1
attachment,QC_SOP_087,1
whether,QC_SOP_087,1
sample,QC_SOP_087,1
content,QC_SOP_087,1
predefined,QC_SOP_087,1
electrode,QC_SOP_087,1
reviewing,QC_SOP_087,1
detection,QC_SOP_087,1
changes,QC_SOP_087,1
representative,QC_SOP_087,1
reproducibility,QC_SOP_087,1
atmospheric,QC_SOP_087,1
temperature,QC_SOP_087,1
procedure,QC_SOP_087,1
coulometric,QC_SOP_087,1
specification,QC_SOP_087,1
demonstrate,QC_SOP_087,1
operator,QC_SOP_087,1
dried,QC_SOP_087,1
laboratories,QC_SOP_087,1
replicate,QC_SOP_087,1
transfers,QC_SOP_087,1
analyzed,QC_SOP_087,1
study,QC_SOP_087,1
direct,QC_SOP_087,1
residual,QC_SOP_087,1
reagent,QC_SOP_087,1
absolute,QC_SOP_087,1
quantitation,QC_SOP_088,1
decomposition,QC_SOP_088,1
samples,QC_SOP_088,1
volatile,QC_SOP_088,1
precision,QC_SOP_088,1
performance,QC_SOP_088,1
affect,QC_SOP_088,1
sequence,QC_SOP_088,1
high-volatility,QC_SOP_088,1
scope,QC_SOP_088,1
multiple,QC_SOP_088,1
without,QC_SOP_088,1
response,QC_SOP_088,1
leakage,QC_SOP_088,1
process,QC_SOP_088,1
across,QC_SOP_088,1
altered,QC_SOP_088,1
other,QC_SOP_088,1
where,QC_SOP_088,1
analyte,QC_SOP_088,1
purpose,QC_SOP_088,1
applicable,QC_SOP_088,1
septa,QC_SOP_088,1
reproducible,QC_SOP_088,1
routine,QC_SOP_088,1
criteria,QC_SOP_088,1
suitability,QC_SOP_088,1
finished,QC_SOP_088,1
references,QC_SOP_088,1
partitioning,QC_SOP_088,1
holding,QC_SOP_088,1
solvent,QC_SOP_088,1
acceptance,QC_SOP_088,1
assess,QC_SOP_088,1
profile,QC_SOP_088,1
degradation,QC_SOP_088,1
proposed,QC_SOP_088,1
prepare,QC_SOP_088,1
practical,QC_SOP_088,1
interaction,QC_SOP_088,1
components,QC_SOP_088,1
vials,QC_SOP_088,1
associated,QC_SOP_088,1
conditions,QC_SOP_088,1
setting,QC_SOP_088,1
studies,QC_SOP_088,1
throughput,QC_SOP_088,1
crimp,QC_SOP_088,1
causes,QC_SOP_088,1
instrumental,QC_SOP_088,1
while,QC_SOP_088,1
headspace,QC_SOP_088,1
consistent,QC_SOP_088,1
document,QC_SOP_088,1
investigation,QC_SOP_088,1
product,QC_SOP_088,1
establish,QC_SOP_088,1
evidence,QC_SOP_088,1
around,QC_SOP_088,1
prolonged,QC_SOP_088,1
parameter,QC_SOP_088,1
solvents,QC_SOP_088,1
constant,QC_SOP_088,1
equilibration,QC_SOP_088,1
analysis,QC_SOP_088,1
approved,QC_SOP_088,1
sampling,QC_SOP_088,1
supplier,QC_SOP_088,1
title,QC_SOP_088,1
volume,QC_SOP_088,1
sample-to-sample,QC_SOP_088,1
instrument,QC_SOP_088,1
validation,QC_SOP_088,1
after,QC_SOP_088,1
standards,QC_SOP_088,1
evaluate,QC_SOP_088,1
carryover,QC_SOP_088,1
chromatographic,QC_SOP_088,1
substance,QC_SOP_088,1
packaging,QC_SOP_088,1
whether,QC_SOP_088,1
times,QC_SOP_088,1
analytes,QC_SOP_088,1
demonstrating,QC_SOP_088,1
selected,QC_SOP_088,1
compare,QC_SOP_088,1
analytical,QC_SOP_088,1
order,QC_SOP_088,1
pressure-related,QC_SOP_088,1
representative,QC_SOP_088,1
temperature,QC_SOP_088,1
finalize,QC_SOP_088,1
provide,QC_SOP_088,1
different,QC_SOP_088,1
procedure,QC_SOP_088,1
validated,QC_SOP_088,1
include,QC_SOP_088,1
variability,QC_SOP_088,1
issues,QC_SOP_088,1
acceptable,QC_SOP_088,1
methods,QC_SOP_088,1
study,QC_SOP_088,1
residual,QC_SOP_088,1
ghost,QC_SOP_088,1
influence,QC_SOP_088,1
quantitation,QC_SOP_089,1
evaluation,QC_SOP_089,1
overlap,QC_SOP_089,1
assay,QC_SOP_089,1
necessary,QC_SOP_089,1
spectral,QC_SOP_089,1
control,QC_SOP_089,1
describe,QC_SOP_089,1
dosage,QC_SOP_089,1
matrix,QC_SOP_089,1
specificity,QC_SOP_089,1
modify,QC_SOP_089,1
scope,QC_SOP_089,1
manufacturing-process-equivalent,QC_SOP_089,1
where,QC_SOP_089,1
other,QC_SOP_089,1
extraction,QC_SOP_089,1
analyte,QC_SOP_089,1
purpose,QC_SOP_089,1
applicable,QC_SOP_089,1
relevant,QC_SOP_089,1
criteria,QC_SOP_089,1
region,QC_SOP_089,1
leachables,QC_SOP_089,1
finished,QC_SOP_089,1
references,QC_SOP_089,1
artifacts,QC_SOP_089,1
separation,QC_SOP_089,1
acceptance,QC_SOP_089,1
condition,QC_SOP_089,1
colorants,QC_SOP_089,1
assess,QC_SOP_089,1
composition,QC_SOP_089,1
excipients,QC_SOP_089,1
prepare,QC_SOP_089,1
standard,QC_SOP_089,1
coating,QC_SOP_089,1
components,QC_SOP_089,1
recovery,QC_SOP_089,1
future,QC_SOP_089,1
container-related,QC_SOP_089,1
conditions,QC_SOP_089,1
integration,QC_SOP_089,1
placebo,QC_SOP_089,1
differences,QC_SOP_089,1
preservatives,QC_SOP_089,1
between,QC_SOP_089,1
forms,QC_SOP_089,1
distortion,QC_SOP_089,1
becomes,QC_SOP_089,1
absorbance,QC_SOP_089,1
product,QC_SOP_089,1
dilution,QC_SOP_089,1
preparation,QC_SOP_089,1
controlled,QC_SOP_089,1
assessment,QC_SOP_089,1
quantitative,QC_SOP_089,1
materials,QC_SOP_089,1
significant,QC_SOP_089,1
impact,QC_SOP_089,1
alone,QC_SOP_089,1
late-eluting,QC_SOP_089,1
component,QC_SOP_089,1
peaks,QC_SOP_089,1
complicate,QC_SOP_089,1
derivatization,QC_SOP_089,1
title,QC_SOP_089,1
formulated,QC_SOP_089,1
change,QC_SOP_089,1
using,QC_SOP_089,1
wavelength,QC_SOP_089,1
excipient,QC_SOP_089,1
validation,QC_SOP_089,1
active,QC_SOP_089,1
after,QC_SOP_089,1
parallel,QC_SOP_089,1
uv-visible,QC_SOP_089,1
evaluate,QC_SOP_089,1
chromatographic,QC_SOP_089,1
baseline,QC_SOP_089,1
analyze,QC_SOP_089,1
pronounced,QC_SOP_089,1
whether,QC_SOP_089,1
during,QC_SOP_089,1
sample,QC_SOP_089,1
techniques,QC_SOP_089,1
predefined,QC_SOP_089,1
analytical,QC_SOP_089,1
changes,QC_SOP_089,1
representative,QC_SOP_089,1
procedure,QC_SOP_089,1
record,QC_SOP_089,1
create,QC_SOP_089,1
assays,QC_SOP_089,1
observations,QC_SOP_089,1
interference,QC_SOP_089,1
adequately,QC_SOP_089,1
methods,QC_SOP_089,1
analyzed,QC_SOP_089,1
treatment,QC_SOP_089,1
stress,QC_SOP_089,1
ensuring,QC_SOP_089,1
review,QC_SOP_089,1
examine,QC_SOP_089,1
measurement,QC_SOP_089,1
spiked,QC_SOP_089,1
ratio,QC_SOP_090,1
samples,QC_SOP_090,1
precision,QC_SOP_090,1
control,QC_SOP_090,1
performance,QC_SOP_090,1
sequence,QC_SOP_090,1
transferred,QC_SOP_090,1
testing,QC_SOP_090,1
scope,QC_SOP_090,1
define,QC_SOP_090,1
status,QC_SOP_090,1
response,QC_SOP_090,1
measures,QC_SOP_090,1
originally,QC_SOP_090,1
investigate,QC_SOP_090,1
gc-fid,QC_SOP_090,1
internal,QC_SOP_090,1
purpose,QC_SOP_090,1
applicable,QC_SOP_090,1
retention,QC_SOP_090,1
transfer,QC_SOP_090,1
routine,QC_SOP_090,1
criteria,QC_SOP_090,1
suitability,QC_SOP_090,1
sampler,QC_SOP_090,1
references,QC_SOP_090,1
assuming,QC_SOP_090,1
solvent,QC_SOP_090,1
acceptance,QC_SOP_090,1
condition,QC_SOP_090,1
method,QC_SOP_090,1
release,QC_SOP_090,1
instruments,QC_SOP_090,1
design,QC_SOP_090,1
systematic,QC_SOP_090,1
prior,QC_SOP_090,1
attributes,QC_SOP_090,1
unexplained,QC_SOP_090,1
conditions,QC_SOP_090,1
documented,QC_SOP_090,1
differences,QC_SOP_090,1
between,QC_SOP_090,1
headspace,QC_SOP_090,1
critical,QC_SOP_090,1
original,QC_SOP_090,1
rather,QC_SOP_090,1
verification,QC_SOP_090,1
verify,QC_SOP_090,1
approve,QC_SOP_090,1
preparation,QC_SOP_090,1
controlled,QC_SOP_090,1
expected,QC_SOP_090,1
required,QC_SOP_090,1
calibration,QC_SOP_090,1
package,QC_SOP_090,1
within,QC_SOP_090,1
liner,QC_SOP_090,1
instrument-specific,QC_SOP_090,1
alone,QC_SOP_090,1
shared,QC_SOP_090,1
another,QC_SOP_090,1
understood,QC_SOP_090,1
laboratory,QC_SOP_090,1
targets,QC_SOP_090,1
setup,QC_SOP_090,1
harmonized,QC_SOP_090,1
equivalent,QC_SOP_090,1
sampling,QC_SOP_090,1
sensitive,QC_SOP_090,1
systems,QC_SOP_090,1
system,QC_SOP_090,1
title,QC_SOP_090,1
comparability,QC_SOP_090,1
installation,QC_SOP_090,1
sensitivity,QC_SOP_090,1
using,QC_SOP_090,1
detector,QC_SOP_090,1
instrument,QC_SOP_090,1
validation,QC_SOP_090,1
settings,QC_SOP_090,1
split,QC_SOP_090,1
under,QC_SOP_090,1
maintenance,QC_SOP_090,1
after,QC_SOP_090,1
interchangeability,QC_SOP_090,1
standards,QC_SOP_090,1
carryover,QC_SOP_090,1
chromatographic,QC_SOP_090,1
details,QC_SOP_090,1
receiving,QC_SOP_090,1
introduced,QC_SOP_090,1
activities,QC_SOP_090,1
analyze,QC_SOP_090,1
qualified,QC_SOP_090,1
analytes,QC_SOP_090,1
predefined,QC_SOP_090,1
compare,QC_SOP_090,1
analytical,QC_SOP_090,1
representative,QC_SOP_090,1
temperature,QC_SOP_090,1
behavior,QC_SOP_090,1
procedure,QC_SOP_090,1
additional,QC_SOP_090,1
proves,QC_SOP_090,1
validated,QC_SOP_090,1
resolution,QC_SOP_090,1
demonstrate,QC_SOP_090,1
acceptable,QC_SOP_090,1
related,QC_SOP_090,1
scientifically,QC_SOP_090,1
configuration,QC_SOP_090,1
sending,QC_SOP_090,1
methods,QC_SOP_090,1
ensuring,QC_SOP_090,1
review,QC_SOP_090,1
residual,QC_SOP_090,1
assay,QC_SOP_091,1
spectral,QC_SOP_091,1
precision,QC_SOP_091,1
control,QC_SOP_091,1
matrix,QC_SOP_091,1
contribution,QC_SOP_091,1
specificity,QC_SOP_091,1
consequence,QC_SOP_091,1
scope,QC_SOP_091,1
separate,QC_SOP_091,1
rationale,QC_SOP_091,1
spectra,QC_SOP_091,1
response,QC_SOP_091,1
visibility,QC_SOP_091,1
explicitly,QC_SOP_091,1
alternatives,QC_SOP_091,1
where,QC_SOP_091,1
analyte,QC_SOP_091,1
purpose,QC_SOP_091,1
hplc-uv,QC_SOP_091,1
applicable,QC_SOP_091,1
relevant,QC_SOP_091,1
routine,QC_SOP_091,1
criteria,QC_SOP_091,1
robustness,QC_SOP_091,1
suitability,QC_SOP_091,1
references,QC_SOP_091,1
low-level,QC_SOP_091,1
non-maximum,QC_SOP_091,1
records,QC_SOP_091,1
solvent,QC_SOP_091,1
acceptance,QC_SOP_091,1
characteristics,QC_SOP_091,1
condition,QC_SOP_091,1
significantly,QC_SOP_091,1
method,QC_SOP_091,1
assess,QC_SOP_091,1
selection,QC_SOP_091,1
degradation,QC_SOP_091,1
small,QC_SOP_091,1
proposed,QC_SOP_091,1
impurities,QC_SOP_091,1
components,QC_SOP_091,1
array,QC_SOP_091,1
placebo,QC_SOP_091,1
documented,QC_SOP_091,1
quality,QC_SOP_091,1
document,QC_SOP_091,1
perform,QC_SOP_091,1
absorbance,QC_SOP_091,1
intended,QC_SOP_091,1
verification,QC_SOP_091,1
adequate,QC_SOP_091,1
needs,QC_SOP_091,1
final,QC_SOP_091,1
noise,QC_SOP_091,1
quantitative,QC_SOP_091,1
required,QC_SOP_091,1
choice,QC_SOP_091,1
chosen,QC_SOP_091,1
balanced,QC_SOP_091,1
wavelength-related,QC_SOP_091,1
analysis,QC_SOP_091,1
potential,QC_SOP_091,1
equivalent,QC_SOP_091,1
photodiode,QC_SOP_091,1
stability,QC_SOP_091,1
system,QC_SOP_091,1
title,QC_SOP_091,1
candidate,QC_SOP_091,1
supports,QC_SOP_091,1
sensitivity,QC_SOP_091,1
using,QC_SOP_091,1
wavelength,QC_SOP_091,1
detector,QC_SOP_091,1
justify,QC_SOP_091,1
improve,QC_SOP_091,1
validation,QC_SOP_091,1
products,QC_SOP_091,1
evaluate,QC_SOP_091,1
controls,QC_SOP_091,1
baseline,QC_SOP_091,1
whether,QC_SOP_091,1
during,QC_SOP_091,1
intensity,QC_SOP_091,1
selected,QC_SOP_091,1
compare,QC_SOP_091,1
variation,QC_SOP_091,1
obtain,QC_SOP_091,1
provide,QC_SOP_091,1
different,QC_SOP_091,1
procedure,QC_SOP_091,1
acquisition,QC_SOP_091,1
justified,QC_SOP_091,1
include,QC_SOP_091,1
acceptable,QC_SOP_091,1
interference,QC_SOP_091,1
selectivity,QC_SOP_091,1
impurity,QC_SOP_091,1
wavelengths,QC_SOP_091,1
replicate,QC_SOP_091,1
affects,QC_SOP_091,1
methods,QC_SOP_091,1
reduce,QC_SOP_091,1
examine,QC_SOP_091,1
ratio,QC_SOP_092,1
assay,QC_SOP_092,1
result,QC_SOP_092,1
instability,QC_SOP_092,1
sequence,QC_SOP_092,1
fresh,QC_SOP_092,1
leave,QC_SOP_092,1
reinjected,QC_SOP_092,1
scope,QC_SOP_092,1
without,QC_SOP_092,1
response,QC_SOP_092,1
reinjection,QC_SOP_092,1
because,QC_SOP_092,1
where,QC_SOP_092,1
analyte,QC_SOP_092,1
purpose,QC_SOP_092,1
applicable,QC_SOP_092,1
retention,QC_SOP_092,1
routine,QC_SOP_092,1
criteria,QC_SOP_092,1
suitability,QC_SOP_092,1
autosampler,QC_SOP_092,1
confirmation,QC_SOP_092,1
references,QC_SOP_092,1
preparing,QC_SOP_092,1
acceptance,QC_SOP_092,1
condition,QC_SOP_092,1
commonly,QC_SOP_092,1
method,QC_SOP_092,1
assess,QC_SOP_092,1
calculated,QC_SOP_092,1
repeated,QC_SOP_092,1
restrictions,QC_SOP_092,1
proposed,QC_SOP_092,1
unacceptable,QC_SOP_092,1
initial,QC_SOP_092,1
prepare,QC_SOP_092,1
standard,QC_SOP_092,1
request,QC_SOP_092,1
produce,QC_SOP_092,1
practical,QC_SOP_092,1
thermally,QC_SOP_092,1
supporting,QC_SOP_092,1
vials,QC_SOP_092,1
remain,QC_SOP_092,1
concentration,QC_SOP_092,1
separately,QC_SOP_092,1
integration,QC_SOP_092,1
while,QC_SOP_092,1
between,QC_SOP_092,1
establish,QC_SOP_092,1
according,QC_SOP_092,1
limited,QC_SOP_092,1
controlled,QC_SOP_092,1
occur,QC_SOP_092,1
final,QC_SOP_092,1
levels,QC_SOP_092,1
within,QC_SOP_092,1
integrity,QC_SOP_092,1
tolerance,QC_SOP_092,1
relative,QC_SOP_092,1
laboratory,QC_SOP_092,1
peaks,QC_SOP_092,1
preserving,QC_SOP_092,1
approved,QC_SOP_092,1
stability,QC_SOP_092,1
system,QC_SOP_092,1
title,QC_SOP_092,1
solution,QC_SOP_092,1
distinguish,QC_SOP_092,1
instrument,QC_SOP_092,1
validation,QC_SOP_092,1
under,QC_SOP_092,1
after,QC_SOP_092,1
thereby,QC_SOP_092,1
exposure,QC_SOP_092,1
evaluate,QC_SOP_092,1
chromatographic,QC_SOP_092,1
baseline,QC_SOP_092,1
pause,QC_SOP_092,1
needed,QC_SOP_092,1
analyze,QC_SOP_092,1
whether,QC_SOP_092,1
sample,QC_SOP_092,1
analytes,QC_SOP_092,1
predefined,QC_SOP_092,1
selected,QC_SOP_092,1
compare,QC_SOP_092,1
analytical,QC_SOP_092,1
interruption,QC_SOP_092,1
interval,QC_SOP_092,1
reproducibility,QC_SOP_092,1
obtain,QC_SOP_092,1
procedure,QC_SOP_092,1
reinject,QC_SOP_092,1
justified,QC_SOP_092,1
solutions,QC_SOP_092,1
include,QC_SOP_092,1
differs,QC_SOP_092,1
storage,QC_SOP_092,1
simulated,QC_SOP_092,1
labile,QC_SOP_092,1
impurity,QC_SOP_092,1
point,QC_SOP_092,1
points,QC_SOP_092,1
methods,QC_SOP_092,1
review,QC_SOP_092,1
effect,QC_SOP_092,1
operation,QC_SOP_092,1
quantitation,QC_SOP_093,1
before,QC_SOP_093,1
co-components,QC_SOP_093,1
assay,QC_SOP_093,1
beyond,QC_SOP_093,1
result,QC_SOP_093,1
false,QC_SOP_093,1
precision,QC_SOP_093,1
control,QC_SOP_093,1
describe,QC_SOP_093,1
potentiometric,QC_SOP_093,1
matrix,QC_SOP_093,1
specificity,QC_SOP_093,1
redox,QC_SOP_093,1
scope,QC_SOP_093,1
reaction,QC_SOP_093,1
accuracy,QC_SOP_093,1
status,QC_SOP_093,1
starting,QC_SOP_093,1
response,QC_SOP_093,1
stirring,QC_SOP_093,1
investigate,QC_SOP_093,1
speed,QC_SOP_093,1
across,QC_SOP_093,1
where,QC_SOP_093,1
purpose,QC_SOP_093,1
applicable,QC_SOP_093,1
acid-base,QC_SOP_093,1
reproducible,QC_SOP_093,1
routine,QC_SOP_093,1
criteria,QC_SOP_093,1
robustness,QC_SOP_093,1
suitability,QC_SOP_093,1
metered,QC_SOP_093,1
factor,QC_SOP_093,1
finished,QC_SOP_093,1
references,QC_SOP_093,1
intermediates,QC_SOP_093,1
separation,QC_SOP_093,1
solvent,QC_SOP_093,1
dissolution,QC_SOP_093,1
acceptance,QC_SOP_093,1
titrant,QC_SOP_093,1
claim,QC_SOP_093,1
method,QC_SOP_093,1
assess,QC_SOP_093,1
preparations,QC_SOP_093,1
endpoint,QC_SOP_093,1
remain,QC_SOP_093,1
concentration,QC_SOP_093,1
standardization,QC_SOP_093,1
clearly,QC_SOP_093,1
requiring,QC_SOP_093,1
titration,QC_SOP_093,1
intended,QC_SOP_093,1
report,QC_SOP_093,1
establish,QC_SOP_093,1
feasible,QC_SOP_093,1
steps,QC_SOP_093,1
verify,QC_SOP_093,1
exceeding,QC_SOP_093,1
addition,QC_SOP_093,1
linearity,QC_SOP_093,1
quantitative,QC_SOP_093,1
detected,QC_SOP_093,1
reference,QC_SOP_093,1
within,QC_SOP_093,1
materials,QC_SOP_093,1
drift,QC_SOP_093,1
through,QC_SOP_093,1
including,QC_SOP_093,1
targets,QC_SOP_093,1
analysis,QC_SOP_093,1
certified,QC_SOP_093,1
sampling,QC_SOP_093,1
approved,QC_SOP_093,1
material,QC_SOP_093,1
title,QC_SOP_093,1
supports,QC_SOP_093,1
excipient,QC_SOP_093,1
validation,QC_SOP_093,1
confirming,QC_SOP_093,1
nominal,QC_SOP_093,1
settings,QC_SOP_093,1
active,QC_SOP_093,1
single,QC_SOP_093,1
titrimetric,QC_SOP_093,1
products,QC_SOP_093,1
evaluate,QC_SOP_093,1
endpoints,QC_SOP_093,1
chromatographic,QC_SOP_093,1
spiking,QC_SOP_093,1
conditioning,QC_SOP_093,1
stoichiometric,QC_SOP_093,1
sample,QC_SOP_093,1
content,QC_SOP_093,1
predefined,QC_SOP_093,1
selected,QC_SOP_093,1
electrode,QC_SOP_093,1
detection,QC_SOP_093,1
shifted,QC_SOP_093,1
weighing,QC_SOP_093,1
representative,QC_SOP_093,1
stand,QC_SOP_093,1
proportionality,QC_SOP_093,1
extends,QC_SOP_093,1
procedure,QC_SOP_093,1
unnecessary,QC_SOP_093,1
validated,QC_SOP_093,1
create,QC_SOP_093,1
variability,QC_SOP_093,1
demonstrate,QC_SOP_093,1
range,QC_SOP_093,1
replicate,QC_SOP_093,1
unstable,QC_SOP_093,1
methods,QC_SOP_093,1
study,QC_SOP_093,1
direct,QC_SOP_093,1
working,QC_SOP_093,1
criterion,QC_SOP_093,1
closure,QC_SOP_093,1
before,QC_SOP_094,1
assay,QC_SOP_094,1
result,QC_SOP_094,1
performance,QC_SOP_094,1
claims,QC_SOP_094,1
testing,QC_SOP_094,1
masking,QC_SOP_094,1
scope,QC_SOP_094,1
define,QC_SOP_094,1
alters,QC_SOP_094,1
difficulties,QC_SOP_094,1
across,QC_SOP_094,1
altered,QC_SOP_094,1
where,QC_SOP_094,1
purpose,QC_SOP_094,1
applicable,QC_SOP_094,1
retention,QC_SOP_094,1
non-equivalent,QC_SOP_094,1
routine,QC_SOP_094,1
criteria,QC_SOP_094,1
suitability,QC_SOP_094,1
plate,QC_SOP_094,1
references,QC_SOP_094,1
low-level,QC_SOP_094,1
count,QC_SOP_094,1
rejected,QC_SOP_094,1
acceptance,QC_SOP_094,1
characteristics,QC_SOP_094,1
condition,QC_SOP_094,1
method,QC_SOP_094,1
release,QC_SOP_094,1
limit,QC_SOP_094,1
standard,QC_SOP_094,1
produce,QC_SOP_094,1
accepted,QC_SOP_094,1
scientific,QC_SOP_094,1
future,QC_SOP_094,1
similar,QC_SOP_094,1
conditions,QC_SOP_094,1
integration,QC_SOP_094,1
others,QC_SOP_094,1
while,QC_SOP_094,1
document,QC_SOP_094,1
critical,QC_SOP_094,1
strongly,QC_SOP_094,1
establish,QC_SOP_094,1
verify,QC_SOP_094,1
according,QC_SOP_094,1
expected,QC_SOP_094,1
quantitative,QC_SOP_094,1
reference,QC_SOP_094,1
within,QC_SOP_094,1
despite,QC_SOP_094,1
equivalency,QC_SOP_094,1
column,QC_SOP_094,1
creates,QC_SOP_094,1
justification,QC_SOP_094,1
equivalent,QC_SOP_094,1
approved,QC_SOP_094,1
stationary,QC_SOP_094,1
stability,QC_SOP_094,1
system,QC_SOP_094,1
title,QC_SOP_094,1
solution,QC_SOP_094,1
phase,QC_SOP_094,1
comparability,QC_SOP_094,1
sensitivity,QC_SOP_094,1
released,QC_SOP_094,1
using,QC_SOP_094,1
validation,QC_SOP_094,1
under,QC_SOP_094,1
handling,QC_SOP_094,1
nominally,QC_SOP_094,1
limits,QC_SOP_094,1
reporting,QC_SOP_094,1
evaluate,QC_SOP_094,1
replacement,QC_SOP_094,1
confirm,QC_SOP_094,1
needed,QC_SOP_094,1
lot-specific,QC_SOP_094,1
analyze,QC_SOP_094,1
standardized,QC_SOP_094,1
whether,QC_SOP_094,1
during,QC_SOP_094,1
sample,QC_SOP_094,1
depends,QC_SOP_094,1
qualified,QC_SOP_094,1
compare,QC_SOP_094,1
reducing,QC_SOP_094,1
representative,QC_SOP_094,1
family,QC_SOP_094,1
lifecycle,QC_SOP_094,1
recurring,QC_SOP_094,1
obtain,QC_SOP_094,1
provide,QC_SOP_094,1
different,QC_SOP_094,1
procedure,QC_SOP_094,1
method-defined,QC_SOP_094,1
specification,QC_SOP_094,1
validated,QC_SOP_094,1
resolution,QC_SOP_094,1
storage,QC_SOP_094,1
identical,QC_SOP_094,1
selectivity,QC_SOP_094,1
impurity,QC_SOP_094,1
tailing,QC_SOP_094,1
methods,QC_SOP_094,1
vendor,QC_SOP_094,1
assay,QC_SOP_095,1
result,QC_SOP_095,1
precision,QC_SOP_095,1
control,QC_SOP_095,1
performance,QC_SOP_095,1
contribution,QC_SOP_095,1
sequence,QC_SOP_095,1
mixing,QC_SOP_095,1
equipment,QC_SOP_095,1
target,QC_SOP_095,1
scope,QC_SOP_095,1
multiple,QC_SOP_095,1
separate,QC_SOP_095,1
preparation-related,QC_SOP_095,1
where,QC_SOP_095,1
purpose,QC_SOP_095,1
applicable,QC_SOP_095,1
transfer,QC_SOP_095,1
strategy,QC_SOP_095,1
procedural,QC_SOP_095,1
criteria,QC_SOP_095,1
especially,QC_SOP_095,1
uncontrolled,QC_SOP_095,1
references,QC_SOP_095,1
uncertainty,QC_SOP_095,1
acceptance,QC_SOP_095,1
obtained,QC_SOP_095,1
method,QC_SOP_095,1
assess,QC_SOP_095,1
high-risk,QC_SOP_095,1
prepared,QC_SOP_095,1
small,QC_SOP_095,1
error,QC_SOP_095,1
standard,QC_SOP_095,1
stock,QC_SOP_095,1
instruction,QC_SOP_095,1
sufficiently,QC_SOP_095,1
moisture,QC_SOP_095,1
preparations,QC_SOP_095,1
readability,QC_SOP_095,1
instrumental,QC_SOP_095,1
minimum,QC_SOP_095,1
perform,QC_SOP_095,1
results,QC_SOP_095,1
document,QC_SOP_095,1
critical,QC_SOP_095,1
report,QC_SOP_095,1
pipette,QC_SOP_095,1
dilution,QC_SOP_095,1
steps,QC_SOP_095,1
characterized,QC_SOP_095,1
preparation,QC_SOP_095,1
controlled,QC_SOP_095,1
volumetric,QC_SOP_095,1
final,QC_SOP_095,1
quantities,QC_SOP_095,1
required,QC_SOP_095,1
revise,QC_SOP_095,1
independently,QC_SOP_095,1
through,QC_SOP_095,1
sampling,QC_SOP_095,1
approved,QC_SOP_095,1
contribute,QC_SOP_095,1
actually,QC_SOP_095,1
title,QC_SOP_095,1
solution,QC_SOP_095,1
using,QC_SOP_095,1
instrument,QC_SOP_095,1
validation,QC_SOP_095,1
driven,QC_SOP_095,1
titrimetric,QC_SOP_095,1
balance,QC_SOP_095,1
apparent,QC_SOP_095,1
evaluate,QC_SOP_095,1
devices,QC_SOP_095,1
imprecision,QC_SOP_095,1
processes,QC_SOP_095,1
common,QC_SOP_095,1
total,QC_SOP_095,1
needed,QC_SOP_095,1
identify,QC_SOP_095,1
whether,QC_SOP_095,1
during,QC_SOP_095,1
sample,QC_SOP_095,1
compare,QC_SOP_095,1
analytical,QC_SOP_095,1
class,QC_SOP_095,1
workflow,QC_SOP_095,1
weighing,QC_SOP_095,1
different,QC_SOP_095,1
procedure,QC_SOP_095,1
repeatability,QC_SOP_095,1
solutions,QC_SOP_095,1
include,QC_SOP_095,1
variability,QC_SOP_095,1
detail,QC_SOP_095,1
overall,QC_SOP_095,1
acceptable,QC_SOP_095,1
impurity,QC_SOP_095,1
serial,QC_SOP_095,1
dominate,QC_SOP_095,1
involving,QC_SOP_095,1
replicate,QC_SOP_095,1
methods,QC_SOP_095,1
non-optimized,QC_SOP_095,1
analysts,QC_SOP_095,1
effect,QC_SOP_095,1
measurement,QC_SOP_095,1
interpretation,QC_SOP_096,1
samples,QC_SOP_096,1
result,QC_SOP_096,1
precision,QC_SOP_096,1
matrix,QC_SOP_096,1
specificity,QC_SOP_096,1
arises,QC_SOP_096,1
leachable,QC_SOP_096,1
testing,QC_SOP_096,1
target,QC_SOP_096,1
scope,QC_SOP_096,1
blank,QC_SOP_096,1
injections,QC_SOP_096,1
accuracy,QC_SOP_096,1
define,QC_SOP_096,1
meaningful,QC_SOP_096,1
recovered,QC_SOP_096,1
process,QC_SOP_096,1
across,QC_SOP_096,1
cleaning,QC_SOP_096,1
where,QC_SOP_096,1
container,QC_SOP_096,1
analyte,QC_SOP_096,1
purpose,QC_SOP_096,1
hplc-uv,QC_SOP_096,1
applicable,QC_SOP_096,1
relevant,QC_SOP_096,1
routine,QC_SOP_096,1
criteria,QC_SOP_096,1
adsorption,QC_SOP_096,1
references,QC_SOP_096,1
cause,QC_SOP_096,1
collection,QC_SOP_096,1
solvent,QC_SOP_096,1
acceptance,QC_SOP_096,1
determine,QC_SOP_096,1
obtained,QC_SOP_096,1
method,QC_SOP_096,1
assess,QC_SOP_096,1
independent,QC_SOP_096,1
limit,QC_SOP_096,1
surface-recovered,QC_SOP_096,1
unacceptable,QC_SOP_096,1
prepare,QC_SOP_096,1
standard,QC_SOP_096,1
performs,QC_SOP_096,1
preparations,QC_SOP_096,1
recovery,QC_SOP_096,1
agent,QC_SOP_096,1
level,QC_SOP_096,1
special,QC_SOP_096,1
extract,QC_SOP_096,1
investigation,QC_SOP_096,1
support,QC_SOP_096,1
verification,QC_SOP_096,1
exceeding,QC_SOP_096,1
expected,QC_SOP_096,1
delayed,QC_SOP_096,1
required,QC_SOP_096,1
reference,QC_SOP_096,1
within,QC_SOP_096,1
address,QC_SOP_096,1
relative,QC_SOP_096,1
component,QC_SOP_096,1
including,QC_SOP_096,1
peaks,QC_SOP_096,1
analysis,QC_SOP_096,1
approved,QC_SOP_096,1
comparing,QC_SOP_096,1
material,QC_SOP_096,1
sampling,QC_SOP_096,1
title,QC_SOP_096,1
supports,QC_SOP_096,1
solution,QC_SOP_096,1
sensitivity,QC_SOP_096,1
extracts,QC_SOP_096,1
using,QC_SOP_096,1
validation,QC_SOP_096,1
quantity,QC_SOP_096,1
after,QC_SOP_096,1
handling,QC_SOP_096,1
standards,QC_SOP_096,1
reporting,QC_SOP_096,1
evaluate,QC_SOP_096,1
confirm,QC_SOP_096,1
hplc-based,QC_SOP_096,1
baseline,QC_SOP_096,1
whether,QC_SOP_096,1
issue,QC_SOP_096,1
during,QC_SOP_096,1
analytical,QC_SOP_096,1
extractions,QC_SOP_096,1
amount,QC_SOP_096,1
procedure,QC_SOP_096,1
solutions,QC_SOP_096,1
record,QC_SOP_096,1
preservative,QC_SOP_096,1
possible,QC_SOP_096,1
residue,QC_SOP_096,1
interference,QC_SOP_096,1
quantify,QC_SOP_096,1
involve,QC_SOP_096,1
replicate,QC_SOP_096,1
adequately,QC_SOP_096,1
merely,QC_SOP_096,1
filtration,QC_SOP_096,1
methods,QC_SOP_096,1
ensuring,QC_SOP_096,1
direct,QC_SOP_096,1
effects,QC_SOP_096,1
examine,QC_SOP_096,1
measurement,QC_SOP_096,1
spiked,QC_SOP_096,1
quantitation,QC_SOP_097,1
ratio,QC_SOP_097,1
samples,QC_SOP_097,1
assay,QC_SOP_097,1
control,QC_SOP_097,1
instability,QC_SOP_097,1
affect,QC_SOP_097,1
sequence,QC_SOP_097,1
bracketed,QC_SOP_097,1
scope,QC_SOP_097,1
blank,QC_SOP_097,1
injections,QC_SOP_097,1
caution,QC_SOP_097,1
define,QC_SOP_097,1
response,QC_SOP_097,1
out-of-specification,QC_SOP_097,1
where,QC_SOP_097,1
purpose,QC_SOP_097,1
applicable,QC_SOP_097,1
transfer,QC_SOP_097,1
likely,QC_SOP_097,1
routine,QC_SOP_097,1
memory,QC_SOP_097,1
criteria,QC_SOP_097,1
suitability,QC_SOP_097,1
high-level,QC_SOP_097,1
ghost,QC_SOP_097,1
references,QC_SOP_097,1
low-level,QC_SOP_097,1
mixed-level,QC_SOP_097,1
sequences,QC_SOP_097,1
dedicated,QC_SOP_097,1
acceptance,QC_SOP_097,1
low-concentration,QC_SOP_097,1
method,QC_SOP_097,1
assess,QC_SOP_097,1
needle,QC_SOP_097,1
design,QC_SOP_097,1
restrictions,QC_SOP_097,1
program,QC_SOP_097,1
decisions,QC_SOP_097,1
sufficiently,QC_SOP_097,1
injector,QC_SOP_097,1
concentration,QC_SOP_097,1
differing,QC_SOP_097,1
level,QC_SOP_097,1
remains,QC_SOP_097,1
construct,QC_SOP_097,1
intended,QC_SOP_097,1
widely,QC_SOP_097,1
establish,QC_SOP_097,1
analyst,QC_SOP_097,1
nominal-level,QC_SOP_097,1
stressed,QC_SOP_097,1
high-concentration,QC_SOP_097,1
final,QC_SOP_097,1
alternative,QC_SOP_097,1
expected,QC_SOP_097,1
delayed,QC_SOP_097,1
insertion,QC_SOP_097,1
within,QC_SOP_097,1
injection,QC_SOP_097,1
prevents,QC_SOP_097,1
established,QC_SOP_097,1
significant,QC_SOP_097,1
equilibration,QC_SOP_097,1
through,QC_SOP_097,1
including,QC_SOP_097,1
training,QC_SOP_097,1
peaks,QC_SOP_097,1
setup,QC_SOP_097,1
influence,QC_SOP_097,1
system,QC_SOP_097,1
title,QC_SOP_097,1
containing,QC_SOP_097,1
validation,QC_SOP_097,1
split,QC_SOP_097,1
single,QC_SOP_097,1
after,QC_SOP_097,1
standards,QC_SOP_097,1
evaluate,QC_SOP_097,1
carryover,QC_SOP_097,1
chromatographic,QC_SOP_097,1
controls,QC_SOP_097,1
baseline,QC_SOP_097,1
particularly,QC_SOP_097,1
whether,QC_SOP_097,1
during,QC_SOP_097,1
sequence-related,QC_SOP_097,1
compare,QC_SOP_097,1
designs,QC_SOP_097,1
subsequent,QC_SOP_097,1
statements,QC_SOP_097,1
order,QC_SOP_097,1
preceding,QC_SOP_097,1
representative,QC_SOP_097,1
procedure,QC_SOP_097,1
mandatory,QC_SOP_097,1
eluting,QC_SOP_097,1
record,QC_SOP_097,1
include,QC_SOP_097,1
impurity,QC_SOP_097,1
analyzed,QC_SOP_097,1
methods,QC_SOP_097,1
effects,QC_SOP_097,1
measurements,QC_SOP_097,1
effect,QC_SOP_097,1
trace,QC_SOP_097,1
blanks,QC_SOP_097,1
evaluation,QC_SOP_098,1
samples,QC_SOP_098,1
result,QC_SOP_098,1
control,QC_SOP_098,1
affect,QC_SOP_098,1
permitted,QC_SOP_098,1
generation,QC_SOP_098,1
unsupported,QC_SOP_098,1
vulnerable,QC_SOP_098,1
scope,QC_SOP_098,1
operating,QC_SOP_098,1
define,QC_SOP_098,1
moisture-driven,QC_SOP_098,1
conduct,QC_SOP_098,1
response,QC_SOP_098,1
hygroscopic,QC_SOP_098,1
intervals,QC_SOP_098,1
where,QC_SOP_098,1
container,QC_SOP_098,1
purpose,QC_SOP_098,1
applicable,QC_SOP_098,1
transfer,QC_SOP_098,1
routine,QC_SOP_098,1
criteria,QC_SOP_098,1
moisture-sensitive,QC_SOP_098,1
references,QC_SOP_098,1
intermediates,QC_SOP_098,1
acceptance,QC_SOP_098,1
significantly,QC_SOP_098,1
method,QC_SOP_098,1
assess,QC_SOP_098,1
protective,QC_SOP_098,1
technique,QC_SOP_098,1
calculated,QC_SOP_098,1
composition,QC_SOP_098,1
unacceptable,QC_SOP_098,1
prior,QC_SOP_098,1
powders,QC_SOP_098,1
development,QC_SOP_098,1
rapid,QC_SOP_098,1
instruction,QC_SOP_098,1
practice,QC_SOP_098,1
moisture,QC_SOP_098,1
comparative,QC_SOP_098,1
remain,QC_SOP_098,1
conditions,QC_SOP_098,1
differences,QC_SOP_098,1
minimum,QC_SOP_098,1
consistent,QC_SOP_098,1
results,QC_SOP_098,1
document,QC_SOP_098,1
fischer,QC_SOP_098,1
analyst,QC_SOP_098,1
steps,QC_SOP_098,1
preparation,QC_SOP_098,1
controlled,QC_SOP_098,1
final,QC_SOP_098,1
noise,QC_SOP_098,1
reference,QC_SOP_098,1
materials,QC_SOP_098,1
laboratory,QC_SOP_098,1
analysis,QC_SOP_098,1
vessel,QC_SOP_098,1
based,QC_SOP_098,1
sampling,QC_SOP_098,1
formulations,QC_SOP_098,1
material,QC_SOP_098,1
stability,QC_SOP_098,1
title,QC_SOP_098,1
solution,QC_SOP_098,1
alter,QC_SOP_098,1
sensitivity,QC_SOP_098,1
change,QC_SOP_098,1
using,QC_SOP_098,1
detector,QC_SOP_098,1
types,QC_SOP_098,1
distinguish,QC_SOP_098,1
instrument,QC_SOP_098,1
validation,QC_SOP_098,1
defined,QC_SOP_098,1
under,QC_SOP_098,1
titrimetric,QC_SOP_098,1
handling,QC_SOP_098,1
exposure,QC_SOP_098,1
delay,QC_SOP_098,1
weight,QC_SOP_098,1
measure,QC_SOP_098,1
chromatographic,QC_SOP_098,1
uptake,QC_SOP_098,1
ambient,QC_SOP_098,1
needed,QC_SOP_098,1
glove,QC_SOP_098,1
identify,QC_SOP_098,1
particularly,QC_SOP_098,1
whether,QC_SOP_098,1
during,QC_SOP_098,1
sample,QC_SOP_098,1
knowledge,QC_SOP_098,1
analytical,QC_SOP_098,1
changes,QC_SOP_098,1
real-world,QC_SOP_098,1
atmospheric,QC_SOP_098,1
procedure,QC_SOP_098,1
mandatory,QC_SOP_098,1
preventing,QC_SOP_098,1
validated,QC_SOP_098,1
include,QC_SOP_098,1
humidity,QC_SOP_098,1
acceptable,QC_SOP_098,1
atypical,QC_SOP_098,1
dried,QC_SOP_098,1
simulated,QC_SOP_098,1
capped,QC_SOP_098,1
affects,QC_SOP_098,1
high-humidity,QC_SOP_098,1
methods,QC_SOP_098,1
stress,QC_SOP_098,1
effect,QC_SOP_098,1
appropriately,QC_SOP_098,1
before,QC_SOP_099,1
documents,QC_SOP_099,1
chromatograms,QC_SOP_099,1
statement,QC_SOP_099,1
precision,QC_SOP_099,1
control,QC_SOP_099,1
partial,QC_SOP_099,1
specificity,QC_SOP_099,1
reviewer,QC_SOP_099,1
scope,QC_SOP_099,1
explain,QC_SOP_099,1
accuracy,QC_SOP_099,1
define,QC_SOP_099,1
retrieve,QC_SOP_099,1
spectra,QC_SOP_099,1
archive,QC_SOP_099,1
explicitly,QC_SOP_099,1
reinjection,QC_SOP_099,1
purpose,QC_SOP_099,1
applicable,QC_SOP_099,1
history,QC_SOP_099,1
transfer,QC_SOP_099,1
calculations,QC_SOP_099,1
routine,QC_SOP_099,1
criteria,QC_SOP_099,1
robustness,QC_SOP_099,1
suitability,QC_SOP_099,1
triggered,QC_SOP_099,1
filter,QC_SOP_099,1
traceability,QC_SOP_099,1
organize,QC_SOP_099,1
references,QC_SOP_099,1
records,QC_SOP_099,1
acceptance,QC_SOP_099,1
method,QC_SOP_099,1
major,QC_SOP_099,1
release,QC_SOP_099,1
preserves,QC_SOP_099,1
restrictions,QC_SOP_099,1
functions,QC_SOP_099,1
supporting,QC_SOP_099,1
future,QC_SOP_099,1
conditions,QC_SOP_099,1
conclusion,QC_SOP_099,1
source,QC_SOP_099,1
collect,QC_SOP_099,1
internally,QC_SOP_099,1
ranges,QC_SOP_099,1
quality,QC_SOP_099,1
between,QC_SOP_099,1
clearly,QC_SOP_099,1
consistent,QC_SOP_099,1
results,QC_SOP_099,1
summary,QC_SOP_099,1
investigation,QC_SOP_099,1
report,QC_SOP_099,1
intended,QC_SOP_099,1
captured,QC_SOP_099,1
evidence,QC_SOP_099,1
dilution,QC_SOP_099,1
verification,QC_SOP_099,1
approval,QC_SOP_099,1
verify,QC_SOP_099,1
exceeding,QC_SOP_099,1
preparation,QC_SOP_099,1
controlled,QC_SOP_099,1
final,QC_SOP_099,1
parameter,QC_SOP_099,1
assessment,QC_SOP_099,1
linearity,QC_SOP_099,1
demonstrates,QC_SOP_099,1
consistency,QC_SOP_099,1
sheets,QC_SOP_099,1
required,QC_SOP_099,1
package,QC_SOP_099,1
outcome,QC_SOP_099,1
compiled,QC_SOP_099,1
significant,QC_SOP_099,1
revision,QC_SOP_099,1
impact,QC_SOP_099,1
protocol,QC_SOP_099,1
including,QC_SOP_099,1
repeat,QC_SOP_099,1
complete,QC_SOP_099,1
limitations,QC_SOP_099,1
based,QC_SOP_099,1
approved,QC_SOP_099,1
stability,QC_SOP_099,1
title,QC_SOP_099,1
solution,QC_SOP_099,1
sensitivity,QC_SOP_099,1
reviewed,QC_SOP_099,1
change,QC_SOP_099,1
compilation,QC_SOP_099,1
validation,QC_SOP_099,1
implementation,QC_SOP_099,1
summarize,QC_SOP_099,1
deviation,QC_SOP_099,1
controls,QC_SOP_099,1
designated,QC_SOP_099,1
authorized,QC_SOP_099,1
ensure,QC_SOP_099,1
route,QC_SOP_099,1
whether,QC_SOP_099,1
traceable,QC_SOP_099,1
predefined,QC_SOP_099,1
analytical,QC_SOP_099,1
technical,QC_SOP_099,1
audit,QC_SOP_099,1
trail,QC_SOP_099,1
procedure,QC_SOP_099,1
reported,QC_SOP_099,1
justified,QC_SOP_099,1
validated,QC_SOP_099,1
calculation,QC_SOP_099,1
range,QC_SOP_099,1
scientifically,QC_SOP_099,1
revalidation,QC_SOP_099,1
elements,QC_SOP_099,1
ensuring,QC_SOP_099,1
review,QC_SOP_099,1
acceptance,QC_SOP_100,1
predefined,QC_SOP_100,1
compile,QC_SOP_100,1
scope,QC_SOP_100,1
parameters,QC_SOP_100,1
obtain,QC_SOP_100,1
procedure,QC_SOP_100,1
title,QC_SOP_100,1
validated,QC_SOP_100,1
compilation,QC_SOP_100,1
validation,QC_SOP_100,1
deviations,QC_SOP_100,1
purpose,QC_SOP_100,1
document,QC_SOP_100,1
results,QC_SOP_100,1
outcomes,QC_SOP_100,1
summarize,QC_SOP_100,1
criteria,QC_SOP_100,1
report,QC_SOP_100,1
methods,QC_SOP_100,1
approval,QC_SOP_100,1
references,QC_SOP_100,1
sample,QC_SOP_101,1
acceptance,QC_SOP_101,1
required,QC_SOP_101,1
determine,QC_SOP_101,1
design,QC_SOP_101,1
aligned,QC_SOP_101,1
protocol,QC_SOP_101,1
including,QC_SOP_101,1
prior,QC_SOP_101,1
testing,QC_SOP_101,1
prepare,QC_SOP_101,1
development,QC_SOP_101,1
scope,QC_SOP_101,1
parameters,QC_SOP_101,1
obtain,QC_SOP_101,1
substances,QC_SOP_101,1
define,QC_SOP_101,1
procedure,QC_SOP_101,1
includes,QC_SOP_101,1
stability,QC_SOP_101,1
title,QC_SOP_101,1
conditions,QC_SOP_101,1
applies,QC_SOP_101,1
studies,QC_SOP_101,1
storage,QC_SOP_101,1
intervals,QC_SOP_101,1
compliance,QC_SOP_101,1
guidelines,QC_SOP_101,1
purpose,QC_SOP_101,1
products,QC_SOP_101,1
criteria,QC_SOP_101,1
designing,QC_SOP_101,1
initiation,QC_SOP_101,1
approval,QC_SOP_101,1
study,QC_SOP_101,1
references,QC_SOP_101,1
procedures,QC_SOP_101,1
sample,QC_SOP_102,1
qualified,QC_SOP_102,1
maintain,QC_SOP_102,1
acceptance,QC_SOP_102,1
samples,QC_SOP_102,1
chambers,QC_SOP_102,1
temperature,QC_SOP_102,1
scope,QC_SOP_102,1
chamber,QC_SOP_102,1
monitoring,QC_SOP_102,1
procedure,QC_SOP_102,1
stability,QC_SOP_102,1
title,QC_SOP_102,1
investigate,QC_SOP_102,1
record,QC_SOP_102,1
humidity,QC_SOP_102,1
storage,QC_SOP_102,1
monitor,QC_SOP_102,1
purpose,QC_SOP_102,1
excursions,QC_SOP_102,1
criteria,QC_SOP_102,1
continuously,QC_SOP_102,1
uninvestigated,QC_SOP_102,1
place,QC_SOP_102,1
study,QC_SOP_102,1
ensure,QC_SOP_102,1
references,QC_SOP_102,1
controlled,QC_SOP_102,1
sample,QC_SOP_103,1
withdrawing,QC_SOP_103,1
damage,QC_SOP_103,1
acceptance,QC_SOP_103,1
samples,QC_SOP_103,1
predefined,QC_SOP_103,1
within,QC_SOP_103,1
integrity,QC_SOP_103,1
analysis,QC_SOP_103,1
scope,QC_SOP_103,1
sampling,QC_SOP_103,1
define,QC_SOP_103,1
procedure,QC_SOP_103,1
retrieve,QC_SOP_103,1
stability,QC_SOP_103,1
title,QC_SOP_103,1
record,QC_SOP_103,1
studies,QC_SOP_103,1
intervals,QC_SOP_103,1
defined,QC_SOP_103,1
purpose,QC_SOP_103,1
transfer,QC_SOP_103,1
criteria,QC_SOP_103,1
points,QC_SOP_103,1
details,QC_SOP_103,1
scheduled,QC_SOP_103,1
study,QC_SOP_103,1
verify,QC_SOP_103,1
references,QC_SOP_103,1
procedures,QC_SOP_103,1
schedule,QC_SOP_103,1
identity,QC_SOP_103,1
acceptance,QC_SOP_104,1
investigated,QC_SOP_104,1
samples,QC_SOP_104,1
within,QC_SOP_104,1
compare,QC_SOP_104,1
analytical,QC_SOP_104,1
accurate,QC_SOP_104,1
testing,QC_SOP_104,1
scope,QC_SOP_104,1
stability-indicating,QC_SOP_104,1
specifications,QC_SOP_104,1
procedure,QC_SOP_104,1
findings,QC_SOP_104,1
stability,QC_SOP_104,1
title,QC_SOP_104,1
specification,QC_SOP_104,1
validated,QC_SOP_104,1
record,QC_SOP_104,1
trends,QC_SOP_104,1
deviations,QC_SOP_104,1
purpose,QC_SOP_104,1
perform,QC_SOP_104,1
results,QC_SOP_104,1
document,QC_SOP_104,1
criteria,QC_SOP_104,1
methods,QC_SOP_104,1
study,QC_SOP_104,1
ensure,QC_SOP_104,1
tests,QC_SOP_104,1
references,QC_SOP_104,1
identify,QC_SOP_104,1
actions,QC_SOP_105,1
acceptance,QC_SOP_105,1
result,QC_SOP_105,1
within,QC_SOP_105,1
assess,QC_SOP_105,1
impact,QC_SOP_105,1
through,QC_SOP_105,1
repeat,QC_SOP_105,1
analysis,QC_SOP_105,1
scope,QC_SOP_105,1
failures,QC_SOP_105,1
specifications,QC_SOP_105,1
define,QC_SOP_105,1
procedure,QC_SOP_105,1
stability,QC_SOP_105,1
title,QC_SOP_105,1
investigate,QC_SOP_105,1
completed,QC_SOP_105,1
studies,QC_SOP_105,1
implement,QC_SOP_105,1
purpose,QC_SOP_105,1
handling,QC_SOP_105,1
quality,QC_SOP_105,1
results,QC_SOP_105,1
investigation,QC_SOP_105,1
criteria,QC_SOP_105,1
assessed,QC_SOP_105,1
confirm,QC_SOP_105,1
product,QC_SOP_105,1
study,QC_SOP_105,1
exceeding,QC_SOP_105,1
references,QC_SOP_105,1
cause,QC_SOP_105,1
acceptance,QC_SOP_106,1
within,QC_SOP_106,1
compile,QC_SOP_106,1
changes,QC_SOP_106,1
significant,QC_SOP_106,1
slope,QC_SOP_106,1
analysis,QC_SOP_106,1
scope,QC_SOP_106,1
procedure,QC_SOP_106,1
findings,QC_SOP_106,1
stability,QC_SOP_106,1
title,QC_SOP_106,1
trend,QC_SOP_106,1
trends,QC_SOP_106,1
negative,QC_SOP_106,1
across,QC_SOP_106,1
studies,QC_SOP_106,1
acceptable,QC_SOP_106,1
purpose,QC_SOP_106,1
perform,QC_SOP_106,1
limits,QC_SOP_106,1
reporting,QC_SOP_106,1
evaluate,QC_SOP_106,1
criteria,QC_SOP_106,1
report,QC_SOP_106,1
statistical,QC_SOP_106,1
points,QC_SOP_106,1
study,QC_SOP_106,1
references,QC_SOP_106,1
identify,QC_SOP_106,1
maintain,QC_SOP_107,1
required,QC_SOP_107,1
acceptance,QC_SOP_107,1
within,QC_SOP_107,1
chambers,QC_SOP_107,1
calibrate,QC_SOP_107,1
mapping,QC_SOP_107,1
temperature,QC_SOP_107,1
scope,QC_SOP_107,1
chamber,QC_SOP_107,1
procedure,QC_SOP_107,1
stability,QC_SOP_107,1
title,QC_SOP_107,1
conditions,QC_SOP_107,1
qualification,QC_SOP_107,1
purpose,QC_SOP_107,1
sensors,QC_SOP_107,1
document,QC_SOP_107,1
perform,QC_SOP_107,1
results,QC_SOP_107,1
criteria,QC_SOP_107,1
study,QC_SOP_107,1
ensure,QC_SOP_107,1
uniformity,QC_SOP_107,1
references,QC_SOP_107,1
acceptance,QC_SOP_108,1
samples,QC_SOP_108,1
condition,QC_SOP_108,1
errors,QC_SOP_108,1
batch,QC_SOP_108,1
tracking,QC_SOP_108,1
maintained,QC_SOP_108,1
scope,QC_SOP_108,1
labeling,QC_SOP_108,1
accuracy,QC_SOP_108,1
procedure,QC_SOP_108,1
stability,QC_SOP_108,1
system,QC_SOP_108,1
title,QC_SOP_108,1
label,QC_SOP_108,1
record,QC_SOP_108,1
number,QC_SOP_108,1
purpose,QC_SOP_108,1
point,QC_SOP_108,1
criteria,QC_SOP_108,1
traceability,QC_SOP_108,1
study,QC_SOP_108,1
ensure,QC_SOP_108,1
verify,QC_SOP_108,1
references,QC_SOP_108,1
records,QC_SOP_109,1
retained,QC_SOP_109,1
acceptance,QC_SOP_109,1
keeping,QC_SOP_109,1
complete,QC_SOP_109,1
scope,QC_SOP_109,1
approved,QC_SOP_109,1
procedure,QC_SOP_109,1
stability,QC_SOP_109,1
archive,QC_SOP_109,1
title,QC_SOP_109,1
record,QC_SOP_109,1
formats,QC_SOP_109,1
studies,QC_SOP_109,1
purpose,QC_SOP_109,1
years,QC_SOP_109,1
missing,QC_SOP_109,1
criteria,QC_SOP_109,1
programs,QC_SOP_109,1
study,QC_SOP_109,1
ensure,QC_SOP_109,1
references,QC_SOP_109,1
review,QC_SOP_109,1
documentation,QC_SOP_109,1
completeness,QC_SOP_109,1
acceptance,QC_SOP_110,1
obtained,QC_SOP_110,1
within,QC_SOP_110,1
compile,QC_SOP_110,1
analytical,QC_SOP_110,1
environmental,QC_SOP_110,1
scope,QC_SOP_110,1
procedure,QC_SOP_110,1
stability,QC_SOP_110,1
title,QC_SOP_110,1
completed,QC_SOP_110,1
trends,QC_SOP_110,1
standardize,QC_SOP_110,1
studies,QC_SOP_110,1
conclusions,QC_SOP_110,1
purpose,QC_SOP_110,1
summarize,QC_SOP_110,1
criteria,QC_SOP_110,1
report,QC_SOP_110,1
reports,QC_SOP_110,1
approval,QC_SOP_110,1
study,QC_SOP_110,1
approve,QC_SOP_110,1
references,QC_SOP_110,1
preparation,QC_SOP_110,1
review,QC_SOP_110,1
final,QC_SOP_110,1
marketed,QC_SOP_111,1
initiate,QC_SOP_111,1
acceptance,QC_SOP_111,1
batches,QC_SOP_111,1
within,QC_SOP_111,1
compare,QC_SOP_111,1
analytical,QC_SOP_111,1
release,QC_SOP_111,1
chambers,QC_SOP_111,1
program,QC_SOP_111,1
representative,QC_SOP_111,1
testing,QC_SOP_111,1
initial,QC_SOP_111,1
scope,QC_SOP_111,1
based,QC_SOP_111,1
specifications,QC_SOP_111,1
management,QC_SOP_111,1
monitoring,QC_SOP_111,1
issued,QC_SOP_111,1
define,QC_SOP_111,1
commercial,QC_SOP_111,1
procedure,QC_SOP_111,1
stability,QC_SOP_111,1
title,QC_SOP_111,1
volume,QC_SOP_111,1
ongoing,QC_SOP_111,1
pulls,QC_SOP_111,1
conditions,QC_SOP_111,1
applies,QC_SOP_111,1
completed,QC_SOP_111,1
trends,QC_SOP_111,1
annually,QC_SOP_111,1
studies,QC_SOP_111,1
intervals,QC_SOP_111,1
compliance,QC_SOP_111,1
defined,QC_SOP_111,1
under,QC_SOP_111,1
purpose,QC_SOP_111,1
atypical,QC_SOP_111,1
excursions,QC_SOP_111,1
products,QC_SOP_111,1
results,QC_SOP_111,1
annual,QC_SOP_111,1
production,QC_SOP_111,1
investigation,QC_SOP_111,1
criteria,QC_SOP_111,1
regulatory,QC_SOP_111,1
months,QC_SOP_111,1
report,QC_SOP_111,1
thereafter,QC_SOP_111,1
establish,QC_SOP_111,1
accelerated,QC_SOP_111,1
requirements,QC_SOP_111,1
scheduled,QC_SOP_111,1
uninvestigated,QC_SOP_111,1
place,QC_SOP_111,1
study,QC_SOP_111,1
exceeding,QC_SOP_111,1
references,QC_SOP_111,1
commitment,QC_SOP_111,1
review,QC_SOP_111,1
schedule,QC_SOP_111,1
long-term,QC_SOP_111,1
during,QC_SOP_112,1
values,QC_SOP_112,1
predict,QC_SOP_112,1
acceptance,QC_SOP_112,1
samples,QC_SOP_112,1
assay,QC_SOP_112,1
beyond,QC_SOP_112,1
compare,QC_SOP_112,1
store,QC_SOP_112,1
assess,QC_SOP_112,1
changes,QC_SOP_112,1
significant,QC_SOP_112,1
including,QC_SOP_112,1
degradation,QC_SOP_112,1
testing,QC_SOP_112,1
initial,QC_SOP_112,1
impurities,QC_SOP_112,1
development,QC_SOP_112,1
attributes,QC_SOP_112,1
scope,QC_SOP_112,1
post-approval,QC_SOP_112,1
increase,QC_SOP_112,1
procedure,QC_SOP_112,1
stability,QC_SOP_112,1
title,QC_SOP_112,1
specification,QC_SOP_112,1
change,QC_SOP_112,1
conditions,QC_SOP_112,1
applies,QC_SOP_112,1
trends,QC_SOP_112,1
physical,QC_SOP_112,1
defined,QC_SOP_112,1
under,QC_SOP_112,1
purpose,QC_SOP_112,1
products,QC_SOP_112,1
withdraw,QC_SOP_112,1
perform,QC_SOP_112,1
results,QC_SOP_112,1
document,QC_SOP_112,1
impurity,QC_SOP_112,1
shelf,QC_SOP_112,1
limits,QC_SOP_112,1
criteria,QC_SOP_112,1
months,QC_SOP_112,1
report,QC_SOP_112,1
product,QC_SOP_112,1
accelerated,QC_SOP_112,1
study,QC_SOP_112,1
references,QC_SOP_112,1
identify,QC_SOP_112,1
energy,QC_SOP_113,1
acceptance,QC_SOP_113,1
light,QC_SOP_113,1
samples,QC_SOP_113,1
assay,QC_SOP_113,1
within,QC_SOP_113,1
compare,QC_SOP_113,1
control,QC_SOP_113,1
appearance,QC_SOP_113,1
photostability,QC_SOP_113,1
significant,QC_SOP_113,1
degradation,QC_SOP_113,1
testing,QC_SOP_113,1
compared,QC_SOP_113,1
million,QC_SOP_113,1
scope,QC_SOP_113,1
providing,QC_SOP_113,1
expose,QC_SOP_113,1
procedure,QC_SOP_113,1
exposed,QC_SOP_113,1
stability,QC_SOP_113,1
title,QC_SOP_113,1
change,QC_SOP_113,1
specification,QC_SOP_113,1
include,QC_SOP_113,1
conclusions,QC_SOP_113,1
overall,QC_SOP_113,1
purpose,QC_SOP_113,1
applicable,QC_SOP_113,1
products,QC_SOP_113,1
exposure,QC_SOP_113,1
document,QC_SOP_113,1
requiring,QC_SOP_113,1
results,QC_SOP_113,1
illumination,QC_SOP_113,1
limits,QC_SOP_113,1
hours,QC_SOP_113,1
evaluate,QC_SOP_113,1
criteria,QC_SOP_113,1
product,QC_SOP_113,1
study,QC_SOP_113,1
references,QC_SOP_113,1
analyze,QC_SOP_113,1
protected,QC_SOP_113,1
effect,QC_SOP_113,1
assessment,QC_SOP_113,1
cycles,QC_SOP_114,1
before,QC_SOP_114,1
evaluation,QC_SOP_114,1
acceptance,QC_SOP_114,1
samples,QC_SOP_114,1
assay,QC_SOP_114,1
compare,QC_SOP_114,1
control,QC_SOP_114,1
assess,QC_SOP_114,1
three,QC_SOP_114,1
temperature-sensitive,QC_SOP_114,1
changes,QC_SOP_114,1
impact,QC_SOP_114,1
complete,QC_SOP_114,1
thawing,QC_SOP_114,1
scope,QC_SOP_114,1
refreezing,QC_SOP_114,1
freeze-thaw,QC_SOP_114,1
allow,QC_SOP_114,1
procedure,QC_SOP_114,1
stability,QC_SOP_114,1
title,QC_SOP_114,1
aggregation,QC_SOP_114,1
change,QC_SOP_114,1
conditions,QC_SOP_114,1
applies,QC_SOP_114,1
physical,QC_SOP_114,1
cycle,QC_SOP_114,1
purpose,QC_SOP_114,1
after,QC_SOP_114,1
quality,QC_SOP_114,1
products,QC_SOP_114,1
document,QC_SOP_114,1
results,QC_SOP_114,1
biologics,QC_SOP_114,1
recommended,QC_SOP_114,1
criteria,QC_SOP_114,1
precipitation,QC_SOP_114,1
product,QC_SOP_114,1
properties,QC_SOP_114,1
stored,QC_SOP_114,1
freeze,QC_SOP_114,1
visible,QC_SOP_114,1
study,QC_SOP_114,1
references,QC_SOP_114,1
analyze,QC_SOP_114,1
subject,QC_SOP_114,1
final,QC_SOP_114,1
in-use,QC_SOP_115,1
sample,QC_SOP_115,1
values,QC_SOP_115,1
acceptance,QC_SOP_115,1
assay,QC_SOP_115,1
within,QC_SOP_115,1
reconstitution,QC_SOP_115,1
compare,QC_SOP_115,1
store,QC_SOP_115,1
analytical,QC_SOP_115,1
multi-dose,QC_SOP_115,1
testing,QC_SOP_115,1
initial,QC_SOP_115,1
scope,QC_SOP_115,1
instructions,QC_SOP_115,1
procedure,QC_SOP_115,1
stability,QC_SOP_115,1
reconstitute,QC_SOP_115,1
title,QC_SOP_115,1
microbial,QC_SOP_115,1
specification,QC_SOP_115,1
conditions,QC_SOP_115,1
applies,QC_SOP_115,1
intervals,QC_SOP_115,1
opening,QC_SOP_115,1
defined,QC_SOP_115,1
under,QC_SOP_115,1
purpose,QC_SOP_115,1
after,QC_SOP_115,1
products,QC_SOP_115,1
perform,QC_SOP_115,1
results,QC_SOP_115,1
limits,QC_SOP_115,1
recommended,QC_SOP_115,1
evaluate,QC_SOP_115,1
hours,QC_SOP_115,1
criteria,QC_SOP_115,1
product,QC_SOP_115,1
study,QC_SOP_115,1
according,QC_SOP_115,1
references,QC_SOP_115,1
reconstituted,QC_SOP_115,1
evaluation,QC_SOP_116,1
trending,QC_SOP_116,1
extrapolate,QC_SOP_116,1
acceptance,QC_SOP_116,1
assignment,QC_SOP_116,1
determination,QC_SOP_116,1
determine,QC_SOP_116,1
compile,QC_SOP_116,1
beyond,QC_SOP_116,1
guideline,QC_SOP_116,1
degradation,QC_SOP_116,1
analysis,QC_SOP_116,1
justification,QC_SOP_116,1
scope,QC_SOP_116,1
expiry,QC_SOP_116,1
supporting,QC_SOP_116,1
define,QC_SOP_116,1
shelf-life,QC_SOP_116,1
procedure,QC_SOP_116,1
extrapolation,QC_SOP_116,1
stability,QC_SOP_116,1
title,QC_SOP_116,1
supported,QC_SOP_116,1
submit,QC_SOP_116,1
dating,QC_SOP_116,1
studies,QC_SOP_116,1
intervals,QC_SOP_116,1
purpose,QC_SOP_116,1
perform,QC_SOP_116,1
document,QC_SOP_116,1
confidence,QC_SOP_116,1
shelf,QC_SOP_116,1
limits,QC_SOP_116,1
criteria,QC_SOP_116,1
evaluate,QC_SOP_116,1
regulatory,QC_SOP_116,1
statistical,QC_SOP_116,1
regression,QC_SOP_116,1
points,QC_SOP_116,1
approval,QC_SOP_116,1
study,QC_SOP_116,1
references,QC_SOP_116,1
initiate,QC_SOP_117,1
actions,QC_SOP_117,1
acceptance,QC_SOP_117,1
samples,QC_SOP_117,1
within,QC_SOP_117,1
assess,QC_SOP_117,1
chambers,QC_SOP_117,1
impact,QC_SOP_117,1
temperature,QC_SOP_117,1
scope,QC_SOP_117,1
duration,QC_SOP_117,1
chamber,QC_SOP_117,1
monitoring,QC_SOP_117,1
define,QC_SOP_117,1
procedure,QC_SOP_117,1
units,QC_SOP_117,1
stability,QC_SOP_117,1
system,QC_SOP_117,1
title,QC_SOP_117,1
record,QC_SOP_117,1
humidity,QC_SOP_117,1
magnitude,QC_SOP_117,1
documented,QC_SOP_117,1
implement,QC_SOP_117,1
storage,QC_SOP_117,1
purpose,QC_SOP_117,1
excursions,QC_SOP_117,1
handling,QC_SOP_117,1
detect,QC_SOP_117,1
investigation,QC_SOP_117,1
criteria,QC_SOP_117,1
assessed,QC_SOP_117,1
hours,QC_SOP_117,1
deviation,QC_SOP_117,1
excursion,QC_SOP_117,1
stored,QC_SOP_117,1
study,QC_SOP_117,1
corrective,QC_SOP_117,1
references,QC_SOP_117,1
implemented,QC_SOP_117,1
sample,QC_SOP_118,1
periodic,QC_SOP_118,1
acceptance,QC_SOP_118,1
samples,QC_SOP_118,1
within,QC_SOP_118,1
control,QC_SOP_118,1
reconciliation,QC_SOP_118,1
discrepancies,QC_SOP_118,1
accurate,QC_SOP_118,1
program,QC_SOP_118,1
inventory,QC_SOP_118,1
tracking,QC_SOP_118,1
location,QC_SOP_118,1
scope,QC_SOP_118,1
sampling,QC_SOP_118,1
chamber,QC_SOP_118,1
unique,QC_SOP_118,1
procedure,QC_SOP_118,1
identification,QC_SOP_118,1
accuracy,QC_SOP_118,1
stability,QC_SOP_118,1
title,QC_SOP_118,1
investigate,QC_SOP_118,1
record,QC_SOP_118,1
removal,QC_SOP_118,1
number,QC_SOP_118,1
purpose,QC_SOP_118,1
perform,QC_SOP_118,1
criteria,QC_SOP_118,1
study,QC_SOP_118,1
ensure,QC_SOP_118,1
update,QC_SOP_118,1
references,QC_SOP_118,1
resolved,QC_SOP_118,1
assign,QC_SOP_118,1
records,QC_SOP_119,1
initiate,QC_SOP_119,1
acceptance,QC_SOP_119,1
assess,QC_SOP_119,1
changes,QC_SOP_119,1
impact,QC_SOP_119,1
protocol,QC_SOP_119,1
manage,QC_SOP_119,1
proposed,QC_SOP_119,1
prior,QC_SOP_119,1
amendments,QC_SOP_119,1
protocols,QC_SOP_119,1
request,QC_SOP_119,1
justification,QC_SOP_119,1
scope,QC_SOP_119,1
approved,QC_SOP_119,1
obtain,QC_SOP_119,1
procedure,QC_SOP_119,1
rationale,QC_SOP_119,1
stability,QC_SOP_119,1
title,QC_SOP_119,1
ongoing,QC_SOP_119,1
amendment,QC_SOP_119,1
documented,QC_SOP_119,1
studies,QC_SOP_119,1
implement,QC_SOP_119,1
implementation,QC_SOP_119,1
purpose,QC_SOP_119,1
document,QC_SOP_119,1
criteria,QC_SOP_119,1
approval,QC_SOP_119,1
study,QC_SOP_119,1
references,QC_SOP_119,1
update,QC_SOP_119,1
required,QC_SOP_120,1
acceptance,QC_SOP_120,1
within,QC_SOP_120,1
errors,QC_SOP_120,1
analytical,QC_SOP_120,1
independent,QC_SOP_120,1
completion,QC_SOP_120,1
protocol,QC_SOP_120,1
prior,QC_SOP_120,1
scope,QC_SOP_120,1
approved,QC_SOP_120,1
obtain,QC_SOP_120,1
specifications,QC_SOP_120,1
inclusion,QC_SOP_120,1
accuracy,QC_SOP_120,1
procedure,QC_SOP_120,1
stability,QC_SOP_120,1
title,QC_SOP_120,1
archive,QC_SOP_120,1
trends,QC_SOP_120,1
conclusions,QC_SOP_120,1
compliance,QC_SOP_120,1
purpose,QC_SOP_120,1
generated,QC_SOP_120,1
perform,QC_SOP_120,1
results,QC_SOP_120,1
calculations,QC_SOP_120,1
critical,QC_SOP_120,1
criteria,QC_SOP_120,1
report,QC_SOP_120,1
confirm,QC_SOP_120,1
reports,QC_SOP_120,1
approval,QC_SOP_120,1
study,QC_SOP_120,1
ensure,QC_SOP_120,1
verify,QC_SOP_120,1
references,QC_SOP_120,1
sections,QC_SOP_120,1
review,QC_SOP_120,1
completeness,QC_SOP_120,1
evaluation,QC_SOP_121,1
acceptance,QC_SOP_121,1
assay,QC_SOP_121,1
determine,QC_SOP_121,1
retest,QC_SOP_121,1
significant,QC_SOP_121,1
degradation,QC_SOP_121,1
analysis,QC_SOP_121,1
justification,QC_SOP_121,1
scope,QC_SOP_121,1
based,QC_SOP_121,1
substances,QC_SOP_121,1
procedure,QC_SOP_121,1
stability,QC_SOP_121,1
title,QC_SOP_121,1
supported,QC_SOP_121,1
conditions,QC_SOP_121,1
applies,QC_SOP_121,1
using,QC_SOP_121,1
submit,QC_SOP_121,1
trends,QC_SOP_121,1
active,QC_SOP_121,1
ingredients,QC_SOP_121,1
under,QC_SOP_121,1
purpose,QC_SOP_121,1
document,QC_SOP_121,1
impurity,QC_SOP_121,1
criteria,QC_SOP_121,1
evaluate,QC_SOP_121,1
statistical,QC_SOP_121,1
pharmaceutical,QC_SOP_121,1
establish,QC_SOP_121,1
period,QC_SOP_121,1
approval,QC_SOP_121,1
study,QC_SOP_121,1
references,QC_SOP_121,1
analyze,QC_SOP_121,1
long-term,QC_SOP_121,1
acceptance,QC_SOP_122,1
approaches,QC_SOP_122,1
samples,QC_SOP_122,1
integrity,QC_SOP_122,1
design,QC_SOP_122,1
optimize,QC_SOP_122,1
subsets,QC_SOP_122,1
protocol,QC_SOP_122,1
representative,QC_SOP_122,1
testing,QC_SOP_122,1
execute,QC_SOP_122,1
scope,QC_SOP_122,1
multiple,QC_SOP_122,1
approved,QC_SOP_122,1
procedure,QC_SOP_122,1
stability,QC_SOP_122,1
title,QC_SOP_122,1
matrixing,QC_SOP_122,1
justified,QC_SOP_122,1
using,QC_SOP_122,1
justify,QC_SOP_122,1
schedule,QC_SOP_122,1
purpose,QC_SOP_122,1
applicable,QC_SOP_122,1
strengths,QC_SOP_122,1
products,QC_SOP_122,1
bracketing,QC_SOP_122,1
results,QC_SOP_122,1
criteria,QC_SOP_122,1
scientifically,QC_SOP_122,1
packaging,QC_SOP_122,1
study,QC_SOP_122,1
references,QC_SOP_122,1
analyze,QC_SOP_122,1
identify,QC_SOP_122,1
during,QC_SOP_123,1
before,QC_SOP_123,1
acceptance,QC_SOP_123,1
samples,QC_SOP_123,1
within,QC_SOP_123,1
fluctuations,QC_SOP_123,1
compare,QC_SOP_123,1
significant,QC_SOP_123,1
simulate,QC_SOP_123,1
including,QC_SOP_123,1
loggers,QC_SOP_123,1
transport,QC_SOP_123,1
temperature,QC_SOP_123,1
attributes,QC_SOP_123,1
scope,QC_SOP_123,1
shipment,QC_SOP_123,1
procedure,QC_SOP_123,1
findings,QC_SOP_123,1
simulation,QC_SOP_123,1
stability,QC_SOP_123,1
title,QC_SOP_123,1
change,QC_SOP_123,1
conditions,QC_SOP_123,1
using,QC_SOP_123,1
validation,QC_SOP_123,1
monitor,QC_SOP_123,1
defined,QC_SOP_123,1
purpose,QC_SOP_123,1
after,QC_SOP_123,1
quality,QC_SOP_123,1
products,QC_SOP_123,1
document,QC_SOP_123,1
requiring,QC_SOP_123,1
results,QC_SOP_123,1
limits,QC_SOP_123,1
criteria,QC_SOP_123,1
evaluate,QC_SOP_123,1
product,QC_SOP_123,1
study,QC_SOP_123,1
references,QC_SOP_123,1
transportation,QC_SOP_123,1
analyze,QC_SOP_123,1
assessment,QC_SOP_123,1
separation,QC_SOP_124,1
acceptance,QC_SOP_124,1
samples,QC_SOP_124,1
method,QC_SOP_124,1
analytical,QC_SOP_124,1
degradation,QC_SOP_124,1
testing,QC_SOP_124,1
scope,QC_SOP_124,1
stability-indicating,QC_SOP_124,1
purity,QC_SOP_124,1
procedure,QC_SOP_124,1
stability,QC_SOP_124,1
remain,QC_SOP_124,1
title,QC_SOP_124,1
resolution,QC_SOP_124,1
purpose,QC_SOP_124,1
products,QC_SOP_124,1
document,QC_SOP_124,1
results,QC_SOP_124,1
criteria,QC_SOP_124,1
evaluate,QC_SOP_124,1
confirm,QC_SOP_124,1
methods,QC_SOP_124,1
verification,QC_SOP_124,1
study,QC_SOP_124,1
references,QC_SOP_124,1
analyze,QC_SOP_124,1
stressed,QC_SOP_124,1
acceptance,QC_SOP_125,1
integrate,QC_SOP_125,1
compile,QC_SOP_125,1
scope,QC_SOP_125,1
commercial,QC_SOP_125,1
procedure,QC_SOP_125,1
findings,QC_SOP_125,1
stability,QC_SOP_125,1
title,QC_SOP_125,1
process,QC_SOP_125,1
review,QC_SOP_125,1
include,QC_SOP_125,1
trends,QC_SOP_125,1
integration,QC_SOP_125,1
completed,QC_SOP_125,1
deviations,QC_SOP_125,1
annually,QC_SOP_125,1
purpose,QC_SOP_125,1
products,QC_SOP_125,1
annual,QC_SOP_125,1
criteria,QC_SOP_125,1
assessed,QC_SOP_125,1
report,QC_SOP_125,1
product,QC_SOP_125,1
period,QC_SOP_125,1
study,QC_SOP_125,1
references,QC_SOP_125,1
analyze,QC_SOP_125,1
progress,QC_SOP_126,1
maintain,QC_SOP_126,1
acceptance,QC_SOP_126,1
batches,QC_SOP_126,1
placement,QC_SOP_126,1
completion,QC_SOP_126,1
testing,QC_SOP_126,1
tracking,QC_SOP_126,1
fulfillment,QC_SOP_126,1
scope,QC_SOP_126,1
post-approval,QC_SOP_126,1
procedure,QC_SOP_126,1
status,QC_SOP_126,1
stability,QC_SOP_126,1
title,QC_SOP_126,1
monitor,QC_SOP_126,1
purpose,QC_SOP_126,1
criteria,QC_SOP_126,1
regulatory,QC_SOP_126,1
report,QC_SOP_126,1
points,QC_SOP_126,1
study,QC_SOP_126,1
ensure,QC_SOP_126,1
commitments,QC_SOP_126,1
missed,QC_SOP_126,1
commitment,QC_SOP_126,1
references,QC_SOP_126,1
schedule,QC_SOP_126,1
track,QC_SOP_126,1
records,QC_SOP_127,1
acceptance,QC_SOP_127,1
integrity,QC_SOP_127,1
trails,QC_SOP_127,1
changes,QC_SOP_127,1
discrepancies,QC_SOP_127,1
audit,QC_SOP_127,1
scope,QC_SOP_127,1
procedure,QC_SOP_127,1
stability,QC_SOP_127,1
title,QC_SOP_127,1
investigate,QC_SOP_127,1
unexplained,QC_SOP_127,1
purpose,QC_SOP_127,1
criteria,QC_SOP_127,1
entries,QC_SOP_127,1
verification,QC_SOP_127,1
traceability,QC_SOP_127,1
study,QC_SOP_127,1
ensure,QC_SOP_127,1
verify,QC_SOP_127,1
approve,QC_SOP_127,1
references,QC_SOP_127,1
review,QC_SOP_127,1
during,QC_SOP_128,1
acceptance,QC_SOP_128,1
detected,QC_SOP_128,1
within,QC_SOP_128,1
compare,QC_SOP_128,1
assess,QC_SOP_128,1
limit,QC_SOP_128,1
non-sterile,QC_SOP_128,1
testing,QC_SOP_128,1
pathogen,QC_SOP_128,1
scope,QC_SOP_128,1
specifications,QC_SOP_128,1
procedure,QC_SOP_128,1
findings,QC_SOP_128,1
stability,QC_SOP_128,1
microbial,QC_SOP_128,1
title,QC_SOP_128,1
investigate,QC_SOP_128,1
studies,QC_SOP_128,1
purpose,QC_SOP_128,1
quality,QC_SOP_128,1
products,QC_SOP_128,1
perform,QC_SOP_128,1
results,QC_SOP_128,1
document,QC_SOP_128,1
limits,QC_SOP_128,1
criteria,QC_SOP_128,1
study,QC_SOP_128,1
references,QC_SOP_128,1
out-of-spec,QC_SOP_128,1
acceptance,QC_SOP_129,1
samples,QC_SOP_129,1
compare,QC_SOP_129,1
store,QC_SOP_129,1
impact,QC_SOP_129,1
testing,QC_SOP_129,1
adverse,QC_SOP_129,1
scope,QC_SOP_129,1
different,QC_SOP_129,1
procedure,QC_SOP_129,1
stability,QC_SOP_129,1
title,QC_SOP_129,1
differences,QC_SOP_129,1
purpose,QC_SOP_129,1
configurations,QC_SOP_129,1
perform,QC_SOP_129,1
results,QC_SOP_129,1
document,QC_SOP_129,1
criteria,QC_SOP_129,1
evaluate,QC_SOP_129,1
packaging,QC_SOP_129,1
study,QC_SOP_129,1
references,QC_SOP_129,1
effect,QC_SOP_129,1
assessment,QC_SOP_129,1
periodic,QC_SOP_130,1
present,QC_SOP_130,1
acceptance,QC_SOP_130,1
actions,QC_SOP_130,1
discuss,QC_SOP_130,1
quarterly,QC_SOP_130,1
tracked,QC_SOP_130,1
decisions,QC_SOP_130,1
scope,QC_SOP_130,1
cross-functional,QC_SOP_130,1
procedure,QC_SOP_130,1
stability,QC_SOP_130,1
title,QC_SOP_130,1
meeting,QC_SOP_130,1
trends,QC_SOP_130,1
deviations,QC_SOP_130,1
purpose,QC_SOP_130,1
document,QC_SOP_130,1
meetings,QC_SOP_130,1
criteria,QC_SOP_130,1
programs,QC_SOP_130,1
study,QC_SOP_130,1
references,QC_SOP_130,1
review,QC_SOP_130,1
schedule,QC_SOP_130,1
sample,QC_SOP_131,1
acceptance,QC_SOP_131,1
samples,QC_SOP_131,1
disposal,QC_SOP_131,1
scope,QC_SOP_131,1
dispose,QC_SOP_131,1
define,QC_SOP_131,1
procedure,QC_SOP_131,1
stability,QC_SOP_131,1
title,QC_SOP_131,1
record,QC_SOP_131,1
documented,QC_SOP_131,1
compliance,QC_SOP_131,1
purpose,QC_SOP_131,1
criteria,QC_SOP_131,1
expired,QC_SOP_131,1
waste,QC_SOP_131,1
regulations,QC_SOP_131,1
study,QC_SOP_131,1
verify,QC_SOP_131,1
references,QC_SOP_131,1
identify,QC_SOP_131,1
documentation,QC_SOP_131,1
records,QC_SOP_132,1
maintain,QC_SOP_132,1
regular,QC_SOP_132,1
acceptance,QC_SOP_132,1
secure,QC_SOP_132,1
control,QC_SOP_132,1
store,QC_SOP_132,1
integrity,QC_SOP_132,1
scope,QC_SOP_132,1
procedure,QC_SOP_132,1
archiving,QC_SOP_132,1
stability,QC_SOP_132,1
title,QC_SOP_132,1
backup,QC_SOP_132,1
electronic,QC_SOP_132,1
frequency,QC_SOP_132,1
storage,QC_SOP_132,1
purpose,QC_SOP_132,1
perform,QC_SOP_132,1
criteria,QC_SOP_132,1
access,QC_SOP_132,1
servers,QC_SOP_132,1
study,QC_SOP_132,1
ensure,QC_SOP_132,1
verify,QC_SOP_132,1
references,QC_SOP_132,1
backups,QC_SOP_132,1
records,QC_SOP_133,1
acceptance,QC_SOP_133,1
closeout,QC_SOP_133,1
testing,QC_SOP_133,1
complete,QC_SOP_133,1
scope,QC_SOP_133,1
procedure,QC_SOP_133,1
define,QC_SOP_133,1
stability,QC_SOP_133,1
system,QC_SOP_133,1
archive,QC_SOP_133,1
title,QC_SOP_133,1
completed,QC_SOP_133,1
close,QC_SOP_133,1
studies,QC_SOP_133,1
purpose,QC_SOP_133,1
criteria,QC_SOP_133,1
formally,QC_SOP_133,1
confirm,QC_SOP_133,1
closed,QC_SOP_133,1
study,QC_SOP_133,1
references,QC_SOP_133,1
review,QC_SOP_133,1
closure,QC_SOP_133,1
filing,QC_SOP_134,1
authorities,QC_SOP_134,1
acceptance,QC_SOP_134,1
compile,QC_SOP_134,1
submission,QC_SOP_134,1
meets,QC_SOP_134,1
prepare,QC_SOP_134,1
scope,QC_SOP_134,1
procedure,QC_SOP_134,1
stability,QC_SOP_134,1
title,QC_SOP_134,1
submit,QC_SOP_134,1
submissions,QC_SOP_134,1
dossier,QC_SOP_134,1
purpose,QC_SOP_134,1
format,QC_SOP_134,1
criteria,QC_SOP_134,1
regulatory,QC_SOP_134,1
requirements,QC_SOP_134,1
study,QC_SOP_134,1
verify,QC_SOP_134,1
references,QC_SOP_134,1
review,QC_SOP_134,1
completeness,QC_SOP_134,1
trending,QC_SOP_135,1
acceptance,QC_SOP_135,1
investigations,QC_SOP_135,1
limit,QC_SOP_135,1
scope,QC_SOP_135,1
parameters,QC_SOP_135,1
define,QC_SOP_135,1
procedure,QC_SOP_135,1
stability,QC_SOP_135,1
title,QC_SOP_135,1
ongoing,QC_SOP_135,1
trend,QC_SOP_135,1
investigate,QC_SOP_135,1
setting,QC_SOP_135,1
completed,QC_SOP_135,1
monitor,QC_SOP_135,1
purpose,QC_SOP_135,1
results,QC_SOP_135,1
alerts,QC_SOP_135,1
alert,QC_SOP_135,1
limits,QC_SOP_135,1
criteria,QC_SOP_135,1
triggered,QC_SOP_135,1
statistical,QC_SOP_135,1
study,QC_SOP_135,1
historical,QC_SOP_135,1
references,QC_SOP_135,1
analyze,QC_SOP_135,1
appropriately,QC_SOP_135,1
quantitative,QC_SOP_136,1
sample,QC_SOP_136,1
evaluation,QC_SOP_136,1
acceptance,QC_SOP_136,1
compile,QC_SOP_136,1
analytical,QC_SOP_136,1
assess,QC_SOP_136,1
statistically,QC_SOP_136,1
degradation,QC_SOP_136,1
analysis,QC_SOP_136,1
maintained,QC_SOP_136,1
error,QC_SOP_136,1
justification,QC_SOP_136,1
identifying,QC_SOP_136,1
scope,QC_SOP_136,1
potential,QC_SOP_136,1
datasets,QC_SOP_136,1
obtain,QC_SOP_136,1
without,QC_SOP_136,1
inclusion,QC_SOP_136,1
define,QC_SOP_136,1
procedure,QC_SOP_136,1
rationale,QC_SOP_136,1
stability,QC_SOP_136,1
manipulation,QC_SOP_136,1
title,QC_SOP_136,1
justified,QC_SOP_136,1
exclusion,QC_SOP_136,1
supported,QC_SOP_136,1
level,QC_SOP_136,1
applies,QC_SOP_136,1
using,QC_SOP_136,1
removal,QC_SOP_136,1
standardized,QC_SOP_136,1
across,QC_SOP_136,1
instrument,QC_SOP_136,1
variability,QC_SOP_136,1
documented,QC_SOP_136,1
conclusions,QC_SOP_136,1
studies,QC_SOP_136,1
under,QC_SOP_136,1
purpose,QC_SOP_136,1
approach,QC_SOP_136,1
generated,QC_SOP_136,1
perform,QC_SOP_136,1
results,QC_SOP_136,1
document,QC_SOP_136,1
confidence,QC_SOP_136,1
calculations,QC_SOP_136,1
outliers,QC_SOP_136,1
dixon,QC_SOP_136,1
scientifically,QC_SOP_136,1
criteria,QC_SOP_136,1
grubbs,QC_SOP_136,1
statistical,QC_SOP_136,1
points,QC_SOP_136,1
traceability,QC_SOP_136,1
approval,QC_SOP_136,1
study,QC_SOP_136,1
ensure,QC_SOP_136,1
verify,QC_SOP_136,1
outlier,QC_SOP_136,1
references,QC_SOP_136,1
identify,QC_SOP_136,1
evaluating,QC_SOP_136,1
whether,QC_SOP_136,1
parameter,QC_SOP_136,1
sample,QC_SOP_137,1
traceable,QC_SOP_137,1
probes,QC_SOP_137,1
acceptance,QC_SOP_137,1
actions,QC_SOP_137,1
calibration,QC_SOP_137,1
within,QC_SOP_137,1
predefined,QC_SOP_137,1
compare,QC_SOP_137,1
intermediate,QC_SOP_137,1
chambers,QC_SOP_137,1
variation,QC_SOP_137,1
least,QC_SOP_137,1
calibrated,QC_SOP_137,1
mapping,QC_SOP_137,1
uniform,QC_SOP_137,1
temperature,QC_SOP_137,1
national,QC_SOP_137,1
scope,QC_SOP_137,1
observed,QC_SOP_137,1
multiple,QC_SOP_137,1
non-uniformity,QC_SOP_137,1
chamber,QC_SOP_137,1
unloaded,QC_SOP_137,1
procedure,QC_SOP_137,1
locations,QC_SOP_137,1
stability,QC_SOP_137,1
title,QC_SOP_137,1
conditions,QC_SOP_137,1
record,QC_SOP_137,1
distribution,QC_SOP_137,1
loaded,QC_SOP_137,1
spatial,QC_SOP_137,1
across,QC_SOP_137,1
studies,QC_SOP_137,1
storage,QC_SOP_137,1
implement,QC_SOP_137,1
against,QC_SOP_137,1
under,QC_SOP_137,1
purpose,QC_SOP_137,1
spots,QC_SOP_137,1
document,QC_SOP_137,1
results,QC_SOP_137,1
standards,QC_SOP_137,1
hours,QC_SOP_137,1
criteria,QC_SOP_137,1
report,QC_SOP_137,1
accelerated,QC_SOP_137,1
continuously,QC_SOP_137,1
place,QC_SOP_137,1
study,QC_SOP_137,1
ensure,QC_SOP_137,1
corrective,QC_SOP_137,1
uniformity,QC_SOP_137,1
persistent,QC_SOP_137,1
analyze,QC_SOP_137,1
identify,QC_SOP_137,1
references,QC_SOP_137,1
long-term,QC_SOP_137,1
values,QC_SOP_138,1
actions,QC_SOP_138,1
required,QC_SOP_138,1
acceptance,QC_SOP_138,1
setpoints,QC_SOP_138,1
within,QC_SOP_138,1
compare,QC_SOP_138,1
control,QC_SOP_138,1
chambers,QC_SOP_138,1
relative,QC_SOP_138,1
least,QC_SOP_138,1
calibrated,QC_SOP_138,1
representative,QC_SOP_138,1
maintained,QC_SOP_138,1
scope,QC_SOP_138,1
operating,QC_SOP_138,1
chamber,QC_SOP_138,1
setpoint,QC_SOP_138,1
alarm,QC_SOP_138,1
measured,QC_SOP_138,1
procedure,QC_SOP_138,1
locations,QC_SOP_138,1
stability,QC_SOP_138,1
title,QC_SOP_138,1
conditions,QC_SOP_138,1
record,QC_SOP_138,1
humidity,QC_SOP_138,1
variability,QC_SOP_138,1
compliance,QC_SOP_138,1
purpose,QC_SOP_138,1
applicable,QC_SOP_138,1
excursions,QC_SOP_138,1
document,QC_SOP_138,1
results,QC_SOP_138,1
hours,QC_SOP_138,1
evaluate,QC_SOP_138,1
criteria,QC_SOP_138,1
install,QC_SOP_138,1
verification,QC_SOP_138,1
continuously,QC_SOP_138,1
uninvestigated,QC_SOP_138,1
study,QC_SOP_138,1
verify,QC_SOP_138,1
ensure,QC_SOP_138,1
corrective,QC_SOP_138,1
controlled,QC_SOP_138,1
review,QC_SOP_138,1
references,QC_SOP_138,1
hygrometers,QC_SOP_138,1
during,QC_SOP_139,1
initiate,QC_SOP_139,1
acceptance,QC_SOP_139,1
levels,QC_SOP_139,1
identified,QC_SOP_139,1
within,QC_SOP_139,1
compile,QC_SOP_139,1
analytical,QC_SOP_139,1
slope,QC_SOP_139,1
abnormal,QC_SOP_139,1
analysis,QC_SOP_139,1
impurities,QC_SOP_139,1
scope,QC_SOP_139,1
observed,QC_SOP_139,1
stability-indicating,QC_SOP_139,1
increase,QC_SOP_139,1
exceeds,QC_SOP_139,1
procedure,QC_SOP_139,1
stability,QC_SOP_139,1
title,QC_SOP_139,1
approaching,QC_SOP_139,1
trend,QC_SOP_139,1
specification,QC_SOP_139,1
using,QC_SOP_139,1
profiles,QC_SOP_139,1
versus,QC_SOP_139,1
trends,QC_SOP_139,1
validated,QC_SOP_139,1
across,QC_SOP_139,1
studies,QC_SOP_139,1
monitor,QC_SOP_139,1
purpose,QC_SOP_139,1
balance,QC_SOP_139,1
impurity,QC_SOP_139,1
limits,QC_SOP_139,1
investigation,QC_SOP_139,1
evaluate,QC_SOP_139,1
criteria,QC_SOP_139,1
regression,QC_SOP_139,1
points,QC_SOP_139,1
methods,QC_SOP_139,1
study,QC_SOP_139,1
references,QC_SOP_139,1
identify,QC_SOP_139,1
measuring,QC_SOP_139,1
present,QC_SOP_140,1
recommendations,QC_SOP_140,1
acceptance,QC_SOP_140,1
identified,QC_SOP_140,1
within,QC_SOP_140,1
compile,QC_SOP_140,1
reduced,QC_SOP_140,1
control,QC_SOP_140,1
performance,QC_SOP_140,1
analytical,QC_SOP_140,1
optimization,QC_SOP_140,1
design,QC_SOP_140,1
chambers,QC_SOP_140,1
optimize,QC_SOP_140,1
through,QC_SOP_140,1
program,QC_SOP_140,1
testing,QC_SOP_140,1
opportunities,QC_SOP_140,1
non-compliance,QC_SOP_140,1
protocols,QC_SOP_140,1
scope,QC_SOP_140,1
based,QC_SOP_140,1
sampling,QC_SOP_140,1
approved,QC_SOP_140,1
management,QC_SOP_140,1
procedure,QC_SOP_140,1
accumulated,QC_SOP_140,1
schedules,QC_SOP_140,1
strategies,QC_SOP_140,1
stability,QC_SOP_140,1
title,QC_SOP_140,1
ongoing,QC_SOP_140,1
periodically,QC_SOP_140,1
trend,QC_SOP_140,1
justified,QC_SOP_140,1
change,QC_SOP_140,1
applies,QC_SOP_140,1
completed,QC_SOP_140,1
frequency,QC_SOP_140,1
deviations,QC_SOP_140,1
documented,QC_SOP_140,1
analyses,QC_SOP_140,1
where,QC_SOP_140,1
purpose,QC_SOP_140,1
document,QC_SOP_140,1
bracketing,QC_SOP_140,1
annual,QC_SOP_140,1
outcomes,QC_SOP_140,1
criteria,QC_SOP_140,1
evaluate,QC_SOP_140,1
regulatory,QC_SOP_140,1
programs,QC_SOP_140,1
methods,QC_SOP_140,1
study,QC_SOP_140,1
references,QC_SOP_140,1
update,QC_SOP_140,1
review,QC_SOP_140,1
identify,QC_SOP_140,1
year-end,QC_SOP_140,1
during,QC_SOP_141,1
sample,QC_SOP_141,1
evaluation,QC_SOP_141,1
acceptance,QC_SOP_141,1
samples,QC_SOP_141,1
assay,QC_SOP_141,1
inverted,QC_SOP_141,1
compare,QC_SOP_141,1
performance,QC_SOP_141,1
assess,QC_SOP_141,1
store,QC_SOP_141,1
matter,QC_SOP_141,1
changes,QC_SOP_141,1
significant,QC_SOP_141,1
impact,QC_SOP_141,1
containers,QC_SOP_141,1
degradation,QC_SOP_141,1
upright,QC_SOP_141,1
impurities,QC_SOP_141,1
suspensions,QC_SOP_141,1
scope,QC_SOP_141,1
increase,QC_SOP_141,1
orientation,QC_SOP_141,1
liquid,QC_SOP_141,1
procedure,QC_SOP_141,1
findings,QC_SOP_141,1
stability,QC_SOP_141,1
title,QC_SOP_141,1
particulate,QC_SOP_141,1
leakage,QC_SOP_141,1
conditions,QC_SOP_141,1
applies,QC_SOP_141,1
physical,QC_SOP_141,1
storage,QC_SOP_141,1
intervals,QC_SOP_141,1
differences,QC_SOP_141,1
defined,QC_SOP_141,1
difference,QC_SOP_141,1
under,QC_SOP_141,1
purpose,QC_SOP_141,1
between,QC_SOP_141,1
products,QC_SOP_141,1
quality,QC_SOP_141,1
withdraw,QC_SOP_141,1
results,QC_SOP_141,1
identical,QC_SOP_141,1
primary,QC_SOP_141,1
document,QC_SOP_141,1
impurity,QC_SOP_141,1
criteria,QC_SOP_141,1
months,QC_SOP_141,1
evaluate,QC_SOP_141,1
precipitation,QC_SOP_141,1
product,QC_SOP_141,1
stored,QC_SOP_141,1
orientations,QC_SOP_141,1
visible,QC_SOP_141,1
packaging,QC_SOP_141,1
study,QC_SOP_141,1
references,QC_SOP_141,1
analyze,QC_SOP_141,1
identify,QC_SOP_141,1
effect,QC_SOP_141,1
long-term,QC_SOP_141,1
acceptance,QC_SOP_142,1
correlation,QC_SOP_142,1
samples,QC_SOP_142,1
assay,QC_SOP_142,1
correlate,QC_SOP_142,1
integrity,QC_SOP_142,1
changes,QC_SOP_142,1
impact,QC_SOP_142,1
failure,QC_SOP_142,1
degradation,QC_SOP_142,1
representative,QC_SOP_142,1
testing,QC_SOP_142,1
initial,QC_SOP_142,1
vacuum,QC_SOP_142,1
scope,QC_SOP_142,1
decay,QC_SOP_142,1
moisture,QC_SOP_142,1
procedure,QC_SOP_142,1
systems,QC_SOP_142,1
stability,QC_SOP_142,1
title,QC_SOP_142,1
leakage,QC_SOP_142,1
investigate,QC_SOP_142,1
using,QC_SOP_142,1
validated,QC_SOP_142,1
threshold,QC_SOP_142,1
select,QC_SOP_142,1
conclusions,QC_SOP_142,1
container,QC_SOP_142,1
purpose,QC_SOP_142,1
between,QC_SOP_142,1
products,QC_SOP_142,1
perform,QC_SOP_142,1
requiring,QC_SOP_142,1
ingress,QC_SOP_142,1
results,QC_SOP_142,1
document,QC_SOP_142,1
criteria,QC_SOP_142,1
evaluate,QC_SOP_142,1
points,QC_SOP_142,1
product,QC_SOP_142,1
methods,QC_SOP_142,1
study,QC_SOP_142,1
references,QC_SOP_142,1
effect,QC_SOP_142,1
final,QC_SOP_142,1
closure,QC_SOP_142,1
evaluation,QC_SOP_143,1
acceptance,QC_SOP_143,1
levels,QC_SOP_143,1
determine,QC_SOP_143,1
samples,QC_SOP_143,1
content,QC_SOP_143,1
predefined,QC_SOP_143,1
assay,QC_SOP_143,1
dissolution,QC_SOP_143,1
compare,QC_SOP_143,1
beyond,QC_SOP_143,1
solid,QC_SOP_143,1
store,QC_SOP_143,1
dosage,QC_SOP_143,1
materials,QC_SOP_143,1
impact,QC_SOP_143,1
profile,QC_SOP_143,1
scope,QC_SOP_143,1
different,QC_SOP_143,1
moisture,QC_SOP_143,1
procedure,QC_SOP_143,1
findings,QC_SOP_143,1
stability,QC_SOP_143,1
hygroscopic,QC_SOP_143,1
title,QC_SOP_143,1
sensitivity,QC_SOP_143,1
conditions,QC_SOP_143,1
humidity,QC_SOP_143,1
across,QC_SOP_143,1
physical,QC_SOP_143,1
intervals,QC_SOP_143,1
under,QC_SOP_143,1
purpose,QC_SOP_143,1
products,QC_SOP_143,1
forms,QC_SOP_143,1
document,QC_SOP_143,1
results,QC_SOP_143,1
weight,QC_SOP_143,1
measure,QC_SOP_143,1
criteria,QC_SOP_143,1
uptake,QC_SOP_143,1
properties,QC_SOP_143,1
study,QC_SOP_143,1
references,QC_SOP_143,1
controlled,QC_SOP_143,1
analyze,QC_SOP_143,1
acceptance,QC_SOP_144,1
assay,QC_SOP_144,1
within,QC_SOP_144,1
reconstitution,QC_SOP_144,1
specified,QC_SOP_144,1
store,QC_SOP_144,1
appearance,QC_SOP_144,1
diluent,QC_SOP_144,1
temperature,QC_SOP_144,1
lyophilized,QC_SOP_144,1
scope,QC_SOP_144,1
instructions,QC_SOP_144,1
procedure,QC_SOP_144,1
units,QC_SOP_144,1
stability,QC_SOP_144,1
reconstitute,QC_SOP_144,1
title,QC_SOP_144,1
change,QC_SOP_144,1
solutions,QC_SOP_144,1
using,QC_SOP_144,1
conditions,QC_SOP_144,1
intervals,QC_SOP_144,1
defined,QC_SOP_144,1
purpose,QC_SOP_144,1
after,QC_SOP_144,1
diluents,QC_SOP_144,1
products,QC_SOP_144,1
document,QC_SOP_144,1
requiring,QC_SOP_144,1
results,QC_SOP_144,1
recommended,QC_SOP_144,1
evaluate,QC_SOP_144,1
hours,QC_SOP_144,1
criteria,QC_SOP_144,1
particles,QC_SOP_144,1
product,QC_SOP_144,1
injectable,QC_SOP_144,1
visible,QC_SOP_144,1
study,QC_SOP_144,1
references,QC_SOP_144,1
analyze,QC_SOP_144,1
reconstituted,QC_SOP_144,1
during,QC_SOP_145,1
evaluation,QC_SOP_145,1
acceptance,QC_SOP_145,1
detected,QC_SOP_145,1
samples,QC_SOP_145,1
polymeric,QC_SOP_145,1
compounds,QC_SOP_145,1
assess,QC_SOP_145,1
materials,QC_SOP_145,1
permitted,QC_SOP_145,1
peaks,QC_SOP_145,1
initial,QC_SOP_145,1
scope,QC_SOP_145,1
potential,QC_SOP_145,1
below,QC_SOP_145,1
toxicological,QC_SOP_145,1
material,QC_SOP_145,1
procedure,QC_SOP_145,1
daily,QC_SOP_145,1
identification,QC_SOP_145,1
stability,QC_SOP_145,1
lc-ms,QC_SOP_145,1
title,QC_SOP_145,1
using,QC_SOP_145,1
threshold,QC_SOP_145,1
studies,QC_SOP_145,1
extractables,QC_SOP_145,1
monitor,QC_SOP_145,1
purpose,QC_SOP_145,1
quantify,QC_SOP_145,1
products,QC_SOP_145,1
exposure,QC_SOP_145,1
perform,QC_SOP_145,1
document,QC_SOP_145,1
results,QC_SOP_145,1
gc-ms,QC_SOP_145,1
criteria,QC_SOP_145,1
points,QC_SOP_145,1
leachables,QC_SOP_145,1
packaging,QC_SOP_145,1
study,QC_SOP_145,1
long-term,QC_SOP_145,1
exceeding,QC_SOP_145,1
references,QC_SOP_145,1
analyze,QC_SOP_145,1
identify,QC_SOP_145,1
elastomeric,QC_SOP_145,1
contact,QC_SOP_145,1
acceptance,QC_SOP_146,1
assay,QC_SOP_146,1
within,QC_SOP_146,1
dilute,QC_SOP_146,1
store,QC_SOP_146,1
matter,QC_SOP_146,1
intravenous,QC_SOP_146,1
scope,QC_SOP_146,1
procedure,QC_SOP_146,1
stability,QC_SOP_146,1
title,QC_SOP_146,1
particulate,QC_SOP_146,1
solutions,QC_SOP_146,1
conditions,QC_SOP_146,1
infusion,QC_SOP_146,1
intervals,QC_SOP_146,1
defined,QC_SOP_146,1
purpose,QC_SOP_146,1
after,QC_SOP_146,1
products,QC_SOP_146,1
document,QC_SOP_146,1
results,QC_SOP_146,1
limits,QC_SOP_146,1
recommended,QC_SOP_146,1
evaluate,QC_SOP_146,1
hours,QC_SOP_146,1
criteria,QC_SOP_146,1
diluted,QC_SOP_146,1
product,QC_SOP_146,1
media,QC_SOP_146,1
dilution,QC_SOP_146,1
study,QC_SOP_146,1
references,QC_SOP_146,1
analyze,QC_SOP_146,1
during,QC_SOP_147,1
cycles,QC_SOP_147,1
maintain,QC_SOP_147,1
acceptance,QC_SOP_147,1
samples,QC_SOP_147,1
condition,QC_SOP_147,1
assay,QC_SOP_147,1
fluctuations,QC_SOP_147,1
compare,QC_SOP_147,1
control,QC_SOP_147,1
assess,QC_SOP_147,1
changes,QC_SOP_147,1
durations,QC_SOP_147,1
impact,QC_SOP_147,1
degradation,QC_SOP_147,1
transport,QC_SOP_147,1
temperature,QC_SOP_147,1
variations,QC_SOP_147,1
scope,QC_SOP_147,1
observed,QC_SOP_147,1
procedure,QC_SOP_147,1
stability,QC_SOP_147,1
title,QC_SOP_147,1
change,QC_SOP_147,1
number,QC_SOP_147,1
physical,QC_SOP_147,1
cycling,QC_SOP_147,1
storage,QC_SOP_147,1
cycle,QC_SOP_147,1
defined,QC_SOP_147,1
under,QC_SOP_147,1
purpose,QC_SOP_147,1
after,QC_SOP_147,1
between,QC_SOP_147,1
products,QC_SOP_147,1
document,QC_SOP_147,1
results,QC_SOP_147,1
hours,QC_SOP_147,1
criteria,QC_SOP_147,1
stress,QC_SOP_147,1
study,QC_SOP_147,1
references,QC_SOP_147,1
analyze,QC_SOP_147,1
subject,QC_SOP_147,1
acceptance,QC_SOP_148,1
within,QC_SOP_148,1
compile,QC_SOP_148,1
submission,QC_SOP_148,1
included,QC_SOP_148,1
readiness,QC_SOP_148,1
scope,QC_SOP_148,1
datasets,QC_SOP_148,1
obtain,QC_SOP_148,1
procedure,QC_SOP_148,1
stability,QC_SOP_148,1
title,QC_SOP_148,1
justified,QC_SOP_148,1
specification,QC_SOP_148,1
conclusions,QC_SOP_148,1
analyses,QC_SOP_148,1
compliance,QC_SOP_148,1
guidelines,QC_SOP_148,1
purpose,QC_SOP_148,1
format,QC_SOP_148,1
results,QC_SOP_148,1
criteria,QC_SOP_148,1
regulatory,QC_SOP_148,1
statistical,QC_SOP_148,1
approval,QC_SOP_148,1
study,QC_SOP_148,1
ensure,QC_SOP_148,1
verify,QC_SOP_148,1
references,QC_SOP_148,1
review,QC_SOP_148,1
dossiers,QC_SOP_148,1
completeness,QC_SOP_148,1
during,QC_SOP_149,1
turbidity,QC_SOP_149,1
separation,QC_SOP_149,1
evaluation,QC_SOP_149,1
acceptance,QC_SOP_149,1
investigated,QC_SOP_149,1
samples,QC_SOP_149,1
reference,QC_SOP_149,1
compare,QC_SOP_149,1
correlate,QC_SOP_149,1
appearance,QC_SOP_149,1
analytical,QC_SOP_149,1
dosage,QC_SOP_149,1
changes,QC_SOP_149,1
significant,QC_SOP_149,1
initial,QC_SOP_149,1
inspect,QC_SOP_149,1
scope,QC_SOP_149,1
color,QC_SOP_149,1
procedure,QC_SOP_149,1
stability,QC_SOP_149,1
title,QC_SOP_149,1
phase,QC_SOP_149,1
investigate,QC_SOP_149,1
change,QC_SOP_149,1
conditions,QC_SOP_149,1
studies,QC_SOP_149,1
monitor,QC_SOP_149,1
visual,QC_SOP_149,1
under,QC_SOP_149,1
purpose,QC_SOP_149,1
discoloration,QC_SOP_149,1
forms,QC_SOP_149,1
document,QC_SOP_149,1
standards,QC_SOP_149,1
lighting,QC_SOP_149,1
criteria,QC_SOP_149,1
product,QC_SOP_149,1
study,QC_SOP_149,1
references,QC_SOP_149,1
controlled,QC_SOP_149,1
records,QC_SOP_150,1
required,QC_SOP_150,1
acceptance,QC_SOP_150,1
completion,QC_SOP_150,1
testing,QC_SOP_150,1
complete,QC_SOP_150,1
scope,QC_SOP_150,1
post-approval,QC_SOP_150,1
procedure,QC_SOP_150,1
status,QC_SOP_150,1
stability,QC_SOP_150,1
title,QC_SOP_150,1
archive,QC_SOP_150,1
fulfilled,QC_SOP_150,1
purpose,QC_SOP_150,1
document,QC_SOP_150,1
criteria,QC_SOP_150,1
confirm,QC_SOP_150,1
points,QC_SOP_150,1
verification,QC_SOP_150,1
approval,QC_SOP_150,1
study,QC_SOP_150,1
commitments,QC_SOP_150,1
verify,QC_SOP_150,1
references,QC_SOP_150,1
commitment,QC_SOP_150,1
review,QC_SOP_150,1
documentation,QC_SOP_150,1
acceptance,QC_SOP_151,1
plates,QC_SOP_151,1
compare,QC_SOP_151,1
cleanrooms,QC_SOP_151,1
viable,QC_SOP_151,1
fungi,QC_SOP_151,1
annex,QC_SOP_151,1
environmental,QC_SOP_151,1
scope,QC_SOP_151,1
sampling,QC_SOP_151,1
areas,QC_SOP_151,1
monitoring,QC_SOP_151,1
procedure,QC_SOP_151,1
define,QC_SOP_151,1
position,QC_SOP_151,1
locations,QC_SOP_151,1
title,QC_SOP_151,1
volume,QC_SOP_151,1
bacteria,QC_SOP_151,1
colonies,QC_SOP_151,1
record,QC_SOP_151,1
collect,QC_SOP_151,1
against,QC_SOP_151,1
active,QC_SOP_151,1
defined,QC_SOP_151,1
iso-classified,QC_SOP_151,1
purpose,QC_SOP_151,1
incubate,QC_SOP_151,1
airborne,QC_SOP_151,1
results,QC_SOP_151,1
critical,QC_SOP_151,1
limits,QC_SOP_151,1
criteria,QC_SOP_151,1
manufacturing,QC_SOP_151,1
sampler,QC_SOP_151,1
references,QC_SOP_151,1
procedures,QC_SOP_151,1
count,QC_SOP_151,1
microorganisms,QC_SOP_151,1
acceptance,QC_SOP_152,1
cleanroom,QC_SOP_152,1
plates,QC_SOP_152,1
compare,QC_SOP_152,1
specified,QC_SOP_152,1
assess,QC_SOP_152,1
surface,QC_SOP_152,1
annex,QC_SOP_152,1
environmental,QC_SOP_152,1
equipment,QC_SOP_152,1
scope,QC_SOP_152,1
sampling,QC_SOP_152,1
monitoring,QC_SOP_152,1
procedure,QC_SOP_152,1
findings,QC_SOP_152,1
microbial,QC_SOP_152,1
surfaces,QC_SOP_152,1
press,QC_SOP_152,1
title,QC_SOP_152,1
colonies,QC_SOP_152,1
conditions,QC_SOP_152,1
record,QC_SOP_152,1
defined,QC_SOP_152,1
under,QC_SOP_152,1
purpose,QC_SOP_152,1
incubate,QC_SOP_152,1
document,QC_SOP_152,1
results,QC_SOP_152,1
limits,QC_SOP_152,1
criteria,QC_SOP_152,1
plate,QC_SOP_152,1
contamination,QC_SOP_152,1
references,QC_SOP_152,1
count,QC_SOP_152,1
contact,QC_SOP_152,1
sample,QC_SOP_153,1
acceptance,QC_SOP_153,1
cleanroom,QC_SOP_153,1
gloves,QC_SOP_153,1
plates,QC_SOP_153,1
annex,QC_SOP_153,1
environmental,QC_SOP_153,1
counts,QC_SOP_153,1
personnel,QC_SOP_153,1
scope,QC_SOP_153,1
areas,QC_SOP_153,1
monitoring,QC_SOP_153,1
procedure,QC_SOP_153,1
microbial,QC_SOP_153,1
title,QC_SOP_153,1
surfaces,QC_SOP_153,1
investigate,QC_SOP_153,1
using,QC_SOP_153,1
record,QC_SOP_153,1
monitor,QC_SOP_153,1
compliance,QC_SOP_153,1
purpose,QC_SOP_153,1
incubate,QC_SOP_153,1
excursions,QC_SOP_153,1
criteria,QC_SOP_153,1
evaluate,QC_SOP_153,1
contamination,QC_SOP_153,1
glove,QC_SOP_153,1
references,QC_SOP_153,1
contact,QC_SOP_153,1
acceptance,QC_SOP_154,1
levels,QC_SOP_154,1
cleanroom,QC_SOP_154,1
compare,QC_SOP_154,1
calibrated,QC_SOP_154,1
environmental,QC_SOP_154,1
scope,QC_SOP_154,1
areas,QC_SOP_154,1
monitoring,QC_SOP_154,1
procedure,QC_SOP_154,1
title,QC_SOP_154,1
particulate,QC_SOP_154,1
record,QC_SOP_154,1
particle,QC_SOP_154,1
monitor,QC_SOP_154,1
purpose,QC_SOP_154,1
airborne,QC_SOP_154,1
document,QC_SOP_154,1
results,QC_SOP_154,1
counter,QC_SOP_154,1
measure,QC_SOP_154,1
limits,QC_SOP_154,1
criteria,QC_SOP_154,1
particles,QC_SOP_154,1
non-viable,QC_SOP_154,1
references,QC_SOP_154,1
acceptance,QC_SOP_155,1
compile,QC_SOP_155,1
environmental,QC_SOP_155,1
analysis,QC_SOP_155,1
adverse,QC_SOP_155,1
scope,QC_SOP_155,1
monitoring,QC_SOP_155,1
procedure,QC_SOP_155,1
findings,QC_SOP_155,1
title,QC_SOP_155,1
trend,QC_SOP_155,1
investigate,QC_SOP_155,1
trends,QC_SOP_155,1
purpose,QC_SOP_155,1
perform,QC_SOP_155,1
alert,QC_SOP_155,1
limits,QC_SOP_155,1
criteria,QC_SOP_155,1
evaluate,QC_SOP_155,1
report,QC_SOP_155,1
statistical,QC_SOP_155,1
upward,QC_SOP_155,1
exceeding,QC_SOP_155,1
references,QC_SOP_155,1
identify,QC_SOP_155,1
actions,QC_SOP_156,1
acceptance,QC_SOP_156,1
cleanroom,QC_SOP_156,1
limit,QC_SOP_156,1
annex,QC_SOP_156,1
environmental,QC_SOP_156,1
scope,QC_SOP_156,1
based,QC_SOP_156,1
timely,QC_SOP_156,1
management,QC_SOP_156,1
monitoring,QC_SOP_156,1
define,QC_SOP_156,1
procedure,QC_SOP_156,1
title,QC_SOP_156,1
justified,QC_SOP_156,1
investigate,QC_SOP_156,1
classifications,QC_SOP_156,1
monitor,QC_SOP_156,1
purpose,QC_SOP_156,1
excursions,QC_SOP_156,1
trigger,QC_SOP_156,1
document,QC_SOP_156,1
results,QC_SOP_156,1
alerts,QC_SOP_156,1
alert,QC_SOP_156,1
limits,QC_SOP_156,1
criteria,QC_SOP_156,1
scientifically,QC_SOP_156,1
establish,QC_SOP_156,1
action,QC_SOP_156,1
historical,QC_SOP_156,1
references,QC_SOP_156,1
acceptance,QC_SOP_157,1
covers,QC_SOP_157,1
design,QC_SOP_157,1
cleanrooms,QC_SOP_157,1
environmental,QC_SOP_157,1
scope,QC_SOP_157,1
sampling,QC_SOP_157,1
approved,QC_SOP_157,1
areas,QC_SOP_157,1
monitoring,QC_SOP_157,1
define,QC_SOP_157,1
procedure,QC_SOP_157,1
locations,QC_SOP_157,1
title,QC_SOP_157,1
frequency,QC_SOP_157,1
annually,QC_SOP_157,1
purpose,QC_SOP_157,1
document,QC_SOP_157,1
critical,QC_SOP_157,1
criteria,QC_SOP_157,1
needed,QC_SOP_157,1
references,QC_SOP_157,1
update,QC_SOP_157,1
review,QC_SOP_157,1
identify,QC_SOP_157,1
acceptance,QC_SOP_158,1
result,QC_SOP_158,1
within,QC_SOP_158,1
effectiveness,QC_SOP_158,1
effective,QC_SOP_158,1
environmental,QC_SOP_158,1
manage,QC_SOP_158,1
scope,QC_SOP_158,1
monitoring,QC_SOP_158,1
procedure,QC_SOP_158,1
findings,QC_SOP_158,1
title,QC_SOP_158,1
implement,QC_SOP_158,1
purpose,QC_SOP_158,1
excursions,QC_SOP_158,1
handling,QC_SOP_158,1
document,QC_SOP_158,1
results,QC_SOP_158,1
limits,QC_SOP_158,1
criteria,QC_SOP_158,1
investigation,QC_SOP_158,1
confirm,QC_SOP_158,1
exceeding,QC_SOP_158,1
activities,QC_SOP_158,1
references,QC_SOP_158,1
cause,QC_SOP_158,1
review,QC_SOP_158,1
identify,QC_SOP_158,1
acceptance,QC_SOP_159,1
passed,QC_SOP_159,1
plates,QC_SOP_159,1
growth,QC_SOP_159,1
store,QC_SOP_159,1
confirmed,QC_SOP_159,1
sterility,QC_SOP_159,1
environmental,QC_SOP_159,1
sterilize,QC_SOP_159,1
prepare,QC_SOP_159,1
scope,QC_SOP_159,1
promotion,QC_SOP_159,1
monitoring,QC_SOP_159,1
procedure,QC_SOP_159,1
title,QC_SOP_159,1
purpose,QC_SOP_159,1
properly,QC_SOP_159,1
perform,QC_SOP_159,1
document,QC_SOP_159,1
criteria,QC_SOP_159,1
media,QC_SOP_159,1
ensure,QC_SOP_159,1
references,QC_SOP_159,1
preparation,QC_SOP_159,1
proper,QC_SOP_159,1
records,QC_SOP_160,1
acceptance,QC_SOP_160,1
samples,QC_SOP_160,1
specified,QC_SOP_160,1
growth,QC_SOP_160,1
annex,QC_SOP_160,1
environmental,QC_SOP_160,1
accurate,QC_SOP_160,1
temperature,QC_SOP_160,1
scope,QC_SOP_160,1
monitoring,QC_SOP_160,1
procedure,QC_SOP_160,1
daily,QC_SOP_160,1
title,QC_SOP_160,1
conditions,QC_SOP_160,1
record,QC_SOP_160,1
monitor,QC_SOP_160,1
purpose,QC_SOP_160,1
incubate,QC_SOP_160,1
temperatures,QC_SOP_160,1
document,QC_SOP_160,1
results,QC_SOP_160,1
incubation,QC_SOP_160,1
criteria,QC_SOP_160,1
evaluate,QC_SOP_160,1
ensure,QC_SOP_160,1
references,QC_SOP_160,1
proper,QC_SOP_160,1
records,QC_SOP_161,1
acceptance,QC_SOP_161,1
obtained,QC_SOP_161,1
errors,QC_SOP_161,1
environmental,QC_SOP_161,1
scope,QC_SOP_161,1
monitoring,QC_SOP_161,1
accuracy,QC_SOP_161,1
procedure,QC_SOP_161,1
archive,QC_SOP_161,1
title,QC_SOP_161,1
purpose,QC_SOP_161,1
document,QC_SOP_161,1
results,QC_SOP_161,1
calculations,QC_SOP_161,1
criteria,QC_SOP_161,1
approval,QC_SOP_161,1
ensure,QC_SOP_161,1
verify,QC_SOP_161,1
approve,QC_SOP_161,1
references,QC_SOP_161,1
review,QC_SOP_161,1
calibration,QC_SOP_162,1
acceptance,QC_SOP_162,1
within,QC_SOP_162,1
performance,QC_SOP_162,1
tolerance,QC_SOP_162,1
instruments,QC_SOP_162,1
calibrate,QC_SOP_162,1
environmental,QC_SOP_162,1
equipment,QC_SOP_162,1
scope,QC_SOP_162,1
monitoring,QC_SOP_162,1
accuracy,QC_SOP_162,1
procedure,QC_SOP_162,1
title,QC_SOP_162,1
overdue,QC_SOP_162,1
record,QC_SOP_162,1
purpose,QC_SOP_162,1
document,QC_SOP_162,1
results,QC_SOP_162,1
criteria,QC_SOP_162,1
ensure,QC_SOP_162,1
verify,QC_SOP_162,1
references,QC_SOP_162,1
schedule,QC_SOP_162,1
acceptance,QC_SOP_163,1
cleanroom,QC_SOP_163,1
within,QC_SOP_163,1
effectiveness,QC_SOP_163,1
compare,QC_SOP_163,1
surface,QC_SOP_163,1
annex,QC_SOP_163,1
environmental,QC_SOP_163,1
scope,QC_SOP_163,1
sampling,QC_SOP_163,1
areas,QC_SOP_163,1
failures,QC_SOP_163,1
monitoring,QC_SOP_163,1
procedure,QC_SOP_163,1
findings,QC_SOP_163,1
title,QC_SOP_163,1
surfaces,QC_SOP_163,1
investigate,QC_SOP_163,1
post-cleaning,QC_SOP_163,1
cleaning,QC_SOP_163,1
purpose,QC_SOP_163,1
perform,QC_SOP_163,1
results,QC_SOP_163,1
document,QC_SOP_163,1
limits,QC_SOP_163,1
criteria,QC_SOP_163,1
verification,QC_SOP_163,1
verify,QC_SOP_163,1
references,QC_SOP_163,1
analyze,QC_SOP_163,1
acceptance,QC_SOP_164,1
cleanroom,QC_SOP_164,1
effectiveness,QC_SOP_164,1
assess,QC_SOP_164,1
disinfectants,QC_SOP_164,1
effective,QC_SOP_164,1
environmental,QC_SOP_164,1
program,QC_SOP_164,1
testing,QC_SOP_164,1
scope,QC_SOP_164,1
monitoring,QC_SOP_164,1
procedure,QC_SOP_164,1
title,QC_SOP_164,1
microbial,QC_SOP_164,1
reduction,QC_SOP_164,1
periodically,QC_SOP_164,1
disinfectant,QC_SOP_164,1
monitor,QC_SOP_164,1
purpose,QC_SOP_164,1
rotate,QC_SOP_164,1
efficacy,QC_SOP_164,1
perform,QC_SOP_164,1
results,QC_SOP_164,1
document,QC_SOP_164,1
criteria,QC_SOP_164,1
disinfection,QC_SOP_164,1
references,QC_SOP_164,1
review,QC_SOP_164,1
records,QC_SOP_165,1
retained,QC_SOP_165,1
maintain,QC_SOP_165,1
acceptance,QC_SOP_165,1
accessibility,QC_SOP_165,1
environmental,QC_SOP_165,1
accurate,QC_SOP_165,1
complete,QC_SOP_165,1
scope,QC_SOP_165,1
monitoring,QC_SOP_165,1
procedure,QC_SOP_165,1
archive,QC_SOP_165,1
title,QC_SOP_165,1
record,QC_SOP_165,1
purpose,QC_SOP_165,1
years,QC_SOP_165,1
retention,QC_SOP_165,1
criteria,QC_SOP_165,1
traceability,QC_SOP_165,1
ensure,QC_SOP_165,1
references,QC_SOP_165,1
review,QC_SOP_165,1
documentation,QC_SOP_165,1
during,QC_SOP_166,1
in-operation,QC_SOP_166,1
acceptance,QC_SOP_166,1
typically,QC_SOP_166,1
identified,QC_SOP_166,1
within,QC_SOP_166,1
plates,QC_SOP_166,1
assess,QC_SOP_166,1
cleanrooms,QC_SOP_166,1
annex,QC_SOP_166,1
minutes,QC_SOP_166,1
environmental,QC_SOP_166,1
passive,QC_SOP_166,1
location,QC_SOP_166,1
enumerate,QC_SOP_166,1
activity,QC_SOP_166,1
unobstructed,QC_SOP_166,1
scope,QC_SOP_166,1
duration,QC_SOP_166,1
sampling,QC_SOP_166,1
areas,QC_SOP_166,1
expose,QC_SOP_166,1
monitoring,QC_SOP_166,1
procedure,QC_SOP_166,1
status,QC_SOP_166,1
start,QC_SOP_166,1
locations,QC_SOP_166,1
settle,QC_SOP_166,1
microbial,QC_SOP_166,1
title,QC_SOP_166,1
classified,QC_SOP_166,1
colonies,QC_SOP_166,1
trend,QC_SOP_166,1
using,QC_SOP_166,1
accordance,QC_SOP_166,1
applies,QC_SOP_166,1
record,QC_SOP_166,1
documented,QC_SOP_166,1
at-rest,QC_SOP_166,1
against,QC_SOP_166,1
defined,QC_SOP_166,1
purpose,QC_SOP_166,1
incubate,QC_SOP_166,1
pre-exposed,QC_SOP_166,1
exposure,QC_SOP_166,1
airborne,QC_SOP_166,1
results,QC_SOP_166,1
routine,QC_SOP_166,1
hours,QC_SOP_166,1
criteria,QC_SOP_166,1
plate,QC_SOP_166,1
contamination,QC_SOP_166,1
designated,QC_SOP_166,1
place,QC_SOP_166,1
ensuring,QC_SOP_166,1
historical,QC_SOP_166,1
references,QC_SOP_166,1
operations,QC_SOP_166,1
followed,QC_SOP_166,1
times,QC_SOP_166,1
regime,QC_SOP_167,1
retrain,QC_SOP_167,1
acceptance,QC_SOP_167,1
within,QC_SOP_167,1
effectiveness,QC_SOP_167,1
plates,QC_SOP_167,1
compare,QC_SOP_167,1
performing,QC_SOP_167,1
technique,QC_SOP_167,1
annex,QC_SOP_167,1
through,QC_SOP_167,1
environmental,QC_SOP_167,1
target,QC_SOP_167,1
personnel,QC_SOP_167,1
scope,QC_SOP_167,1
sampling,QC_SOP_167,1
monitoring,QC_SOP_167,1
procedure,QC_SOP_167,1
fingertip,QC_SOP_167,1
operation,QC_SOP_167,1
title,QC_SOP_167,1
press,QC_SOP_167,1
label,QC_SOP_167,1
colonies,QC_SOP_167,1
using,QC_SOP_167,1
retraining,QC_SOP_167,1
environments,QC_SOP_167,1
against,QC_SOP_167,1
operator,QC_SOP_167,1
gloved,QC_SOP_167,1
purpose,QC_SOP_167,1
after,QC_SOP_167,1
incubate,QC_SOP_167,1
excursions,QC_SOP_167,1
aseptic,QC_SOP_167,1
trigger,QC_SOP_167,1
document,QC_SOP_167,1
results,QC_SOP_167,1
post-operation,QC_SOP_167,1
immediately,QC_SOP_167,1
critical,QC_SOP_167,1
limits,QC_SOP_167,1
evaluate,QC_SOP_167,1
criteria,QC_SOP_167,1
dual-temperature,QC_SOP_167,1
details,QC_SOP_167,1
operators,QC_SOP_167,1
glove,QC_SOP_167,1
manipulations,QC_SOP_167,1
references,QC_SOP_167,1
processing,QC_SOP_167,1
operations,QC_SOP_167,1
count,QC_SOP_167,1
exceeded,QC_SOP_167,1
contact,QC_SOP_167,1
increasing,QC_SOP_168,1
acceptance,QC_SOP_168,1
samples,QC_SOP_168,1
three,QC_SOP_168,1
consecutive,QC_SOP_168,1
sterile,QC_SOP_168,1
annex,QC_SOP_168,1
microbiological,QC_SOP_168,1
through,QC_SOP_168,1
environmental,QC_SOP_168,1
device,QC_SOP_168,1
enumerate,QC_SOP_168,1
scope,QC_SOP_168,1
sampling,QC_SOP_168,1
monitoring,QC_SOP_168,1
nitrogen,QC_SOP_168,1
procedure,QC_SOP_168,1
systems,QC_SOP_168,1
appropriate,QC_SOP_168,1
title,QC_SOP_168,1
surfaces,QC_SOP_168,1
microbial,QC_SOP_168,1
volume,QC_SOP_168,1
trend,QC_SOP_168,1
investigate,QC_SOP_168,1
validated,QC_SOP_168,1
deviations,QC_SOP_168,1
compressed,QC_SOP_168,1
defined,QC_SOP_168,1
gases,QC_SOP_168,1
purpose,QC_SOP_168,1
incubate,QC_SOP_168,1
quality,QC_SOP_168,1
production,QC_SOP_168,1
critical,QC_SOP_168,1
criteria,QC_SOP_168,1
filtration,QC_SOP_168,1
points,QC_SOP_168,1
product,QC_SOP_168,1
filter,QC_SOP_168,1
connect,QC_SOP_168,1
place,QC_SOP_168,1
verify,QC_SOP_168,1
references,QC_SOP_168,1
contact,QC_SOP_168,1
membrane,QC_SOP_169,1
initiate,QC_SOP_169,1
acceptance,QC_SOP_169,1
samples,QC_SOP_169,1
injection,QC_SOP_169,1
compare,QC_SOP_169,1
sterile,QC_SOP_169,1
endotoxin,QC_SOP_169,1
minutes,QC_SOP_169,1
containers,QC_SOP_169,1
environmental,QC_SOP_169,1
counts,QC_SOP_169,1
scope,QC_SOP_169,1
sampling,QC_SOP_169,1
monitoring,QC_SOP_169,1
allow,QC_SOP_169,1
procedure,QC_SOP_169,1
systems,QC_SOP_169,1
system,QC_SOP_169,1
microbial,QC_SOP_169,1
title,QC_SOP_169,1
aseptically,QC_SOP_169,1
trend,QC_SOP_169,1
record,QC_SOP_169,1
neutralizers,QC_SOP_169,1
collect,QC_SOP_169,1
water,QC_SOP_169,1
storage,QC_SOP_169,1
monitor,QC_SOP_169,1
defined,QC_SOP_169,1
purpose,QC_SOP_169,1
incubate,QC_SOP_169,1
excursions,QC_SOP_169,1
quality,QC_SOP_169,1
perform,QC_SOP_169,1
results,QC_SOP_169,1
limits,QC_SOP_169,1
purified,QC_SOP_169,1
investigation,QC_SOP_169,1
criteria,QC_SOP_169,1
filtration,QC_SOP_169,1
supplying,QC_SOP_169,1
points,QC_SOP_169,1
manufacturing,QC_SOP_169,1
loops,QC_SOP_169,1
references,QC_SOP_169,1
flushing,QC_SOP_169,1
sanitize,QC_SOP_169,1
acceptance,QC_SOP_170,1
genus,QC_SOP_170,1
identified,QC_SOP_170,1
compare,QC_SOP_170,1
assess,QC_SOP_170,1
surface,QC_SOP_170,1
viable,QC_SOP_170,1
environmental,QC_SOP_170,1
analysis,QC_SOP_170,1
isolates,QC_SOP_170,1
personnel,QC_SOP_170,1
maldi-tof,QC_SOP_170,1
scope,QC_SOP_170,1
panels,QC_SOP_170,1
obtain,QC_SOP_170,1
monitoring,QC_SOP_170,1
procedure,QC_SOP_170,1
identification,QC_SOP_170,1
isolated,QC_SOP_170,1
recovered,QC_SOP_170,1
title,QC_SOP_170,1
trend,QC_SOP_170,1
colonies,QC_SOP_170,1
staining,QC_SOP_170,1
level,QC_SOP_170,1
validated,QC_SOP_170,1
isolate,QC_SOP_170,1
water,QC_SOP_170,1
relevance,QC_SOP_170,1
action-level,QC_SOP_170,1
possible,QC_SOP_170,1
where,QC_SOP_170,1
purpose,QC_SOP_170,1
database,QC_SOP_170,1
excursions,QC_SOP_170,1
perform,QC_SOP_170,1
document,QC_SOP_170,1
confidence,QC_SOP_170,1
investigation,QC_SOP_170,1
criteria,QC_SOP_170,1
biochemical,QC_SOP_170,1
subculture,QC_SOP_170,1
contamination,QC_SOP_170,1
morphological,QC_SOP_170,1
methods,QC_SOP_170,1
events,QC_SOP_170,1
references,QC_SOP_170,1
species,QC_SOP_170,1
identify,QC_SOP_170,1
microorganisms,QC_SOP_170,1
assessment,QC_SOP_170,1
actions,QC_SOP_171,1
levels,QC_SOP_171,1
determine,QC_SOP_171,1
cleanroom,QC_SOP_171,1
result,QC_SOP_171,1
preventive,QC_SOP_171,1
required,QC_SOP_171,1
acceptance,QC_SOP_171,1
within,QC_SOP_171,1
three,QC_SOP_171,1
annex,QC_SOP_171,1
environmental,QC_SOP_171,1
laboratory,QC_SOP_171,1
recurrence,QC_SOP_171,1
error,QC_SOP_171,1
personnel,QC_SOP_171,1
scope,QC_SOP_171,1
sampling,QC_SOP_171,1
increase,QC_SOP_171,1
monitoring,QC_SOP_171,1
accuracy,QC_SOP_171,1
procedure,QC_SOP_171,1
define,QC_SOP_171,1
findings,QC_SOP_171,1
locations,QC_SOP_171,1
remain,QC_SOP_171,1
title,QC_SOP_171,1
level,QC_SOP_171,1
classifications,QC_SOP_171,1
trends,QC_SOP_171,1
escalation,QC_SOP_171,1
across,QC_SOP_171,1
affected,QC_SOP_171,1
frequency,QC_SOP_171,1
business,QC_SOP_171,1
implement,QC_SOP_171,1
cleaning,QC_SOP_171,1
purpose,QC_SOP_171,1
maintenance,QC_SOP_171,1
document,QC_SOP_171,1
results,QC_SOP_171,1
alert,QC_SOP_171,1
investigation,QC_SOP_171,1
criteria,QC_SOP_171,1
recent,QC_SOP_171,1
exceed,QC_SOP_171,1
events,QC_SOP_171,1
action,QC_SOP_171,1
verify,QC_SOP_171,1
activities,QC_SOP_171,1
references,QC_SOP_171,1
initiated,QC_SOP_171,1
review,QC_SOP_171,1
below,QC_SOP_171,1
organism,QC_SOP_172,1
required,QC_SOP_172,1
acceptance,QC_SOP_172,1
result,QC_SOP_172,1
within,QC_SOP_172,1
effectiveness,QC_SOP_172,1
verified,QC_SOP_172,1
assess,QC_SOP_172,1
impact,QC_SOP_172,1
annex,QC_SOP_172,1
environmental,QC_SOP_172,1
manage,QC_SOP_172,1
analysis,QC_SOP_172,1
repeat,QC_SOP_172,1
identify,QC_SOP_172,1
scope,QC_SOP_172,1
sampling,QC_SOP_172,1
areas,QC_SOP_172,1
notify,QC_SOP_172,1
monitoring,QC_SOP_172,1
procedure,QC_SOP_172,1
appropriate,QC_SOP_172,1
title,QC_SOP_172,1
classified,QC_SOP_172,1
level,QC_SOP_172,1
comprehensive,QC_SOP_172,1
completed,QC_SOP_172,1
affected,QC_SOP_172,1
documented,QC_SOP_172,1
implement,QC_SOP_172,1
conclusions,QC_SOP_172,1
where,QC_SOP_172,1
purpose,QC_SOP_172,1
operational,QC_SOP_172,1
perform,QC_SOP_172,1
results,QC_SOP_172,1
document,QC_SOP_172,1
immediately,QC_SOP_172,1
investigation,QC_SOP_172,1
limits,QC_SOP_172,1
criteria,QC_SOP_172,1
assessed,QC_SOP_172,1
excursion,QC_SOP_172,1
confirm,QC_SOP_172,1
product,QC_SOP_172,1
action,QC_SOP_172,1
exceeding,QC_SOP_172,1
activities,QC_SOP_172,1
references,QC_SOP_172,1
cause,QC_SOP_172,1
review,QC_SOP_172,1
operations,QC_SOP_172,1
during,QC_SOP_173,1
acceptance,QC_SOP_173,1
batches,QC_SOP_173,1
performed,QC_SOP_173,1
compare,QC_SOP_173,1
surface,QC_SOP_173,1
annex,QC_SOP_173,1
environmental,QC_SOP_173,1
personnel,QC_SOP_173,1
scope,QC_SOP_173,1
parameters,QC_SOP_173,1
sampling,QC_SOP_173,1
lines,QC_SOP_173,1
areas,QC_SOP_173,1
monitoring,QC_SOP_173,1
procedure,QC_SOP_173,1
position,QC_SOP_173,1
locations,QC_SOP_173,1
operation,QC_SOP_173,1
title,QC_SOP_173,1
conditions,QC_SOP_173,1
samplers,QC_SOP_173,1
record,QC_SOP_173,1
reflects,QC_SOP_173,1
active,QC_SOP_173,1
defined,QC_SOP_173,1
purpose,QC_SOP_173,1
incubate,QC_SOP_173,1
filling,QC_SOP_173,1
operational,QC_SOP_173,1
dynamic,QC_SOP_173,1
perform,QC_SOP_173,1
results,QC_SOP_173,1
worst-case,QC_SOP_173,1
actual,QC_SOP_173,1
routine,QC_SOP_173,1
critical,QC_SOP_173,1
limits,QC_SOP_173,1
criteria,QC_SOP_173,1
manufacturing,QC_SOP_173,1
steps,QC_SOP_173,1
ensure,QC_SOP_173,1
references,QC_SOP_173,1
processing,QC_SOP_173,1
operations,QC_SOP_173,1
count,QC_SOP_173,1
enumerate,QC_SOP_173,1
evaluation,QC_SOP_174,1
techniques,QC_SOP_174,1
acceptance,QC_SOP_174,1
inoculate,QC_SOP_174,1
plates,QC_SOP_174,1
compare,QC_SOP_174,1
swabs,QC_SOP_174,1
method,QC_SOP_174,1
surface,QC_SOP_174,1
environmental,QC_SOP_174,1
validate,QC_SOP_174,1
scope,QC_SOP_174,1
sampling,QC_SOP_174,1
monitoring,QC_SOP_174,1
procedure,QC_SOP_174,1
efficiency,QC_SOP_174,1
recovery,QC_SOP_174,1
recovered,QC_SOP_174,1
surfaces,QC_SOP_174,1
title,QC_SOP_174,1
microbial,QC_SOP_174,1
inoculated,QC_SOP_174,1
samplers,QC_SOP_174,1
using,QC_SOP_174,1
calculate,QC_SOP_174,1
known,QC_SOP_174,1
validation,QC_SOP_174,1
percentage,QC_SOP_174,1
under,QC_SOP_174,1
purpose,QC_SOP_174,1
perform,QC_SOP_174,1
document,QC_SOP_174,1
results,QC_SOP_174,1
criteria,QC_SOP_174,1
methods,QC_SOP_174,1
references,QC_SOP_174,1
count,QC_SOP_174,1
contact,QC_SOP_174,1
acceptance,QC_SOP_175,1
pattern,QC_SOP_175,1
within,QC_SOP_175,1
sterile,QC_SOP_175,1
joints,QC_SOP_175,1
diluent,QC_SOP_175,1
hard-to-reach,QC_SOP_175,1
annex,QC_SOP_175,1
environmental,QC_SOP_175,1
equipment,QC_SOP_175,1
neutralizing,QC_SOP_175,1
vortex,QC_SOP_175,1
scope,QC_SOP_175,1
sampling,QC_SOP_175,1
non-flat,QC_SOP_175,1
monitoring,QC_SOP_175,1
procedure,QC_SOP_175,1
valves,QC_SOP_175,1
microbial,QC_SOP_175,1
title,QC_SOP_175,1
surfaces,QC_SOP_175,1
using,QC_SOP_175,1
record,QC_SOP_175,1
documented,QC_SOP_175,1
aliquot,QC_SOP_175,1
monitor,QC_SOP_175,1
defined,QC_SOP_175,1
purpose,QC_SOP_175,1
incubate,QC_SOP_175,1
moisten,QC_SOP_175,1
consistent,QC_SOP_175,1
transfer,QC_SOP_175,1
criteria,QC_SOP_175,1
plate,QC_SOP_175,1
buffer,QC_SOP_175,1
contamination,QC_SOP_175,1
irregular,QC_SOP_175,1
references,QC_SOP_175,1
count,QC_SOP_175,1
required,QC_SOP_176,1
acceptance,QC_SOP_176,1
cleanroom,QC_SOP_176,1
integrity,QC_SOP_176,1
changes,QC_SOP_176,1
environmental,QC_SOP_176,1
airflow,QC_SOP_176,1
requalify,QC_SOP_176,1
counts,QC_SOP_176,1
scope,QC_SOP_176,1
areas,QC_SOP_176,1
monitoring,QC_SOP_176,1
procedure,QC_SOP_176,1
status,QC_SOP_176,1
efficiency,QC_SOP_176,1
title,QC_SOP_176,1
classified,QC_SOP_176,1
periodically,QC_SOP_176,1
particle,QC_SOP_176,1
compliance,QC_SOP_176,1
purpose,QC_SOP_176,1
perform,QC_SOP_176,1
patterns,QC_SOP_176,1
results,QC_SOP_176,1
document,QC_SOP_176,1
limits,QC_SOP_176,1
criteria,QC_SOP_176,1
evaluate,QC_SOP_176,1
filter,QC_SOP_176,1
classification,QC_SOP_176,1
verification,QC_SOP_176,1
non-viable,QC_SOP_176,1
verify,QC_SOP_176,1
references,QC_SOP_176,1
review,QC_SOP_176,1
operation,QC_SOP_176,1
photometer,QC_SOP_177,1
acceptance,QC_SOP_177,1
necessary,QC_SOP_177,1
downstream,QC_SOP_177,1
penetration,QC_SOP_177,1
integrity,QC_SOP_177,1
effective,QC_SOP_177,1
aerosol,QC_SOP_177,1
challenge,QC_SOP_177,1
cleanrooms,QC_SOP_177,1
environmental,QC_SOP_177,1
testing,QC_SOP_177,1
scope,QC_SOP_177,1
provide,QC_SOP_177,1
monitoring,QC_SOP_177,1
procedure,QC_SOP_177,1
detectable,QC_SOP_177,1
title,QC_SOP_177,1
particulate,QC_SOP_177,1
upstream,QC_SOP_177,1
repair,QC_SOP_177,1
using,QC_SOP_177,1
filters,QC_SOP_177,1
removal,QC_SOP_177,1
replace,QC_SOP_177,1
purpose,QC_SOP_177,1
generate,QC_SOP_177,1
document,QC_SOP_177,1
results,QC_SOP_177,1
measure,QC_SOP_177,1
criteria,QC_SOP_177,1
filter,QC_SOP_177,1
ensure,QC_SOP_177,1
leaks,QC_SOP_177,1
references,QC_SOP_177,1
identify,QC_SOP_177,1
introduce,QC_SOP_178,1
actions,QC_SOP_178,1
acceptance,QC_SOP_178,1
turbulence,QC_SOP_178,1
annex,QC_SOP_178,1
environmental,QC_SOP_178,1
airflow,QC_SOP_178,1
maintained,QC_SOP_178,1
scope,QC_SOP_178,1
areas,QC_SOP_178,1
monitoring,QC_SOP_178,1
procedure,QC_SOP_178,1
absence,QC_SOP_178,1
zones,QC_SOP_178,1
title,QC_SOP_178,1
conditions,QC_SOP_178,1
record,QC_SOP_178,1
unidirectional,QC_SOP_178,1
implement,QC_SOP_178,1
visualization,QC_SOP_178,1
under,QC_SOP_178,1
purpose,QC_SOP_178,1
reflux,QC_SOP_178,1
aseptic,QC_SOP_178,1
dynamic,QC_SOP_178,1
patterns,QC_SOP_178,1
critical,QC_SOP_178,1
criteria,QC_SOP_178,1
video,QC_SOP_178,1
points,QC_SOP_178,1
evidence,QC_SOP_178,1
smoke,QC_SOP_178,1
needed,QC_SOP_178,1
visible,QC_SOP_178,1
observe,QC_SOP_178,1
study,QC_SOP_178,1
verify,QC_SOP_178,1
corrective,QC_SOP_178,1
references,QC_SOP_178,1
processing,QC_SOP_178,1
identify,QC_SOP_178,1
dashboard,QC_SOP_179,1
maintain,QC_SOP_179,1
trending,QC_SOP_179,1
acceptance,QC_SOP_179,1
within,QC_SOP_179,1
environmental,QC_SOP_179,1
abnormal,QC_SOP_179,1
location,QC_SOP_179,1
analysis,QC_SOP_179,1
scope,QC_SOP_179,1
monitoring,QC_SOP_179,1
upload,QC_SOP_179,1
procedure,QC_SOP_179,1
title,QC_SOP_179,1
archive,QC_SOP_179,1
trend,QC_SOP_179,1
validated,QC_SOP_179,1
trends,QC_SOP_179,1
facility,QC_SOP_179,1
across,QC_SOP_179,1
visualization,QC_SOP_179,1
maintenance,QC_SOP_179,1
purpose,QC_SOP_179,1
generated,QC_SOP_179,1
generate,QC_SOP_179,1
results,QC_SOP_179,1
automated,QC_SOP_179,1
weekly,QC_SOP_179,1
criteria,QC_SOP_179,1
hours,QC_SOP_179,1
updated,QC_SOP_179,1
charts,QC_SOP_179,1
reports,QC_SOP_179,1
centralized,QC_SOP_179,1
references,QC_SOP_179,1
review,QC_SOP_179,1
completeness,QC_SOP_179,1
parameter,QC_SOP_179,1
acceptance,QC_SOP_180,1
levels,QC_SOP_180,1
identified,QC_SOP_180,1
compile,QC_SOP_180,1
compare,QC_SOP_180,1
changes,QC_SOP_180,1
variation,QC_SOP_180,1
impact,QC_SOP_180,1
environmental,QC_SOP_180,1
counts,QC_SOP_180,1
scope,QC_SOP_180,1
sampling,QC_SOP_180,1
increase,QC_SOP_180,1
monitoring,QC_SOP_180,1
procedure,QC_SOP_180,1
microbial,QC_SOP_180,1
title,QC_SOP_180,1
seasons,QC_SOP_180,1
trends,QC_SOP_180,1
across,QC_SOP_180,1
frequency,QC_SOP_180,1
seasonal,QC_SOP_180,1
purpose,QC_SOP_180,1
adjust,QC_SOP_180,1
patterns,QC_SOP_180,1
document,QC_SOP_180,1
limits,QC_SOP_180,1
criteria,QC_SOP_180,1
evaluate,QC_SOP_180,1
programs,QC_SOP_180,1
controls,QC_SOP_180,1
needed,QC_SOP_180,1
action,QC_SOP_180,1
exceeding,QC_SOP_180,1
references,QC_SOP_180,1
controlled,QC_SOP_180,1
identify,QC_SOP_180,1
assessment,QC_SOP_180,1
demonstrates,QC_SOP_181,1
before,QC_SOP_181,1
acceptance,QC_SOP_181,1
cleanroom,QC_SOP_181,1
modified,QC_SOP_181,1
environmental,QC_SOP_181,1
location,QC_SOP_181,1
program,QC_SOP_181,1
proposed,QC_SOP_181,1
validate,QC_SOP_181,1
initial,QC_SOP_181,1
representative,QC_SOP_181,1
scope,QC_SOP_181,1
multiple,QC_SOP_181,1
sampling,QC_SOP_181,1
obtain,QC_SOP_181,1
approved,QC_SOP_181,1
monitoring,QC_SOP_181,1
procedure,QC_SOP_181,1
locations,QC_SOP_181,1
title,QC_SOP_181,1
representativeness,QC_SOP_181,1
added,QC_SOP_181,1
qualification,QC_SOP_181,1
purpose,QC_SOP_181,1
intensive,QC_SOP_181,1
perform,QC_SOP_181,1
consistent,QC_SOP_181,1
routine,QC_SOP_181,1
criteria,QC_SOP_181,1
evaluate,QC_SOP_181,1
confirm,QC_SOP_181,1
points,QC_SOP_181,1
layouts,QC_SOP_181,1
approval,QC_SOP_181,1
references,QC_SOP_181,1
update,QC_SOP_181,1
periodic,QC_SOP_182,1
acceptance,QC_SOP_182,1
within,QC_SOP_182,1
effective,QC_SOP_182,1
adequacy,QC_SOP_182,1
environmental,QC_SOP_182,1
compliant,QC_SOP_182,1
program,QC_SOP_182,1
scope,QC_SOP_182,1
sampling,QC_SOP_182,1
obtain,QC_SOP_182,1
monitoring,QC_SOP_182,1
procedure,QC_SOP_182,1
entire,QC_SOP_182,1
title,QC_SOP_182,1
justified,QC_SOP_182,1
completed,QC_SOP_182,1
trends,QC_SOP_182,1
deviations,QC_SOP_182,1
annually,QC_SOP_182,1
remains,QC_SOP_182,1
where,QC_SOP_182,1
purpose,QC_SOP_182,1
document,QC_SOP_182,1
outcomes,QC_SOP_182,1
annual,QC_SOP_182,1
alert,QC_SOP_182,1
limits,QC_SOP_182,1
criteria,QC_SOP_182,1
evaluate,QC_SOP_182,1
needed,QC_SOP_182,1
updates,QC_SOP_182,1
action,QC_SOP_182,1
approval,QC_SOP_182,1
ensure,QC_SOP_182,1
references,QC_SOP_182,1
update,QC_SOP_182,1
review,QC_SOP_182,1
implemented,QC_SOP_182,1
acceptance,QC_SOP_183,1
cleanroom,QC_SOP_183,1
effectiveness,QC_SOP_183,1
mechanisms,QC_SOP_183,1
disinfectants,QC_SOP_183,1
prevent,QC_SOP_183,1
rotation,QC_SOP_183,1
resistance,QC_SOP_183,1
least,QC_SOP_183,1
through,QC_SOP_183,1
environmental,QC_SOP_183,1
validate,QC_SOP_183,1
isolates,QC_SOP_183,1
scope,QC_SOP_183,1
monthly,QC_SOP_183,1
increase,QC_SOP_183,1
different,QC_SOP_183,1
monitoring,QC_SOP_183,1
procedure,QC_SOP_183,1
resistant,QC_SOP_183,1
microbial,QC_SOP_183,1
title,QC_SOP_183,1
reduction,QC_SOP_183,1
flora,QC_SOP_183,1
select,QC_SOP_183,1
disinfectant,QC_SOP_183,1
studies,QC_SOP_183,1
cleaning,QC_SOP_183,1
against,QC_SOP_183,1
monitor,QC_SOP_183,1
purpose,QC_SOP_183,1
weekly,QC_SOP_183,1
efficacy,QC_SOP_183,1
strategy,QC_SOP_183,1
document,QC_SOP_183,1
results,QC_SOP_183,1
criteria,QC_SOP_183,1
programs,QC_SOP_183,1
usage,QC_SOP_183,1
establish,QC_SOP_183,1
references,QC_SOP_183,1
schedule,QC_SOP_183,1
traceable,QC_SOP_184,1
acceptance,QC_SOP_184,1
calibration,QC_SOP_184,1
growth,QC_SOP_184,1
requalification,QC_SOP_184,1
calibrate,QC_SOP_184,1
environmental,QC_SOP_184,1
mapping,QC_SOP_184,1
accurate,QC_SOP_184,1
temperature,QC_SOP_184,1
incubators,QC_SOP_184,1
scope,QC_SOP_184,1
provide,QC_SOP_184,1
monitoring,QC_SOP_184,1
procedure,QC_SOP_184,1
stability,QC_SOP_184,1
microbial,QC_SOP_184,1
title,QC_SOP_184,1
conditions,QC_SOP_184,1
annually,QC_SOP_184,1
qualification,QC_SOP_184,1
purpose,QC_SOP_184,1
consistent,QC_SOP_184,1
perform,QC_SOP_184,1
sensors,QC_SOP_184,1
document,QC_SOP_184,1
criteria,QC_SOP_184,1
ensure,QC_SOP_184,1
verify,QC_SOP_184,1
uniformity,QC_SOP_184,1
references,QC_SOP_184,1
schedule,QC_SOP_184,1
organisms,QC_SOP_185,1
acceptance,QC_SOP_185,1
performed,QC_SOP_185,1
plates,QC_SOP_185,1
growth,QC_SOP_185,1
assess,QC_SOP_185,1
evaluated,QC_SOP_185,1
relative,QC_SOP_185,1
environmental,QC_SOP_185,1
interpreting,QC_SOP_185,1
representative,QC_SOP_185,1
identify,QC_SOP_185,1
showing,QC_SOP_185,1
scope,QC_SOP_185,1
multiple,QC_SOP_185,1
monitoring,QC_SOP_185,1
define,QC_SOP_185,1
procedure,QC_SOP_185,1
identification,QC_SOP_185,1
findings,QC_SOP_185,1
morphologies,QC_SOP_185,1
microbial,QC_SOP_185,1
title,QC_SOP_185,1
flora,QC_SOP_185,1
colonies,QC_SOP_185,1
action-level,QC_SOP_185,1
purpose,QC_SOP_185,1
environment,QC_SOP_185,1
handling,QC_SOP_185,1
approach,QC_SOP_185,1
document,QC_SOP_185,1
colony,QC_SOP_185,1
criteria,QC_SOP_185,1
subculture,QC_SOP_185,1
total,QC_SOP_185,1
events,QC_SOP_185,1
significance,QC_SOP_185,1
references,QC_SOP_185,1
mixed,QC_SOP_185,1
enumerate,QC_SOP_185,1
initiate,QC_SOP_186,1
investigated,QC_SOP_186,1
acceptance,QC_SOP_186,1
within,QC_SOP_186,1
integrity,QC_SOP_186,1
assess,QC_SOP_186,1
impact,QC_SOP_186,1
environmental,QC_SOP_186,1
scope,QC_SOP_186,1
sampling,QC_SOP_186,1
monitoring,QC_SOP_186,1
recorded,QC_SOP_186,1
procedure,QC_SOP_186,1
title,QC_SOP_186,1
record,QC_SOP_186,1
deviations,QC_SOP_186,1
implement,QC_SOP_186,1
purpose,QC_SOP_186,1
properly,QC_SOP_186,1
document,QC_SOP_186,1
immediately,QC_SOP_186,1
investigation,QC_SOP_186,1
criteria,QC_SOP_186,1
deviation,QC_SOP_186,1
closed,QC_SOP_186,1
details,QC_SOP_186,1
ensure,QC_SOP_186,1
activities,QC_SOP_186,1
references,QC_SOP_186,1
procedures,QC_SOP_186,1
documentation,QC_SOP_186,1
closure,QC_SOP_186,1
during,QC_SOP_187,1
techniques,QC_SOP_187,1
acceptance,QC_SOP_187,1
errors,QC_SOP_187,1
performance,QC_SOP_187,1
performing,QC_SOP_187,1
theoretical,QC_SOP_187,1
through,QC_SOP_187,1
environmental,QC_SOP_187,1
training,QC_SOP_187,1
testing,QC_SOP_187,1
requalify,QC_SOP_187,1
personnel,QC_SOP_187,1
competent,QC_SOP_187,1
practical,QC_SOP_187,1
scope,QC_SOP_187,1
sampling,QC_SOP_187,1
provide,QC_SOP_187,1
monitoring,QC_SOP_187,1
procedure,QC_SOP_187,1
supervised,QC_SOP_187,1
conduct,QC_SOP_187,1
title,QC_SOP_187,1
exercises,QC_SOP_187,1
annually,QC_SOP_187,1
qualification,QC_SOP_187,1
purpose,QC_SOP_187,1
proficiency,QC_SOP_187,1
document,QC_SOP_187,1
critical,QC_SOP_187,1
criteria,QC_SOP_187,1
evaluate,QC_SOP_187,1
ensure,QC_SOP_187,1
references,QC_SOP_187,1
score,QC_SOP_187,1
assessment,QC_SOP_187,1
recommendations,QC_SOP_188,1
calibration,QC_SOP_188,1
acceptance,QC_SOP_188,1
preventive,QC_SOP_188,1
within,QC_SOP_188,1
post-maintenance,QC_SOP_188,1
performance,QC_SOP_188,1
reliability,QC_SOP_188,1
through,QC_SOP_188,1
environmental,QC_SOP_188,1
equipment,QC_SOP_188,1
scope,QC_SOP_188,1
incubators,QC_SOP_188,1
specifications,QC_SOP_188,1
performs,QC_SOP_188,1
monitoring,QC_SOP_188,1
procedure,QC_SOP_188,1
title,QC_SOP_188,1
overdue,QC_SOP_188,1
samplers,QC_SOP_188,1
counters,QC_SOP_188,1
particle,QC_SOP_188,1
cleaning,QC_SOP_188,1
maintenance,QC_SOP_188,1
purpose,QC_SOP_188,1
manufacturer,QC_SOP_188,1
perform,QC_SOP_188,1
document,QC_SOP_188,1
routine,QC_SOP_188,1
criteria,QC_SOP_188,1
replacement,QC_SOP_188,1
ensure,QC_SOP_188,1
activities,QC_SOP_188,1
verify,QC_SOP_188,1
update,QC_SOP_188,1
references,QC_SOP_188,1
schedule,QC_SOP_188,1
records,QC_SOP_189,1
maintain,QC_SOP_189,1
acceptance,QC_SOP_189,1
secure,QC_SOP_189,1
within,QC_SOP_189,1
control,QC_SOP_189,1
store,QC_SOP_189,1
integrity,QC_SOP_189,1
environmental,QC_SOP_189,1
scope,QC_SOP_189,1
policy,QC_SOP_189,1
monitoring,QC_SOP_189,1
procedure,QC_SOP_189,1
daily,QC_SOP_189,1
retrieval,QC_SOP_189,1
archiving,QC_SOP_189,1
title,QC_SOP_189,1
backup,QC_SOP_189,1
archive,QC_SOP_189,1
periodically,QC_SOP_189,1
electronic,QC_SOP_189,1
frequency,QC_SOP_189,1
storage,QC_SOP_189,1
retrievable,QC_SOP_189,1
purpose,QC_SOP_189,1
perform,QC_SOP_189,1
retention,QC_SOP_189,1
criteria,QC_SOP_189,1
hours,QC_SOP_189,1
access,QC_SOP_189,1
servers,QC_SOP_189,1
ensure,QC_SOP_189,1
verify,QC_SOP_189,1
references,QC_SOP_189,1
backups,QC_SOP_189,1
records,QC_SOP_190,1
initiate,QC_SOP_190,1
actions,QC_SOP_190,1
acceptance,QC_SOP_190,1
linked,QC_SOP_190,1
preventive,QC_SOP_190,1
within,QC_SOP_190,1
effectiveness,QC_SOP_190,1
verified,QC_SOP_190,1
environmental,QC_SOP_190,1
scope,QC_SOP_190,1
monitoring,QC_SOP_190,1
procedure,QC_SOP_190,1
systems,QC_SOP_190,1
system,QC_SOP_190,1
title,QC_SOP_190,1
workflows,QC_SOP_190,1
record,QC_SOP_190,1
close,QC_SOP_190,1
integration,QC_SOP_190,1
purpose,QC_SOP_190,1
excursions,QC_SOP_190,1
results,QC_SOP_190,1
limits,QC_SOP_190,1
criteria,QC_SOP_190,1
deviation,QC_SOP_190,1
excursion,QC_SOP_190,1
linkage,QC_SOP_190,1
ensure,QC_SOP_190,1
exceeding,QC_SOP_190,1
corrective,QC_SOP_190,1
verify,QC_SOP_190,1
references,QC_SOP_190,1
track,QC_SOP_190,1
before,QC_SOP_191,1
required,QC_SOP_191,1
acceptance,QC_SOP_191,1
cleanroom,QC_SOP_191,1
penetration,QC_SOP_191,1
compile,QC_SOP_191,1
control,QC_SOP_191,1
integrity,QC_SOP_191,1
release,QC_SOP_191,1
surface,QC_SOP_191,1
newly,QC_SOP_191,1
turbulence,QC_SOP_191,1
cleanrooms,QC_SOP_191,1
modified,QC_SOP_191,1
viable,QC_SOP_191,1
annex,QC_SOP_191,1
environmental,QC_SOP_191,1
airflow,QC_SOP_191,1
prior,QC_SOP_191,1
testing,QC_SOP_191,1
personnel,QC_SOP_191,1
execute,QC_SOP_191,1
scope,QC_SOP_191,1
obtain,QC_SOP_191,1
areas,QC_SOP_191,1
monitoring,QC_SOP_191,1
procedure,QC_SOP_191,1
conduct,QC_SOP_191,1
locations,QC_SOP_191,1
title,QC_SOP_191,1
zones,QC_SOP_191,1
applies,QC_SOP_191,1
using,QC_SOP_191,1
renovated,QC_SOP_191,1
particle,QC_SOP_191,1
across,QC_SOP_191,1
unidirectional,QC_SOP_191,1
qualification,QC_SOP_191,1
visualization,QC_SOP_191,1
defined,QC_SOP_191,1
iso-classified,QC_SOP_191,1
purpose,QC_SOP_191,1
after,QC_SOP_191,1
operational,QC_SOP_191,1
perform,QC_SOP_191,1
standards,QC_SOP_191,1
critical,QC_SOP_191,1
criteria,QC_SOP_191,1
limits,QC_SOP_191,1
report,QC_SOP_191,1
confirm,QC_SOP_191,1
filter,QC_SOP_191,1
smoke,QC_SOP_191,1
constructed,QC_SOP_191,1
classification,QC_SOP_191,1
manufacturing,QC_SOP_191,1
non-viable,QC_SOP_191,1
verify,QC_SOP_191,1
study,QC_SOP_191,1
approval,QC_SOP_191,1
references,QC_SOP_191,1
count,QC_SOP_191,1
construction,QC_SOP_191,1
operation,QC_SOP_191,1
organisms,QC_SOP_192,1
periodic,QC_SOP_192,1
organism,QC_SOP_192,1
maintain,QC_SOP_192,1
trending,QC_SOP_192,1
initiate,QC_SOP_192,1
acceptance,QC_SOP_192,1
identified,QC_SOP_192,1
genus,QC_SOP_192,1
correlate,QC_SOP_192,1
control,QC_SOP_192,1
three,QC_SOP_192,1
consecutive,QC_SOP_192,1
classify,QC_SOP_192,1
quarterly,QC_SOP_192,1
objectionable,QC_SOP_192,1
environmental,QC_SOP_192,1
location,QC_SOP_192,1
analysis,QC_SOP_192,1
tracking,QC_SOP_192,1
isolates,QC_SOP_192,1
scope,QC_SOP_192,1
recurring,QC_SOP_192,1
monitoring,QC_SOP_192,1
microflora,QC_SOP_192,1
procedure,QC_SOP_192,1
findings,QC_SOP_192,1
title,QC_SOP_192,1
trend,QC_SOP_192,1
reviewed,QC_SOP_192,1
trends,QC_SOP_192,1
across,QC_SOP_192,1
cleaning,QC_SOP_192,1
practices,QC_SOP_192,1
purpose,QC_SOP_192,1
database,QC_SOP_192,1
perform,QC_SOP_192,1
detect,QC_SOP_192,1
investigation,QC_SOP_192,1
criteria,QC_SOP_192,1
contamination,QC_SOP_192,1
establish,QC_SOP_192,1
category,QC_SOP_192,1
events,QC_SOP_192,1
disinfection,QC_SOP_192,1
activities,QC_SOP_192,1
references,QC_SOP_192,1
persistent,QC_SOP_192,1
species,QC_SOP_192,1
count,QC_SOP_192,1
microorganisms,QC_SOP_192,1
long-term,QC_SOP_192,1
organisms,QC_SOP_193,1
acceptance,QC_SOP_193,1
cleanroom,QC_SOP_193,1
within,QC_SOP_193,1
compare,QC_SOP_193,1
specified,QC_SOP_193,1
disinfectants,QC_SOP_193,1
existing,QC_SOP_193,1
fungi,QC_SOP_193,1
environmental,QC_SOP_193,1
including,QC_SOP_193,1
representative,QC_SOP_193,1
validate,QC_SOP_193,1
apply,QC_SOP_193,1
counts,QC_SOP_193,1
isolates,QC_SOP_193,1
standard,QC_SOP_193,1
scope,QC_SOP_193,1
areas,QC_SOP_193,1
monitoring,QC_SOP_193,1
procedure,QC_SOP_193,1
title,QC_SOP_193,1
classified,QC_SOP_193,1
inoculated,QC_SOP_193,1
surfaces,QC_SOP_193,1
bacteria,QC_SOP_193,1
microbial,QC_SOP_193,1
reduction,QC_SOP_193,1
using,QC_SOP_193,1
times,QC_SOP_193,1
select,QC_SOP_193,1
disinfectant,QC_SOP_193,1
validation,QC_SOP_193,1
cleaning,QC_SOP_193,1
qualification,QC_SOP_193,1
against,QC_SOP_193,1
defined,QC_SOP_193,1
purpose,QC_SOP_193,1
vegetative,QC_SOP_193,1
efficacy,QC_SOP_193,1
document,QC_SOP_193,1
results,QC_SOP_193,1
measure,QC_SOP_193,1
criteria,QC_SOP_193,1
plate,QC_SOP_193,1
programs,QC_SOP_193,1
introduced,QC_SOP_193,1
approve,QC_SOP_193,1
references,QC_SOP_193,1
contact,QC_SOP_193,1
unacknowledged,QC_SOP_194,1
actions,QC_SOP_194,1
acceptance,QC_SOP_194,1
within,QC_SOP_194,1
correlate,QC_SOP_194,1
detection,QC_SOP_194,1
environmental,QC_SOP_194,1
alarms,QC_SOP_194,1
including,QC_SOP_194,1
temperature,QC_SOP_194,1
scope,QC_SOP_194,1
unresolved,QC_SOP_194,1
timely,QC_SOP_194,1
sampling,QC_SOP_194,1
escalate,QC_SOP_194,1
alarm,QC_SOP_194,1
monitoring,QC_SOP_194,1
procedure,QC_SOP_194,1
daily,QC_SOP_194,1
systems,QC_SOP_194,1
findings,QC_SOP_194,1
response,QC_SOP_194,1
system,QC_SOP_194,1
title,QC_SOP_194,1
archive,QC_SOP_194,1
reviewed,QC_SOP_194,1
counters,QC_SOP_194,1
humidity,QC_SOP_194,1
particle,QC_SOP_194,1
documented,QC_SOP_194,1
purpose,QC_SOP_194,1
excursions,QC_SOP_194,1
sensors,QC_SOP_194,1
document,QC_SOP_194,1
routine,QC_SOP_194,1
criteria,QC_SOP_194,1
hours,QC_SOP_194,1
acknowledgement,QC_SOP_194,1
ensure,QC_SOP_194,1
verify,QC_SOP_194,1
corrective,QC_SOP_194,1
references,QC_SOP_194,1
review,QC_SOP_194,1
count,QC_SOP_194,1
periodic,QC_SOP_195,1
traceable,QC_SOP_195,1
acceptance,QC_SOP_195,1
compare,QC_SOP_195,1
performance,QC_SOP_195,1
requalification,QC_SOP_195,1
three,QC_SOP_195,1
challenge,QC_SOP_195,1
calibrate,QC_SOP_195,1
environmental,QC_SOP_195,1
accurate,QC_SOP_195,1
standard,QC_SOP_195,1
scope,QC_SOP_195,1
multiple,QC_SOP_195,1
sampling,QC_SOP_195,1
provide,QC_SOP_195,1
monitoring,QC_SOP_195,1
accuracy,QC_SOP_195,1
procedure,QC_SOP_195,1
efficiency,QC_SOP_195,1
recovery,QC_SOP_195,1
title,QC_SOP_195,1
microbial,QC_SOP_195,1
samplers,QC_SOP_195,1
using,QC_SOP_195,1
known,QC_SOP_195,1
across,QC_SOP_195,1
qualification,QC_SOP_195,1
active,QC_SOP_195,1
purpose,QC_SOP_195,1
reproducible,QC_SOP_195,1
perform,QC_SOP_195,1
results,QC_SOP_195,1
document,QC_SOP_195,1
consistent,QC_SOP_195,1
criteria,QC_SOP_195,1
devices,QC_SOP_195,1
ensure,QC_SOP_195,1
references,QC_SOP_195,1
schedule,QC_SOP_195,1
during,QC_SOP_196,1
before,QC_SOP_196,1
acceptance,QC_SOP_196,1
cleanroom,QC_SOP_196,1
beyond,QC_SOP_196,1
compare,QC_SOP_196,1
assess,QC_SOP_196,1
release,QC_SOP_196,1
cleanrooms,QC_SOP_196,1
impact,QC_SOP_196,1
annex,QC_SOP_196,1
environmental,QC_SOP_196,1
scope,QC_SOP_196,1
sampling,QC_SOP_196,1
increase,QC_SOP_196,1
areas,QC_SOP_196,1
restored,QC_SOP_196,1
monitoring,QC_SOP_196,1
procedure,QC_SOP_196,1
findings,QC_SOP_196,1
conduct,QC_SOP_196,1
title,QC_SOP_196,1
classified,QC_SOP_196,1
additional,QC_SOP_196,1
return,QC_SOP_196,1
conditions,QC_SOP_196,1
interventions,QC_SOP_196,1
maintenance,QC_SOP_196,1
purpose,QC_SOP_196,1
after,QC_SOP_196,1
perform,QC_SOP_196,1
results,QC_SOP_196,1
document,QC_SOP_196,1
limits,QC_SOP_196,1
criteria,QC_SOP_196,1
evaluate,QC_SOP_196,1
contamination,QC_SOP_196,1
baseline,QC_SOP_196,1
classification,QC_SOP_196,1
action,QC_SOP_196,1
approve,QC_SOP_196,1
activities,QC_SOP_196,1
references,QC_SOP_196,1
operation,QC_SOP_196,1
during,QC_SOP_197,1
collection,QC_SOP_197,1
acceptance,QC_SOP_197,1
integrity,QC_SOP_197,1
performance,QC_SOP_197,1
trails,QC_SOP_197,1
audit,QC_SOP_197,1
environmental,QC_SOP_197,1
compliant,QC_SOP_197,1
analysis,QC_SOP_197,1
validate,QC_SOP_197,1
complete,QC_SOP_197,1
testing,QC_SOP_197,1
trail,QC_SOP_197,1
scope,QC_SOP_197,1
software,QC_SOP_197,1
management,QC_SOP_197,1
monitoring,QC_SOP_197,1
accuracy,QC_SOP_197,1
procedure,QC_SOP_197,1
recovery,QC_SOP_197,1
systems,QC_SOP_197,1
system,QC_SOP_197,1
title,QC_SOP_197,1
backup,QC_SOP_197,1
installation,QC_SOP_197,1
validation,QC_SOP_197,1
qualification,QC_SOP_197,1
purpose,QC_SOP_197,1
operational,QC_SOP_197,1
perform,QC_SOP_197,1
document,QC_SOP_197,1
reporting,QC_SOP_197,1
regulatory,QC_SOP_197,1
criteria,QC_SOP_197,1
report,QC_SOP_197,1
controls,QC_SOP_197,1
access,QC_SOP_197,1
requirements,QC_SOP_197,1
ensure,QC_SOP_197,1
verify,QC_SOP_197,1
references,QC_SOP_197,1
procedures,QC_SOP_197,1
functionality,QC_SOP_197,1
processing,QC_SOP_197,1
increasing,QC_SOP_198,1
acceptance,QC_SOP_198,1
samples,QC_SOP_198,1
cleanroom,QC_SOP_198,1
effectiveness,QC_SOP_198,1
plates,QC_SOP_198,1
swabs,QC_SOP_198,1
assess,QC_SOP_198,1
growth,QC_SOP_198,1
reusable,QC_SOP_198,1
annex,QC_SOP_198,1
environmental,QC_SOP_198,1
repeated,QC_SOP_198,1
enumerate,QC_SOP_198,1
scope,QC_SOP_198,1
areas,QC_SOP_198,1
monitoring,QC_SOP_198,1
garments,QC_SOP_198,1
procedure,QC_SOP_198,1
microbial,QC_SOP_198,1
title,QC_SOP_198,1
trend,QC_SOP_198,1
investigate,QC_SOP_198,1
using,QC_SOP_198,1
collect,QC_SOP_198,1
cleaning,QC_SOP_198,1
laundering,QC_SOP_198,1
iso-classified,QC_SOP_198,1
purpose,QC_SOP_198,1
after,QC_SOP_198,1
incubate,QC_SOP_198,1
results,QC_SOP_198,1
criteria,QC_SOP_198,1
evaluate,QC_SOP_198,1
contamination,QC_SOP_198,1
references,QC_SOP_198,1
sampled,QC_SOP_198,1
contact,QC_SOP_198,1
periodic,QC_SOP_199,1
acceptance,QC_SOP_199,1
effectiveness,QC_SOP_199,1
every,QC_SOP_199,1
requalification,QC_SOP_199,1
changes,QC_SOP_199,1
continued,QC_SOP_199,1
through,QC_SOP_199,1
environmental,QC_SOP_199,1
including,QC_SOP_199,1
program,QC_SOP_199,1
scope,QC_SOP_199,1
sampling,QC_SOP_199,1
obtain,QC_SOP_199,1
approved,QC_SOP_199,1
monitoring,QC_SOP_199,1
procedure,QC_SOP_199,1
locations,QC_SOP_199,1
entire,QC_SOP_199,1
title,QC_SOP_199,1
reassess,QC_SOP_199,1
trends,QC_SOP_199,1
completed,QC_SOP_199,1
documented,QC_SOP_199,1
revalidate,QC_SOP_199,1
purpose,QC_SOP_199,1
alert,QC_SOP_199,1
limits,QC_SOP_199,1
frequencies,QC_SOP_199,1
criteria,QC_SOP_199,1
months,QC_SOP_199,1
action,QC_SOP_199,1
approval,QC_SOP_199,1
ensure,QC_SOP_199,1
historical,QC_SOP_199,1
update,QC_SOP_199,1
references,QC_SOP_199,1
review,QC_SOP_199,1
documentation,QC_SOP_199,1
plans,QC_SOP_199,1
records,QC_SOP_200,1
evaluation,QC_SOP_200,1
acceptance,QC_SOP_200,1
within,QC_SOP_200,1
compile,QC_SOP_200,1
performance,QC_SOP_200,1
environmental,QC_SOP_200,1
program,QC_SOP_200,1
analysis,QC_SOP_200,1
addressed,QC_SOP_200,1
prepare,QC_SOP_200,1
scope,QC_SOP_200,1
improvement,QC_SOP_200,1
recurring,QC_SOP_200,1
oversight,QC_SOP_200,1
areas,QC_SOP_200,1
management,QC_SOP_200,1
monitoring,QC_SOP_200,1
procedure,QC_SOP_200,1
title,QC_SOP_200,1
trend,QC_SOP_200,1
completed,QC_SOP_200,1
trends,QC_SOP_200,1
collect,QC_SOP_200,1
deviations,QC_SOP_200,1
issues,QC_SOP_200,1
purpose,QC_SOP_200,1
quality,QC_SOP_200,1
generated,QC_SOP_200,1
perform,QC_SOP_200,1
annual,QC_SOP_200,1
summary,QC_SOP_200,1
criteria,QC_SOP_200,1
evaluate,QC_SOP_200,1
report,QC_SOP_200,1
statistical,QC_SOP_200,1
approve,QC_SOP_200,1
references,QC_SOP_200,1
review,QC_SOP_200,1
identify,QC_SOP_200,1
year-end,QC_SOP_200,1
safety,QC_SOP_201,1
solubility,QC_SOP_201,1
damage,QC_SOP_201,1
acceptance,QC_SOP_201,1
compatibility,QC_SOP_201,1
assess,QC_SOP_201,1
removes,QC_SOP_201,1
materials,QC_SOP_201,1
selection,QC_SOP_201,1
impact,QC_SOP_201,1
environmental,QC_SOP_201,1
equipment,QC_SOP_201,1
selecting,QC_SOP_201,1
justification,QC_SOP_201,1
scope,QC_SOP_201,1
residues,QC_SOP_201,1
define,QC_SOP_201,1
procedure,QC_SOP_201,1
rationale,QC_SOP_201,1
appropriate,QC_SOP_201,1
title,QC_SOP_201,1
candidate,QC_SOP_201,1
agent,QC_SOP_201,1
validated,QC_SOP_201,1
agents,QC_SOP_201,1
validation,QC_SOP_201,1
studies,QC_SOP_201,1
cleaning,QC_SOP_201,1
residue,QC_SOP_201,1
guidance,QC_SOP_201,1
purpose,QC_SOP_201,1
perform,QC_SOP_201,1
requiring,QC_SOP_201,1
document,QC_SOP_201,1
criteria,QC_SOP_201,1
evaluate,QC_SOP_201,1
laboratory-scale,QC_SOP_201,1
toxicity,QC_SOP_201,1
product,QC_SOP_201,1
manufacturing,QC_SOP_201,1
references,QC_SOP_201,1
procedures,QC_SOP_201,1
review,QC_SOP_201,1
safety,QC_SOP_202,1
acceptance,QC_SOP_202,1
determine,QC_SOP_202,1
verified,QC_SOP_202,1
surface,QC_SOP_202,1
limit,QC_SOP_202,1
shared,QC_SOP_202,1
allowable,QC_SOP_202,1
equipment,QC_SOP_202,1
manufactured,QC_SOP_202,1
maximum,QC_SOP_202,1
scope,QC_SOP_202,1
based,QC_SOP_202,1
procedure,QC_SOP_202,1
title,QC_SOP_202,1
justified,QC_SOP_202,1
margin,QC_SOP_202,1
using,QC_SOP_202,1
calculate,QC_SOP_202,1
calculation,QC_SOP_202,1
applied,QC_SOP_202,1
validation,QC_SOP_202,1
cleaning,QC_SOP_202,1
residue,QC_SOP_202,1
acceptable,QC_SOP_202,1
basis,QC_SOP_202,1
purpose,QC_SOP_202,1
products,QC_SOP_202,1
document,QC_SOP_202,1
worst-case,QC_SOP_202,1
assumptions,QC_SOP_202,1
calculations,QC_SOP_202,1
limits,QC_SOP_202,1
criteria,QC_SOP_202,1
scientifically,QC_SOP_202,1
carryover,QC_SOP_202,1
toxicity,QC_SOP_202,1
establish,QC_SOP_202,1
approve,QC_SOP_202,1
references,QC_SOP_202,1
convert,QC_SOP_202,1
sample,QC_SOP_203,1
solvent,QC_SOP_203,1
acceptance,QC_SOP_203,1
pattern,QC_SOP_203,1
within,QC_SOP_203,1
technique,QC_SOP_203,1
equipment,QC_SOP_203,1
analysis,QC_SOP_203,1
scope,QC_SOP_203,1
sampling,QC_SOP_203,1
procedure,QC_SOP_203,1
recovery,QC_SOP_203,1
title,QC_SOP_203,1
surfaces,QC_SOP_203,1
using,QC_SOP_203,1
record,QC_SOP_203,1
validation,QC_SOP_203,1
pre-moistened,QC_SOP_203,1
standardize,QC_SOP_203,1
cleaning,QC_SOP_203,1
residue,QC_SOP_203,1
defined,QC_SOP_203,1
purpose,QC_SOP_203,1
extract,QC_SOP_203,1
consistent,QC_SOP_203,1
results,QC_SOP_203,1
criteria,QC_SOP_203,1
references,QC_SOP_203,1
analyze,QC_SOP_203,1
sample,QC_SOP_204,1
solvent,QC_SOP_204,1
levels,QC_SOP_204,1
complex,QC_SOP_204,1
acceptance,QC_SOP_204,1
compare,QC_SOP_204,1
method,QC_SOP_204,1
assess,QC_SOP_204,1
limit,QC_SOP_204,1
calculated,QC_SOP_204,1
equipment,QC_SOP_204,1
scope,QC_SOP_204,1
sampling,QC_SOP_204,1
residues,QC_SOP_204,1
procedure,QC_SOP_204,1
volume,QC_SOP_204,1
title,QC_SOP_204,1
using,QC_SOP_204,1
collect,QC_SOP_204,1
validation,QC_SOP_204,1
cleaning,QC_SOP_204,1
residue,QC_SOP_204,1
defined,QC_SOP_204,1
purpose,QC_SOP_204,1
rinse,QC_SOP_204,1
document,QC_SOP_204,1
results,QC_SOP_204,1
consistent,QC_SOP_204,1
limits,QC_SOP_204,1
criteria,QC_SOP_204,1
references,QC_SOP_204,1
analyze,QC_SOP_204,1
below,QC_SOP_204,1
geometry,QC_SOP_204,1
acceptance,QC_SOP_205,1
samples,QC_SOP_205,1
effectiveness,QC_SOP_205,1
compare,QC_SOP_205,1
three,QC_SOP_205,1
consecutive,QC_SOP_205,1
equipment,QC_SOP_205,1
reproducibility,QC_SOP_205,1
validate,QC_SOP_205,1
scope,QC_SOP_205,1
residues,QC_SOP_205,1
procedure,QC_SOP_205,1
title,QC_SOP_205,1
process,QC_SOP_205,1
demonstrated,QC_SOP_205,1
collect,QC_SOP_205,1
validation,QC_SOP_205,1
cleaning,QC_SOP_205,1
qualification,QC_SOP_205,1
guidance,QC_SOP_205,1
purpose,QC_SOP_205,1
rinse,QC_SOP_205,1
perform,QC_SOP_205,1
document,QC_SOP_205,1
limits,QC_SOP_205,1
criteria,QC_SOP_205,1
report,QC_SOP_205,1
references,QC_SOP_205,1
procedures,QC_SOP_205,1
analyze,QC_SOP_205,1
below,QC_SOP_205,1
acceptance,QC_SOP_206,1
clean,QC_SOP_206,1
surface,QC_SOP_206,1
annex,QC_SOP_206,1
equipment,QC_SOP_206,1
inspect,QC_SOP_206,1
scope,QC_SOP_206,1
residues,QC_SOP_206,1
define,QC_SOP_206,1
procedure,QC_SOP_206,1
findings,QC_SOP_206,1
title,QC_SOP_206,1
surfaces,QC_SOP_206,1
record,QC_SOP_206,1
validation,QC_SOP_206,1
inspection,QC_SOP_206,1
cleanliness,QC_SOP_206,1
cleaning,QC_SOP_206,1
residue,QC_SOP_206,1
visual,QC_SOP_206,1
under,QC_SOP_206,1
purpose,QC_SOP_206,1
reject,QC_SOP_206,1
document,QC_SOP_206,1
standards,QC_SOP_206,1
lighting,QC_SOP_206,1
criteria,QC_SOP_206,1
cleaned,QC_SOP_206,1
check,QC_SOP_206,1
visible,QC_SOP_206,1
approve,QC_SOP_206,1
references,QC_SOP_206,1
adequate,QC_SOP_206,1
multi-product,QC_SOP_207,1
solubility,QC_SOP_207,1
acceptance,QC_SOP_207,1
selection,QC_SOP_207,1
scope,QC_SOP_207,1
facilities,QC_SOP_207,1
procedure,QC_SOP_207,1
rationale,QC_SOP_207,1
title,QC_SOP_207,1
justified,QC_SOP_207,1
select,QC_SOP_207,1
validation,QC_SOP_207,1
documented,QC_SOP_207,1
cleaning,QC_SOP_207,1
purpose,QC_SOP_207,1
products,QC_SOP_207,1
document,QC_SOP_207,1
potency,QC_SOP_207,1
worst-case,QC_SOP_207,1
criteria,QC_SOP_207,1
evaluate,QC_SOP_207,1
toxicity,QC_SOP_207,1
product,QC_SOP_207,1
approve,QC_SOP_207,1
references,QC_SOP_207,1
identify,QC_SOP_207,1
before,QC_SOP_208,1
acceptance,QC_SOP_208,1
determine,QC_SOP_208,1
compare,QC_SOP_208,1
equipment,QC_SOP_208,1
maximum,QC_SOP_208,1
scope,QC_SOP_208,1
allow,QC_SOP_208,1
procedure,QC_SOP_208,1
residues,QC_SOP_208,1
findings,QC_SOP_208,1
title,QC_SOP_208,1
validation,QC_SOP_208,1
cleaning,QC_SOP_208,1
defined,QC_SOP_208,1
guidance,QC_SOP_208,1
purpose,QC_SOP_208,1
perform,QC_SOP_208,1
results,QC_SOP_208,1
document,QC_SOP_208,1
limits,QC_SOP_208,1
criteria,QC_SOP_208,1
study,QC_SOP_208,1
references,QC_SOP_208,1
analyze,QC_SOP_208,1
below,QC_SOP_208,1
periods,QC_SOP_208,1
sample,QC_SOP_209,1
acceptance,QC_SOP_209,1
clean,QC_SOP_209,1
within,QC_SOP_209,1
store,QC_SOP_209,1
growth,QC_SOP_209,1
annex,QC_SOP_209,1
equipment,QC_SOP_209,1
maximum,QC_SOP_209,1
scope,QC_SOP_209,1
procedure,QC_SOP_209,1
title,QC_SOP_209,1
surfaces,QC_SOP_209,1
microbial,QC_SOP_209,1
validation,QC_SOP_209,1
cleaning,QC_SOP_209,1
intervals,QC_SOP_209,1
residue,QC_SOP_209,1
defined,QC_SOP_209,1
purpose,QC_SOP_209,1
after,QC_SOP_209,1
document,QC_SOP_209,1
results,QC_SOP_209,1
limits,QC_SOP_209,1
criteria,QC_SOP_209,1
contamination,QC_SOP_209,1
establish,QC_SOP_209,1
study,QC_SOP_209,1
references,QC_SOP_209,1
analyze,QC_SOP_209,1
records,QC_SOP_210,1
acceptance,QC_SOP_210,1
obtained,QC_SOP_210,1
compile,QC_SOP_210,1
complete,QC_SOP_210,1
prepare,QC_SOP_210,1
scope,QC_SOP_210,1
procedure,QC_SOP_210,1
archive,QC_SOP_210,1
title,QC_SOP_210,1
validation,QC_SOP_210,1
studies,QC_SOP_210,1
cleaning,QC_SOP_210,1
purpose,QC_SOP_210,1
results,QC_SOP_210,1
reporting,QC_SOP_210,1
criteria,QC_SOP_210,1
report,QC_SOP_210,1
approval,QC_SOP_210,1
ensure,QC_SOP_210,1
approve,QC_SOP_210,1
references,QC_SOP_210,1
review,QC_SOP_210,1
documentation,QC_SOP_210,1
proper,QC_SOP_210,1
techniques,QC_SOP_211,1
levels,QC_SOP_211,1
determine,QC_SOP_211,1
samples,QC_SOP_211,1
acceptance,QC_SOP_211,1
analytical,QC_SOP_211,1
method,QC_SOP_211,1
equipment,QC_SOP_211,1
accurate,QC_SOP_211,1
representative,QC_SOP_211,1
amount,QC_SOP_211,1
target,QC_SOP_211,1
scope,QC_SOP_211,1
sampling,QC_SOP_211,1
comparing,QC_SOP_211,1
measured,QC_SOP_211,1
residues,QC_SOP_211,1
procedure,QC_SOP_211,1
efficiency,QC_SOP_211,1
recovery,QC_SOP_211,1
allow,QC_SOP_211,1
title,QC_SOP_211,1
surfaces,QC_SOP_211,1
volume,QC_SOP_211,1
concentration,QC_SOP_211,1
conditions,QC_SOP_211,1
applies,QC_SOP_211,1
validated,QC_SOP_211,1
using,QC_SOP_211,1
known,QC_SOP_211,1
calculate,QC_SOP_211,1
across,QC_SOP_211,1
applied,QC_SOP_211,1
validation,QC_SOP_211,1
variability,QC_SOP_211,1
replicates,QC_SOP_211,1
cleaning,QC_SOP_211,1
residue,QC_SOP_211,1
defined,QC_SOP_211,1
simulating,QC_SOP_211,1
quantity,QC_SOP_211,1
purpose,QC_SOP_211,1
rinse,QC_SOP_211,1
relevant,QC_SOP_211,1
under,QC_SOP_211,1
hplc-uv,QC_SOP_211,1
perform,QC_SOP_211,1
document,QC_SOP_211,1
worst-case,QC_SOP_211,1
criteria,QC_SOP_211,1
methods,QC_SOP_211,1
study,QC_SOP_211,1
ensure,QC_SOP_211,1
quantification,QC_SOP_211,1
references,QC_SOP_211,1
controlled,QC_SOP_211,1
analyze,QC_SOP_211,1
spike,QC_SOP_211,1
hardest-to-clean,QC_SOP_212,1
successful,QC_SOP_212,1
cleanability,QC_SOP_212,1
acceptance,QC_SOP_212,1
obtained,QC_SOP_212,1
within,QC_SOP_212,1
surface,QC_SOP_212,1
design,QC_SOP_212,1
annex,QC_SOP_212,1
including,QC_SOP_212,1
equipment,QC_SOP_212,1
prior,QC_SOP_212,1
validate,QC_SOP_212,1
apply,QC_SOP_212,1
grouped,QC_SOP_212,1
family,QC_SOP_212,1
justification,QC_SOP_212,1
scope,QC_SOP_212,1
based,QC_SOP_212,1
material,QC_SOP_212,1
procedure,QC_SOP_212,1
rationale,QC_SOP_212,1
grouping,QC_SOP_212,1
title,QC_SOP_212,1
similar,QC_SOP_212,1
group,QC_SOP_212,1
process,QC_SOP_212,1
justified,QC_SOP_212,1
justify,QC_SOP_212,1
validation,QC_SOP_212,1
documented,QC_SOP_212,1
studies,QC_SOP_212,1
cleaning,QC_SOP_212,1
redundant,QC_SOP_212,1
implementation,QC_SOP_212,1
purpose,QC_SOP_212,1
document,QC_SOP_212,1
strategy,QC_SOP_212,1
worst-case,QC_SOP_212,1
criteria,QC_SOP_212,1
evaluate,QC_SOP_212,1
scientifically,QC_SOP_212,1
product,QC_SOP_212,1
properties,QC_SOP_212,1
category,QC_SOP_212,1
largest,QC_SOP_212,1
manufacturing,QC_SOP_212,1
approval,QC_SOP_212,1
references,QC_SOP_212,1
reduce,QC_SOP_212,1
identify,QC_SOP_212,1
geometry,QC_SOP_212,1
construction,QC_SOP_212,1
assessment,QC_SOP_212,1
presence,QC_SOP_213,1
calibration,QC_SOP_213,1
samples,QC_SOP_213,1
characteristics,QC_SOP_213,1
acceptance,QC_SOP_213,1
precision,QC_SOP_213,1
analytical,QC_SOP_213,1
method,QC_SOP_213,1
performance,QC_SOP_213,1
detection,QC_SOP_213,1
matrix,QC_SOP_213,1
limit,QC_SOP_213,1
specificity,QC_SOP_213,1
calculated,QC_SOP_213,1
validate,QC_SOP_213,1
prepare,QC_SOP_213,1
scope,QC_SOP_213,1
based,QC_SOP_213,1
residues,QC_SOP_213,1
define,QC_SOP_213,1
procedure,QC_SOP_213,1
accuracy,QC_SOP_213,1
recovery,QC_SOP_213,1
specific,QC_SOP_213,1
title,QC_SOP_213,1
matrix-matched,QC_SOP_213,1
select,QC_SOP_213,1
validation,QC_SOP_213,1
studies,QC_SOP_213,1
cleaning,QC_SOP_213,1
residue,QC_SOP_213,1
analyze,QC_SOP_213,1
purpose,QC_SOP_213,1
document,QC_SOP_213,1
standards,QC_SOP_213,1
detect,QC_SOP_213,1
routine,QC_SOP_213,1
criteria,QC_SOP_213,1
methods,QC_SOP_213,1
requirements,QC_SOP_213,1
non-specific,QC_SOP_213,1
approve,QC_SOP_213,1
references,QC_SOP_213,1
properties,QC_SOP_213,1
values,QC_SOP_214,1
required,QC_SOP_214,1
levels,QC_SOP_214,1
samples,QC_SOP_214,1
acceptance,QC_SOP_214,1
within,QC_SOP_214,1
compare,QC_SOP_214,1
established,QC_SOP_214,1
manual,QC_SOP_214,1
equipment,QC_SOP_214,1
temperature,QC_SOP_214,1
execute,QC_SOP_214,1
parameters,QC_SOP_214,1
scope,QC_SOP_214,1
consistently,QC_SOP_214,1
procedure,QC_SOP_214,1
define,QC_SOP_214,1
residues,QC_SOP_214,1
achieve,QC_SOP_214,1
detergent,QC_SOP_214,1
title,QC_SOP_214,1
concentration,QC_SOP_214,1
throughout,QC_SOP_214,1
using,QC_SOP_214,1
record,QC_SOP_214,1
post-cleaning,QC_SOP_214,1
collect,QC_SOP_214,1
replicates,QC_SOP_214,1
validation,QC_SOP_214,1
cleanliness,QC_SOP_214,1
cycle,QC_SOP_214,1
cleaning,QC_SOP_214,1
defined,QC_SOP_214,1
monitor,QC_SOP_214,1
guidance,QC_SOP_214,1
purpose,QC_SOP_214,1
rinse,QC_SOP_214,1
automated,QC_SOP_214,1
results,QC_SOP_214,1
worst-case,QC_SOP_214,1
critical,QC_SOP_214,1
limits,QC_SOP_214,1
criteria,QC_SOP_214,1
processes,QC_SOP_214,1
verification,QC_SOP_214,1
manufacturing,QC_SOP_214,1
verify,QC_SOP_214,1
references,QC_SOP_214,1
analyze,QC_SOP_214,1
below,QC_SOP_214,1
parameter,QC_SOP_214,1
contact,QC_SOP_214,1
successful,QC_SOP_215,1
periodic,QC_SOP_215,1
acceptance,QC_SOP_215,1
within,QC_SOP_215,1
three,QC_SOP_215,1
consecutive,QC_SOP_215,1
established,QC_SOP_215,1
annex,QC_SOP_215,1
equipment,QC_SOP_215,1
initial,QC_SOP_215,1
justification,QC_SOP_215,1
scope,QC_SOP_215,1
based,QC_SOP_215,1
sampling,QC_SOP_215,1
requires,QC_SOP_215,1
procedure,QC_SOP_215,1
define,QC_SOP_215,1
locations,QC_SOP_215,1
title,QC_SOP_215,1
using,QC_SOP_215,1
validation,QC_SOP_215,1
frequency,QC_SOP_215,1
cleaning,QC_SOP_215,1
against,QC_SOP_215,1
purpose,QC_SOP_215,1
between,QC_SOP_215,1
products,QC_SOP_215,1
perform,QC_SOP_215,1
strategy,QC_SOP_215,1
results,QC_SOP_215,1
document,QC_SOP_215,1
routine,QC_SOP_215,1
limits,QC_SOP_215,1
evaluate,QC_SOP_215,1
criteria,QC_SOP_215,1
differentiate,QC_SOP_215,1
processes,QC_SOP_215,1
verification,QC_SOP_215,1
activities,QC_SOP_215,1
references,QC_SOP_215,1
operations,QC_SOP_215,1
toxicologically,QC_SOP_216,1
solvents,QC_SOP_216,1
acceptance,QC_SOP_216,1
assay,QC_SOP_216,1
samples,QC_SOP_216,1
compare,QC_SOP_216,1
analytical,QC_SOP_216,1
method,QC_SOP_216,1
established,QC_SOP_216,1
equipment,QC_SOP_216,1
analysis,QC_SOP_216,1
validate,QC_SOP_216,1
marker,QC_SOP_216,1
scope,QC_SOP_216,1
sampling,QC_SOP_216,1
procedure,QC_SOP_216,1
detergent,QC_SOP_216,1
specific,QC_SOP_216,1
title,QC_SOP_216,1
surfaces,QC_SOP_216,1
justified,QC_SOP_216,1
using,QC_SOP_216,1
post-cleaning,QC_SOP_216,1
removal,QC_SOP_216,1
detergents,QC_SOP_216,1
agents,QC_SOP_216,1
validation,QC_SOP_216,1
surfactant,QC_SOP_216,1
cleaning,QC_SOP_216,1
residue,QC_SOP_216,1
compound,QC_SOP_216,1
purpose,QC_SOP_216,1
rinse,QC_SOP_216,1
quantify,QC_SOP_216,1
perform,QC_SOP_216,1
criteria,QC_SOP_216,1
processes,QC_SOP_216,1
develop,QC_SOP_216,1
ensure,QC_SOP_216,1
references,QC_SOP_216,1
analyze,QC_SOP_216,1
identify,QC_SOP_216,1
hardest-to-clean,QC_SOP_217,1
engineering,QC_SOP_217,1
acceptance,QC_SOP_217,1
determination,QC_SOP_217,1
identified,QC_SOP_217,1
verified,QC_SOP_217,1
included,QC_SOP_217,1
surface,QC_SOP_217,1
joints,QC_SOP_217,1
second,QC_SOP_217,1
limit,QC_SOP_217,1
reviewer,QC_SOP_217,1
equipment,QC_SOP_217,1
scope,QC_SOP_217,1
obtain,QC_SOP_217,1
areas,QC_SOP_217,1
specifications,QC_SOP_217,1
conversion,QC_SOP_217,1
procedure,QC_SOP_217,1
locations,QC_SOP_217,1
title,QC_SOP_217,1
justified,QC_SOP_217,1
calculate,QC_SOP_217,1
area-based,QC_SOP_217,1
validation,QC_SOP_217,1
cleaning,QC_SOP_217,1
residue,QC_SOP_217,1
product-contact,QC_SOP_217,1
purpose,QC_SOP_217,1
document,QC_SOP_217,1
worst-case,QC_SOP_217,1
calculations,QC_SOP_217,1
assumptions,QC_SOP_217,1
limits,QC_SOP_217,1
criteria,QC_SOP_217,1
total,QC_SOP_217,1
references,QC_SOP_217,1
identify,QC_SOP_217,1
drawings,QC_SOP_217,1
convert,QC_SOP_217,1
during,QC_SOP_218,1
multi-product,QC_SOP_218,1
solubility,QC_SOP_218,1
acceptance,QC_SOP_218,1
levels,QC_SOP_218,1
within,QC_SOP_218,1
compare,QC_SOP_218,1
assess,QC_SOP_218,1
high-risk,QC_SOP_218,1
changeover,QC_SOP_218,1
mitigation,QC_SOP_218,1
shared,QC_SOP_218,1
guideline,QC_SOP_218,1
equipment,QC_SOP_218,1
manufactured,QC_SOP_218,1
scope,QC_SOP_218,1
potential,QC_SOP_218,1
facilities,QC_SOP_218,1
residues,QC_SOP_218,1
procedure,QC_SOP_218,1
strategies,QC_SOP_218,1
title,QC_SOP_218,1
measures,QC_SOP_218,1
calculate,QC_SOP_218,1
validation,QC_SOP_218,1
cleaning,QC_SOP_218,1
acceptable,QC_SOP_218,1
purpose,QC_SOP_218,1
between,QC_SOP_218,1
products,QC_SOP_218,1
exposure,QC_SOP_218,1
potency,QC_SOP_218,1
document,QC_SOP_218,1
cross-contamination,QC_SOP_218,1
limits,QC_SOP_218,1
criteria,QC_SOP_218,1
evaluate,QC_SOP_218,1
carryover,QC_SOP_218,1
toxicity,QC_SOP_218,1
manufacturing,QC_SOP_218,1
references,QC_SOP_218,1
identify,QC_SOP_218,1
implemented,QC_SOP_218,1
assessment,QC_SOP_218,1
techniques,QC_SOP_219,1
acceptance,QC_SOP_219,1
samples,QC_SOP_219,1
inter-operator,QC_SOP_219,1
predefined,QC_SOP_219,1
effective,QC_SOP_219,1
automation,QC_SOP_219,1
manual,QC_SOP_219,1
sequence,QC_SOP_219,1
systematic,QC_SOP_219,1
annex,QC_SOP_219,1
equipment,QC_SOP_219,1
execute,QC_SOP_219,1
scope,QC_SOP_219,1
observed,QC_SOP_219,1
sampling,QC_SOP_219,1
without,QC_SOP_219,1
residues,QC_SOP_219,1
procedure,QC_SOP_219,1
locations,QC_SOP_219,1
title,QC_SOP_219,1
train,QC_SOP_219,1
manually,QC_SOP_219,1
validation,QC_SOP_219,1
variability,QC_SOP_219,1
cleaning,QC_SOP_219,1
purpose,QC_SOP_219,1
between,QC_SOP_219,1
reproducible,QC_SOP_219,1
perform,QC_SOP_219,1
worst-case,QC_SOP_219,1
limits,QC_SOP_219,1
criteria,QC_SOP_219,1
evaluate,QC_SOP_219,1
cleaned,QC_SOP_219,1
operators,QC_SOP_219,1
verification,QC_SOP_219,1
steps,QC_SOP_219,1
ensure,QC_SOP_219,1
references,QC_SOP_219,1
procedures,QC_SOP_219,1
analyze,QC_SOP_219,1
below,QC_SOP_219,1
standardized,QC_SOP_219,1
before,QC_SOP_220,1
triggers,QC_SOP_220,1
required,QC_SOP_220,1
acceptance,QC_SOP_220,1
effectiveness,QC_SOP_220,1
assess,QC_SOP_220,1
partial,QC_SOP_220,1
impact,QC_SOP_220,1
equipment,QC_SOP_220,1
prior,QC_SOP_220,1
scope,QC_SOP_220,1
obtain,QC_SOP_220,1
define,QC_SOP_220,1
procedure,QC_SOP_220,1
rationale,QC_SOP_220,1
introduction,QC_SOP_220,1
title,QC_SOP_220,1
agent,QC_SOP_220,1
change,QC_SOP_220,1
conditions,QC_SOP_220,1
validated,QC_SOP_220,1
completed,QC_SOP_220,1
validation,QC_SOP_220,1
cleaning,QC_SOP_220,1
implementation,QC_SOP_220,1
purpose,QC_SOP_220,1
perform,QC_SOP_220,1
requiring,QC_SOP_220,1
document,QC_SOP_220,1
results,QC_SOP_220,1
criteria,QC_SOP_220,1
original,QC_SOP_220,1
product,QC_SOP_220,1
processes,QC_SOP_220,1
revalidation,QC_SOP_220,1
requirements,QC_SOP_220,1
approval,QC_SOP_220,1
references,QC_SOP_220,1
procedures,QC_SOP_220,1
identify,QC_SOP_220,1
modification,QC_SOP_220,1
sites,QC_SOP_221,1
traceable,QC_SOP_221,1
acceptance,QC_SOP_221,1
diagrams,QC_SOP_221,1
assign,QC_SOP_221,1
included,QC_SOP_221,1
design,QC_SOP_221,1
protocol,QC_SOP_221,1
equipment,QC_SOP_221,1
location,QC_SOP_221,1
complete,QC_SOP_221,1
scope,QC_SOP_221,1
based,QC_SOP_221,1
sampling,QC_SOP_221,1
areas,QC_SOP_221,1
unique,QC_SOP_221,1
procedure,QC_SOP_221,1
identification,QC_SOP_221,1
locations,QC_SOP_221,1
title,QC_SOP_221,1
record,QC_SOP_221,1
identifiers,QC_SOP_221,1
validation,QC_SOP_221,1
standardize,QC_SOP_221,1
cleaning,QC_SOP_221,1
studies,QC_SOP_221,1
purpose,QC_SOP_221,1
patterns,QC_SOP_221,1
consistent,QC_SOP_221,1
worst-case,QC_SOP_221,1
critical,QC_SOP_221,1
criteria,QC_SOP_221,1
sampled,QC_SOP_221,1
details,QC_SOP_221,1
references,QC_SOP_221,1
identify,QC_SOP_221,1
documentation,QC_SOP_221,1
acceptance,QC_SOP_222,1
light,QC_SOP_222,1
method,QC_SOP_222,1
detection,QC_SOP_222,1
annex,QC_SOP_222,1
simulate,QC_SOP_222,1
equipment,QC_SOP_222,1
apply,QC_SOP_222,1
residual,QC_SOP_222,1
marker,QC_SOP_222,1
scope,QC_SOP_222,1
inspect,QC_SOP_222,1
areas,QC_SOP_222,1
residues,QC_SOP_222,1
procedure,QC_SOP_222,1
fluorescent,QC_SOP_222,1
findings,QC_SOP_222,1
detectable,QC_SOP_222,1
title,QC_SOP_222,1
surfaces,QC_SOP_222,1
sensitivity,QC_SOP_222,1
using,QC_SOP_222,1
post-cleaning,QC_SOP_222,1
validated,QC_SOP_222,1
fluorescence,QC_SOP_222,1
improve,QC_SOP_222,1
validation,QC_SOP_222,1
cleaning,QC_SOP_222,1
residue,QC_SOP_222,1
visual,QC_SOP_222,1
under,QC_SOP_222,1
purpose,QC_SOP_222,1
enhance,QC_SOP_222,1
perform,QC_SOP_222,1
document,QC_SOP_222,1
criteria,QC_SOP_222,1
contamination,QC_SOP_222,1
processes,QC_SOP_222,1
references,QC_SOP_222,1
identify,QC_SOP_222,1
variable,QC_SOP_223,1
acceptance,QC_SOP_223,1
samples,QC_SOP_223,1
within,QC_SOP_223,1
compare,QC_SOP_223,1
impact,QC_SOP_223,1
variations,QC_SOP_223,1
scope,QC_SOP_223,1
parameters,QC_SOP_223,1
residues,QC_SOP_223,1
procedure,QC_SOP_223,1
detergent,QC_SOP_223,1
title,QC_SOP_223,1
remain,QC_SOP_223,1
process,QC_SOP_223,1
concentration,QC_SOP_223,1
conditions,QC_SOP_223,1
validated,QC_SOP_223,1
collect,QC_SOP_223,1
validation,QC_SOP_223,1
nominal,QC_SOP_223,1
cleaning,QC_SOP_223,1
residue,QC_SOP_223,1
defined,QC_SOP_223,1
under,QC_SOP_223,1
purpose,QC_SOP_223,1
ranges,QC_SOP_223,1
varied,QC_SOP_223,1
perform,QC_SOP_223,1
results,QC_SOP_223,1
document,QC_SOP_223,1
limits,QC_SOP_223,1
criteria,QC_SOP_223,1
robustness,QC_SOP_223,1
evaluate,QC_SOP_223,1
tested,QC_SOP_223,1
references,QC_SOP_223,1
procedures,QC_SOP_223,1
analyze,QC_SOP_223,1
below,QC_SOP_223,1
assessment,QC_SOP_223,1
improvements,QC_SOP_224,1
cleanability,QC_SOP_224,1
acceptance,QC_SOP_224,1
necessary,QC_SOP_224,1
designs,QC_SOP_224,1
assess,QC_SOP_224,1
design,QC_SOP_224,1
modified,QC_SOP_224,1
annex,QC_SOP_224,1
simulate,QC_SOP_224,1
equipment,QC_SOP_224,1
prior,QC_SOP_224,1
inaccessible,QC_SOP_224,1
standard,QC_SOP_224,1
scope,QC_SOP_224,1
deposition,QC_SOP_224,1
areas,QC_SOP_224,1
procedure,QC_SOP_224,1
efficiency,QC_SOP_224,1
title,QC_SOP_224,1
removal,QC_SOP_224,1
validation,QC_SOP_224,1
retaining,QC_SOP_224,1
cleaning,QC_SOP_224,1
qualification,QC_SOP_224,1
residue,QC_SOP_224,1
purpose,QC_SOP_224,1
perform,QC_SOP_224,1
criteria,QC_SOP_224,1
evaluate,QC_SOP_224,1
product,QC_SOP_224,1
recommend,QC_SOP_224,1
study,QC_SOP_224,1
references,QC_SOP_224,1
identify,QC_SOP_224,1
contact,QC_SOP_224,1
records,QC_SOP_225,1
acceptance,QC_SOP_225,1
within,QC_SOP_225,1
attributable,QC_SOP_225,1
method,QC_SOP_225,1
completion,QC_SOP_225,1
logbook,QC_SOP_225,1
equipment,QC_SOP_225,1
accurate,QC_SOP_225,1
scope,QC_SOP_225,1
legible,QC_SOP_225,1
management,QC_SOP_225,1
procedure,QC_SOP_225,1
title,QC_SOP_225,1
archive,QC_SOP_225,1
reviewed,QC_SOP_225,1
record,QC_SOP_225,1
validation,QC_SOP_225,1
cleaning,QC_SOP_225,1
operator,QC_SOP_225,1
purpose,QC_SOP_225,1
signature,QC_SOP_225,1
document,QC_SOP_225,1
missing,QC_SOP_225,1
criteria,QC_SOP_225,1
hours,QC_SOP_225,1
entries,QC_SOP_225,1
steps,QC_SOP_225,1
ensure,QC_SOP_225,1
activities,QC_SOP_225,1
verify,QC_SOP_225,1
references,QC_SOP_225,1
review,QC_SOP_225,1
documentation,QC_SOP_225,1
sites,QC_SOP_226,1
during,QC_SOP_226,1
acceptance,QC_SOP_226,1
complex,QC_SOP_226,1
diagrams,QC_SOP_226,1
selected,QC_SOP_226,1
effective,QC_SOP_226,1
assess,QC_SOP_226,1
detection,QC_SOP_226,1
accessibility,QC_SOP_226,1
design,QC_SOP_226,1
surface,QC_SOP_226,1
high-risk,QC_SOP_226,1
included,QC_SOP_226,1
protocol,QC_SOP_226,1
shared,QC_SOP_226,1
roughness,QC_SOP_226,1
equipment,QC_SOP_226,1
location,QC_SOP_226,1
likelihood,QC_SOP_226,1
identify,QC_SOP_226,1
prior,QC_SOP_226,1
representative,QC_SOP_226,1
justification,QC_SOP_226,1
scope,QC_SOP_226,1
paths,QC_SOP_226,1
based,QC_SOP_226,1
potential,QC_SOP_226,1
sampling,QC_SOP_226,1
approved,QC_SOP_226,1
areas,QC_SOP_226,1
accumulation,QC_SOP_226,1
consistently,QC_SOP_226,1
define,QC_SOP_226,1
procedure,QC_SOP_226,1
rationale,QC_SOP_226,1
locations,QC_SOP_226,1
title,QC_SOP_226,1
using,QC_SOP_226,1
justify,QC_SOP_226,1
experience,QC_SOP_226,1
factors,QC_SOP_226,1
include,QC_SOP_226,1
select,QC_SOP_226,1
across,QC_SOP_226,1
validation,QC_SOP_226,1
documented,QC_SOP_226,1
cleaning,QC_SOP_226,1
residue,QC_SOP_226,1
purpose,QC_SOP_226,1
exposure,QC_SOP_226,1
document,QC_SOP_226,1
consistent,QC_SOP_226,1
worst-case,QC_SOP_226,1
criteria,QC_SOP_226,1
sampled,QC_SOP_226,1
product,QC_SOP_226,1
manufacturing,QC_SOP_226,1
ensure,QC_SOP_226,1
references,QC_SOP_226,1
limited,QC_SOP_226,1
review,QC_SOP_226,1
subject,QC_SOP_226,1
geometry,QC_SOP_226,1
drawings,QC_SOP_226,1
during,QC_SOP_227,1
required,QC_SOP_227,1
approaches,QC_SOP_227,1
determination,QC_SOP_227,1
determine,QC_SOP_227,1
samples,QC_SOP_227,1
acceptance,QC_SOP_227,1
within,QC_SOP_227,1
compare,QC_SOP_227,1
control,QC_SOP_227,1
volumes,QC_SOP_227,1
containers,QC_SOP_227,1
calibrated,QC_SOP_227,1
equipment,QC_SOP_227,1
validate,QC_SOP_227,1
value,QC_SOP_227,1
scope,QC_SOP_227,1
observed,QC_SOP_227,1
sampling,QC_SOP_227,1
procedure,QC_SOP_227,1
efficiency,QC_SOP_227,1
recovery,QC_SOP_227,1
title,QC_SOP_227,1
volume,QC_SOP_227,1
surfaces,QC_SOP_227,1
using,QC_SOP_227,1
record,QC_SOP_227,1
validated,QC_SOP_227,1
collect,QC_SOP_227,1
spiked,QC_SOP_227,1
validation,QC_SOP_227,1
studies,QC_SOP_227,1
cleaning,QC_SOP_227,1
residue,QC_SOP_227,1
product-contact,QC_SOP_227,1
standardize,QC_SOP_227,1
purpose,QC_SOP_227,1
rinse,QC_SOP_227,1
minimum,QC_SOP_227,1
pooling,QC_SOP_227,1
actual,QC_SOP_227,1
criteria,QC_SOP_227,1
cleaned,QC_SOP_227,1
establish,QC_SOP_227,1
references,QC_SOP_227,1
procedures,QC_SOP_227,1
contact,QC_SOP_227,1
cleanability,QC_SOP_228,1
acceptance,QC_SOP_228,1
dirty,QC_SOP_228,1
samples,QC_SOP_228,1
levels,QC_SOP_228,1
hard-to-remove,QC_SOP_228,1
compare,QC_SOP_228,1
method,QC_SOP_228,1
impacting,QC_SOP_228,1
interval,QC_SOP_228,1
batch,QC_SOP_228,1
allowable,QC_SOP_228,1
equipment,QC_SOP_228,1
simulate,QC_SOP_228,1
prior,QC_SOP_228,1
maximum,QC_SOP_228,1
scope,QC_SOP_228,1
sampling,QC_SOP_228,1
without,QC_SOP_228,1
allow,QC_SOP_228,1
procedure,QC_SOP_228,1
residues,QC_SOP_228,1
locations,QC_SOP_228,1
remain,QC_SOP_228,1
title,QC_SOP_228,1
using,QC_SOP_228,1
validated,QC_SOP_228,1
collect,QC_SOP_228,1
across,QC_SOP_228,1
validation,QC_SOP_228,1
cleaning,QC_SOP_228,1
intervals,QC_SOP_228,1
residue,QC_SOP_228,1
defined,QC_SOP_228,1
guidance,QC_SOP_228,1
purpose,QC_SOP_228,1
rinse,QC_SOP_228,1
between,QC_SOP_228,1
uncleaned,QC_SOP_228,1
perform,QC_SOP_228,1
production,QC_SOP_228,1
worst-case,QC_SOP_228,1
results,QC_SOP_228,1
limits,QC_SOP_228,1
hours,QC_SOP_228,1
criteria,QC_SOP_228,1
establish,QC_SOP_228,1
processes,QC_SOP_228,1
manufacturing,QC_SOP_228,1
visible,QC_SOP_228,1
references,QC_SOP_228,1
deposits,QC_SOP_228,1
analyze,QC_SOP_228,1
below,QC_SOP_228,1
organisms,QC_SOP_229,1
before,QC_SOP_229,1
sample,QC_SOP_229,1
acceptance,QC_SOP_229,1
detected,QC_SOP_229,1
determine,QC_SOP_229,1
samples,QC_SOP_229,1
clean,QC_SOP_229,1
control,QC_SOP_229,1
store,QC_SOP_229,1
swabs,QC_SOP_229,1
growth,QC_SOP_229,1
sterile,QC_SOP_229,1
established,QC_SOP_229,1
limit,QC_SOP_229,1
annex,QC_SOP_229,1
objectionable,QC_SOP_229,1
allowable,QC_SOP_229,1
equipment,QC_SOP_229,1
non-sterile,QC_SOP_229,1
environmental,QC_SOP_229,1
testing,QC_SOP_229,1
maximum,QC_SOP_229,1
scope,QC_SOP_229,1
drying,QC_SOP_229,1
without,QC_SOP_229,1
procedure,QC_SOP_229,1
remain,QC_SOP_229,1
microbial,QC_SOP_229,1
title,QC_SOP_229,1
surfaces,QC_SOP_229,1
conditions,QC_SOP_229,1
using,QC_SOP_229,1
validated,QC_SOP_229,1
trends,QC_SOP_229,1
validation,QC_SOP_229,1
cleaning,QC_SOP_229,1
intervals,QC_SOP_229,1
defined,QC_SOP_229,1
under,QC_SOP_229,1
purpose,QC_SOP_229,1
perform,QC_SOP_229,1
limits,QC_SOP_229,1
hours,QC_SOP_229,1
evaluate,QC_SOP_229,1
criteria,QC_SOP_229,1
contamination,QC_SOP_229,1
product,QC_SOP_229,1
establish,QC_SOP_229,1
total,QC_SOP_229,1
manufacturing,QC_SOP_229,1
study,QC_SOP_229,1
references,QC_SOP_229,1
aerobic,QC_SOP_229,1
count,QC_SOP_229,1
required,QC_SOP_230,1
acceptance,QC_SOP_230,1
determine,QC_SOP_230,1
samples,QC_SOP_230,1
effectiveness,QC_SOP_230,1
effective,QC_SOP_230,1
optimization,QC_SOP_230,1
minutes,QC_SOP_230,1
annex,QC_SOP_230,1
identify,QC_SOP_230,1
apply,QC_SOP_230,1
scope,QC_SOP_230,1
below,QC_SOP_230,1
procedure,QC_SOP_230,1
detergent,QC_SOP_230,1
title,QC_SOP_230,1
surfaces,QC_SOP_230,1
agent,QC_SOP_230,1
soiled,QC_SOP_230,1
conditions,QC_SOP_230,1
using,QC_SOP_230,1
optimal,QC_SOP_230,1
detergents,QC_SOP_230,1
collect,QC_SOP_230,1
removal,QC_SOP_230,1
validation,QC_SOP_230,1
cleaning,QC_SOP_230,1
residue,QC_SOP_230,1
defined,QC_SOP_230,1
under,QC_SOP_230,1
purpose,QC_SOP_230,1
minimum,QC_SOP_230,1
chemical,QC_SOP_230,1
perform,QC_SOP_230,1
limits,QC_SOP_230,1
criteria,QC_SOP_230,1
product,QC_SOP_230,1
processes,QC_SOP_230,1
references,QC_SOP_230,1
controlled,QC_SOP_230,1
analyze,QC_SOP_230,1
residual,QC_SOP_230,1
contact,QC_SOP_230,1
cycles,QC_SOP_231,1
values,QC_SOP_231,1
acceptance,QC_SOP_231,1
samples,QC_SOP_231,1
within,QC_SOP_231,1
effectiveness,QC_SOP_231,1
three,QC_SOP_231,1
consecutive,QC_SOP_231,1
including,QC_SOP_231,1
equipment,QC_SOP_231,1
reproducibility,QC_SOP_231,1
validate,QC_SOP_231,1
temperature,QC_SOP_231,1
execute,QC_SOP_231,1
scope,QC_SOP_231,1
parameters,QC_SOP_231,1
residues,QC_SOP_231,1
procedure,QC_SOP_231,1
define,QC_SOP_231,1
systems,QC_SOP_231,1
detergent,QC_SOP_231,1
title,QC_SOP_231,1
agent,QC_SOP_231,1
concentration,QC_SOP_231,1
collect,QC_SOP_231,1
across,QC_SOP_231,1
validation,QC_SOP_231,1
cleaning,QC_SOP_231,1
cycle,QC_SOP_231,1
residue,QC_SOP_231,1
defined,QC_SOP_231,1
guidance,QC_SOP_231,1
purpose,QC_SOP_231,1
rinse,QC_SOP_231,1
reproducible,QC_SOP_231,1
automated,QC_SOP_231,1
results,QC_SOP_231,1
worst-case,QC_SOP_231,1
limits,QC_SOP_231,1
criteria,QC_SOP_231,1
evaluate,QC_SOP_231,1
points,QC_SOP_231,1
verification,QC_SOP_231,1
manufacturing,QC_SOP_231,1
references,QC_SOP_231,1
analyze,QC_SOP_231,1
below,QC_SOP_231,1
cleaning-in-place,QC_SOP_231,1
purge,QC_SOP_232,1
acceptance,QC_SOP_232,1
effectiveness,QC_SOP_232,1
growth,QC_SOP_232,1
method,QC_SOP_232,1
prevent,QC_SOP_232,1
technique,QC_SOP_232,1
annex,QC_SOP_232,1
equipment,QC_SOP_232,1
prior,QC_SOP_232,1
inspect,QC_SOP_232,1
scope,QC_SOP_232,1
dryness,QC_SOP_232,1
drying,QC_SOP_232,1
accumulation,QC_SOP_232,1
moisture,QC_SOP_232,1
procedure,QC_SOP_232,1
microbial,QC_SOP_232,1
title,QC_SOP_232,1
justified,QC_SOP_232,1
conditions,QC_SOP_232,1
using,QC_SOP_232,1
validated,QC_SOP_232,1
validation,QC_SOP_232,1
water,QC_SOP_232,1
cleaning,QC_SOP_232,1
reuse,QC_SOP_232,1
storage,QC_SOP_232,1
defined,QC_SOP_232,1
purpose,QC_SOP_232,1
after,QC_SOP_232,1
perform,QC_SOP_232,1
visually,QC_SOP_232,1
document,QC_SOP_232,1
measure,QC_SOP_232,1
criteria,QC_SOP_232,1
cleaned,QC_SOP_232,1
fischer,QC_SOP_232,1
verification,QC_SOP_232,1
visible,QC_SOP_232,1
droplets,QC_SOP_232,1
ensure,QC_SOP_232,1
verify,QC_SOP_232,1
references,QC_SOP_232,1
adequate,QC_SOP_232,1
residual,QC_SOP_232,1
followed,QC_SOP_232,1
during,QC_SOP_233,1
scenarios,QC_SOP_233,1
acceptance,QC_SOP_233,1
errors,QC_SOP_233,1
performance,QC_SOP_233,1
performing,QC_SOP_233,1
completion,QC_SOP_233,1
theoretical,QC_SOP_233,1
trained,QC_SOP_233,1
training,QC_SOP_233,1
requalify,QC_SOP_233,1
competency,QC_SOP_233,1
personnel,QC_SOP_233,1
practical,QC_SOP_233,1
scope,QC_SOP_233,1
provide,QC_SOP_233,1
principles,QC_SOP_233,1
procedure,QC_SOP_233,1
supervised,QC_SOP_233,1
conduct,QC_SOP_233,1
title,QC_SOP_233,1
demonstration,QC_SOP_233,1
using,QC_SOP_233,1
validation,QC_SOP_233,1
annually,QC_SOP_233,1
cleaning,QC_SOP_233,1
qualification,QC_SOP_233,1
operator,QC_SOP_233,1
purpose,QC_SOP_233,1
document,QC_SOP_233,1
critical,QC_SOP_233,1
criteria,QC_SOP_233,1
evaluate,QC_SOP_233,1
adequately,QC_SOP_233,1
operators,QC_SOP_233,1
ensure,QC_SOP_233,1
activities,QC_SOP_233,1
references,QC_SOP_233,1
procedures,QC_SOP_233,1
score,QC_SOP_233,1
demonstrations,QC_SOP_233,1
assessment,QC_SOP_233,1
acceptance,QC_SOP_234,1
light,QC_SOP_234,1
detected,QC_SOP_234,1
detection,QC_SOP_234,1
hard-to-see,QC_SOP_234,1
annex,QC_SOP_234,1
through,QC_SOP_234,1
equipment,QC_SOP_234,1
inspect,QC_SOP_234,1
scope,QC_SOP_234,1
areas,QC_SOP_234,1
high-intensity,QC_SOP_234,1
residues,QC_SOP_234,1
procedure,QC_SOP_234,1
surfaces,QC_SOP_234,1
title,QC_SOP_234,1
conditions,QC_SOP_234,1
mirrors,QC_SOP_234,1
improve,QC_SOP_234,1
validation,QC_SOP_234,1
inspection,QC_SOP_234,1
cleanliness,QC_SOP_234,1
cleaning,QC_SOP_234,1
residue,QC_SOP_234,1
documented,QC_SOP_234,1
visual,QC_SOP_234,1
under,QC_SOP_234,1
purpose,QC_SOP_234,1
discoloration,QC_SOP_234,1
reject,QC_SOP_234,1
inspector,QC_SOP_234,1
borescopes,QC_SOP_234,1
document,QC_SOP_234,1
results,QC_SOP_234,1
lighting,QC_SOP_234,1
criteria,QC_SOP_234,1
cleaned,QC_SOP_234,1
enhanced,QC_SOP_234,1
check,QC_SOP_234,1
visible,QC_SOP_234,1
references,QC_SOP_234,1
white,QC_SOP_234,1
streaks,QC_SOP_234,1
successful,QC_SOP_235,1
resample,QC_SOP_235,1
acceptance,QC_SOP_235,1
identified,QC_SOP_235,1
within,QC_SOP_235,1
analytical,QC_SOP_235,1
implemented,QC_SOP_235,1
failure,QC_SOP_235,1
scope,QC_SOP_235,1
based,QC_SOP_235,1
failures,QC_SOP_235,1
define,QC_SOP_235,1
procedure,QC_SOP_235,1
system,QC_SOP_235,1
title,QC_SOP_235,1
surfaces,QC_SOP_235,1
using,QC_SOP_235,1
validated,QC_SOP_235,1
close,QC_SOP_235,1
validation,QC_SOP_235,1
inspection,QC_SOP_235,1
cleaning,QC_SOP_235,1
visual,QC_SOP_235,1
purpose,QC_SOP_235,1
after,QC_SOP_235,1
handling,QC_SOP_235,1
recleaning,QC_SOP_235,1
results,QC_SOP_235,1
document,QC_SOP_235,1
perform,QC_SOP_235,1
routine,QC_SOP_235,1
limits,QC_SOP_235,1
investigation,QC_SOP_235,1
criteria,QC_SOP_235,1
deviation,QC_SOP_235,1
activities,QC_SOP_235,1
exceeding,QC_SOP_235,1
references,QC_SOP_235,1
cause,QC_SOP_235,1
analyze,QC_SOP_235,1
identify,QC_SOP_235,1
documentation,QC_SOP_235,1
evaluation,QC_SOP_236,1
acceptance,QC_SOP_236,1
correlate,QC_SOP_236,1
analytical,QC_SOP_236,1
assess,QC_SOP_236,1
affect,QC_SOP_236,1
limit,QC_SOP_236,1
trained,QC_SOP_236,1
equipment,QC_SOP_236,1
standard,QC_SOP_236,1
personnel,QC_SOP_236,1
scope,QC_SOP_236,1
potential,QC_SOP_236,1
below,QC_SOP_236,1
sensitive,QC_SOP_236,1
allow,QC_SOP_236,1
procedure,QC_SOP_236,1
findings,QC_SOP_236,1
conduct,QC_SOP_236,1
detectable,QC_SOP_236,1
detergent,QC_SOP_236,1
title,QC_SOP_236,1
agent,QC_SOP_236,1
using,QC_SOP_236,1
agents,QC_SOP_236,1
validation,QC_SOP_236,1
cleaning,QC_SOP_236,1
residue,QC_SOP_236,1
purpose,QC_SOP_236,1
quality,QC_SOP_236,1
products,QC_SOP_236,1
perform,QC_SOP_236,1
document,QC_SOP_236,1
results,QC_SOP_236,1
criteria,QC_SOP_236,1
contamination,QC_SOP_236,1
confirmation,QC_SOP_236,1
product,QC_SOP_236,1
needed,QC_SOP_236,1
references,QC_SOP_236,1
sensory,QC_SOP_236,1
completely,QC_SOP_236,1
residual,QC_SOP_236,1
periodic,QC_SOP_237,1
acceptance,QC_SOP_237,1
within,QC_SOP_237,1
assess,QC_SOP_237,1
changes,QC_SOP_237,1
continued,QC_SOP_237,1
equipment,QC_SOP_237,1
scope,QC_SOP_237,1
obtain,QC_SOP_237,1
status,QC_SOP_237,1
procedure,QC_SOP_237,1
title,QC_SOP_237,1
validated,QC_SOP_237,1
completed,QC_SOP_237,1
validity,QC_SOP_237,1
validation,QC_SOP_237,1
annually,QC_SOP_237,1
conclusions,QC_SOP_237,1
cleaning,QC_SOP_237,1
where,QC_SOP_237,1
purpose,QC_SOP_237,1
applicable,QC_SOP_237,1
products,QC_SOP_237,1
document,QC_SOP_237,1
results,QC_SOP_237,1
annual,QC_SOP_237,1
routine,QC_SOP_237,1
criteria,QC_SOP_237,1
months,QC_SOP_237,1
triggered,QC_SOP_237,1
processes,QC_SOP_237,1
revalidation,QC_SOP_237,1
verification,QC_SOP_237,1
approval,QC_SOP_237,1
ensure,QC_SOP_237,1
references,QC_SOP_237,1
procedures,QC_SOP_237,1
review,QC_SOP_237,1
identify,QC_SOP_237,1
sample,QC_SOP_238,1
evaluation,QC_SOP_238,1
required,QC_SOP_238,1
acceptance,QC_SOP_238,1
within,QC_SOP_238,1
compare,QC_SOP_238,1
meets,QC_SOP_238,1
analysis,QC_SOP_238,1
scope,QC_SOP_238,1
specifications,QC_SOP_238,1
procedure,QC_SOP_238,1
findings,QC_SOP_238,1
title,QC_SOP_238,1
microbial,QC_SOP_238,1
conductivity,QC_SOP_238,1
investigate,QC_SOP_238,1
validation,QC_SOP_238,1
water,QC_SOP_238,1
deviations,QC_SOP_238,1
cleaning,QC_SOP_238,1
purpose,QC_SOP_238,1
quality,QC_SOP_238,1
chemical,QC_SOP_238,1
perform,QC_SOP_238,1
results,QC_SOP_238,1
standards,QC_SOP_238,1
document,QC_SOP_238,1
limits,QC_SOP_238,1
criteria,QC_SOP_238,1
points,QC_SOP_238,1
processes,QC_SOP_238,1
ensure,QC_SOP_238,1
references,QC_SOP_238,1
sources,QC_SOP_238,1
solubility,QC_SOP_239,1
acceptance,QC_SOP_239,1
compatibility,QC_SOP_239,1
shared,QC_SOP_239,1
equipment,QC_SOP_239,1
manufactured,QC_SOP_239,1
testing,QC_SOP_239,1
adverse,QC_SOP_239,1
scope,QC_SOP_239,1
reaction,QC_SOP_239,1
residues,QC_SOP_239,1
procedure,QC_SOP_239,1
efficiency,QC_SOP_239,1
conduct,QC_SOP_239,1
specific,QC_SOP_239,1
remove,QC_SOP_239,1
title,QC_SOP_239,1
agent,QC_SOP_239,1
removal,QC_SOP_239,1
optimal,QC_SOP_239,1
agents,QC_SOP_239,1
select,QC_SOP_239,1
validation,QC_SOP_239,1
cleaning,QC_SOP_239,1
residue,QC_SOP_239,1
guidance,QC_SOP_239,1
purpose,QC_SOP_239,1
between,QC_SOP_239,1
products,QC_SOP_239,1
perform,QC_SOP_239,1
document,QC_SOP_239,1
results,QC_SOP_239,1
experiments,QC_SOP_239,1
evaluate,QC_SOP_239,1
criteria,QC_SOP_239,1
product,QC_SOP_239,1
verify,QC_SOP_239,1
references,QC_SOP_239,1
bench-scale,QC_SOP_239,1
effectively,QC_SOP_239,1
before,QC_SOP_240,1
introduce,QC_SOP_240,1
acceptance,QC_SOP_240,1
tools,QC_SOP_240,1
clean,QC_SOP_240,1
control,QC_SOP_240,1
store,QC_SOP_240,1
reusable,QC_SOP_240,1
materials,QC_SOP_240,1
annex,QC_SOP_240,1
inspect,QC_SOP_240,1
scope,QC_SOP_240,1
procedure,QC_SOP_240,1
title,QC_SOP_240,1
microbial,QC_SOP_240,1
validation,QC_SOP_240,1
disposable,QC_SOP_240,1
cleaning,QC_SOP_240,1
other,QC_SOP_240,1
where,QC_SOP_240,1
purpose,QC_SOP_240,1
applicable,QC_SOP_240,1
environment,QC_SOP_240,1
cloths,QC_SOP_240,1
document,QC_SOP_240,1
criteria,QC_SOP_240,1
brushes,QC_SOP_240,1
usage,QC_SOP_240,1
contamination,QC_SOP_240,1
visible,QC_SOP_240,1
ensure,QC_SOP_240,1
references,QC_SOP_240,1
controlled,QC_SOP_240,1
count,QC_SOP_240,1
sanitize,QC_SOP_240,1
dedicated,QC_SOP_240,1
solubility,QC_SOP_241,1
evaluation,QC_SOP_241,1
solvents,QC_SOP_241,1
solvent,QC_SOP_241,1
acceptance,QC_SOP_241,1
determine,QC_SOP_241,1
required,QC_SOP_241,1
effectiveness,QC_SOP_241,1
effective,QC_SOP_241,1
design,QC_SOP_241,1
profile,QC_SOP_241,1
testing,QC_SOP_241,1
validate,QC_SOP_241,1
justification,QC_SOP_241,1
scope,QC_SOP_241,1
residues,QC_SOP_241,1
procedure,QC_SOP_241,1
findings,QC_SOP_241,1
title,QC_SOP_241,1
optimal,QC_SOP_241,1
threshold,QC_SOP_241,1
removal,QC_SOP_241,1
validation,QC_SOP_241,1
documented,QC_SOP_241,1
cleaning,QC_SOP_241,1
residue,QC_SOP_241,1
purpose,QC_SOP_241,1
various,QC_SOP_241,1
products,QC_SOP_241,1
perform,QC_SOP_241,1
requiring,QC_SOP_241,1
document,QC_SOP_241,1
limits,QC_SOP_241,1
criteria,QC_SOP_241,1
references,QC_SOP_241,1
identify,QC_SOP_241,1
during,QC_SOP_242,1
values,QC_SOP_242,1
acceptance,QC_SOP_242,1
within,QC_SOP_242,1
compare,QC_SOP_242,1
temperature,QC_SOP_242,1
value,QC_SOP_242,1
scope,QC_SOP_242,1
procedure,QC_SOP_242,1
title,QC_SOP_242,1
process,QC_SOP_242,1
validated,QC_SOP_242,1
record,QC_SOP_242,1
validation,QC_SOP_242,1
water,QC_SOP_242,1
cleaning,QC_SOP_242,1
purpose,QC_SOP_242,1
range,QC_SOP_242,1
adjust,QC_SOP_242,1
document,QC_SOP_242,1
results,QC_SOP_242,1
measure,QC_SOP_242,1
criteria,QC_SOP_242,1
processes,QC_SOP_242,1
verification,QC_SOP_242,1
needed,QC_SOP_242,1
ensure,QC_SOP_242,1
references,QC_SOP_242,1
parts,QC_SOP_243,1
acceptance,QC_SOP_243,1
complex,QC_SOP_243,1
detected,QC_SOP_243,1
clean,QC_SOP_243,1
assemblies,QC_SOP_243,1
annex,QC_SOP_243,1
equipment,QC_SOP_243,1
prior,QC_SOP_243,1
scope,QC_SOP_243,1
components,QC_SOP_243,1
individual,QC_SOP_243,1
define,QC_SOP_243,1
procedure,QC_SOP_243,1
title,QC_SOP_243,1
reassemble,QC_SOP_243,1
validation,QC_SOP_243,1
disassembly,QC_SOP_243,1
cleaning,QC_SOP_243,1
cleanliness,QC_SOP_243,1
residue,QC_SOP_243,1
purpose,QC_SOP_243,1
perform,QC_SOP_243,1
requiring,QC_SOP_243,1
criteria,QC_SOP_243,1
requirements,QC_SOP_243,1
verify,QC_SOP_243,1
accessible,QC_SOP_243,1
references,QC_SOP_243,1
identify,QC_SOP_243,1
acceptance,QC_SOP_244,1
execution,QC_SOP_244,1
protocol,QC_SOP_244,1
equipment,QC_SOP_244,1
prior,QC_SOP_244,1
protocols,QC_SOP_244,1
execute,QC_SOP_244,1
scope,QC_SOP_244,1
parameters,QC_SOP_244,1
sampling,QC_SOP_244,1
obtain,QC_SOP_244,1
approved,QC_SOP_244,1
procedure,QC_SOP_244,1
define,QC_SOP_244,1
locations,QC_SOP_244,1
title,QC_SOP_244,1
validation,QC_SOP_244,1
standardize,QC_SOP_244,1
cleaning,QC_SOP_244,1
studies,QC_SOP_244,1
defined,QC_SOP_244,1
purpose,QC_SOP_244,1
products,QC_SOP_244,1
criteria,QC_SOP_244,1
specify,QC_SOP_244,1
establish,QC_SOP_244,1
methods,QC_SOP_244,1
approval,QC_SOP_244,1
references,QC_SOP_244,1
preparation,QC_SOP_244,1
acceptance,QC_SOP_245,1
within,QC_SOP_245,1
compile,QC_SOP_245,1
errors,QC_SOP_245,1
protocol,QC_SOP_245,1
scope,QC_SOP_245,1
approved,QC_SOP_245,1
obtain,QC_SOP_245,1
accuracy,QC_SOP_245,1
procedure,QC_SOP_245,1
title,QC_SOP_245,1
archive,QC_SOP_245,1
completed,QC_SOP_245,1
validation,QC_SOP_245,1
studies,QC_SOP_245,1
cleaning,QC_SOP_245,1
conclusions,QC_SOP_245,1
compliance,QC_SOP_245,1
purpose,QC_SOP_245,1
results,QC_SOP_245,1
calculations,QC_SOP_245,1
critical,QC_SOP_245,1
criteria,QC_SOP_245,1
report,QC_SOP_245,1
reports,QC_SOP_245,1
approval,QC_SOP_245,1
ensure,QC_SOP_245,1
verify,QC_SOP_245,1
references,QC_SOP_245,1
review,QC_SOP_245,1
final,QC_SOP_245,1
completeness,QC_SOP_245,1
periodic,QC_SOP_246,1
initiate,QC_SOP_246,1
acceptance,QC_SOP_246,1
batches,QC_SOP_246,1
investigations,QC_SOP_246,1
within,QC_SOP_246,1
effectiveness,QC_SOP_246,1
complexity,QC_SOP_246,1
length,QC_SOP_246,1
consecutive,QC_SOP_246,1
annex,QC_SOP_246,1
equipment,QC_SOP_246,1
program,QC_SOP_246,1
representative,QC_SOP_246,1
initial,QC_SOP_246,1
adverse,QC_SOP_246,1
scope,QC_SOP_246,1
based,QC_SOP_246,1
sampling,QC_SOP_246,1
specifications,QC_SOP_246,1
define,QC_SOP_246,1
procedure,QC_SOP_246,1
locations,QC_SOP_246,1
title,QC_SOP_246,1
risk-based,QC_SOP_246,1
trend,QC_SOP_246,1
post-cleaning,QC_SOP_246,1
using,QC_SOP_246,1
completed,QC_SOP_246,1
validated,QC_SOP_246,1
trends,QC_SOP_246,1
select,QC_SOP_246,1
validation,QC_SOP_246,1
frequency,QC_SOP_246,1
cleaning,QC_SOP_246,1
against,QC_SOP_246,1
purpose,QC_SOP_246,1
after,QC_SOP_246,1
rinse,QC_SOP_246,1
potency,QC_SOP_246,1
perform,QC_SOP_246,1
results,QC_SOP_246,1
worst-case,QC_SOP_246,1
alert,QC_SOP_246,1
routine,QC_SOP_246,1
limits,QC_SOP_246,1
criteria,QC_SOP_246,1
deviation,QC_SOP_246,1
product,QC_SOP_246,1
establish,QC_SOP_246,1
methods,QC_SOP_246,1
scheduled,QC_SOP_246,1
verification,QC_SOP_246,1
manufacturing,QC_SOP_246,1
action,QC_SOP_246,1
historical,QC_SOP_246,1
exceeding,QC_SOP_246,1
references,QC_SOP_246,1
analyze,QC_SOP_246,1
campaign,QC_SOP_246,1
increasing,QC_SOP_247,1
values,QC_SOP_247,1
required,QC_SOP_247,1
acceptance,QC_SOP_247,1
samples,QC_SOP_247,1
batches,QC_SOP_247,1
within,QC_SOP_247,1
compare,QC_SOP_247,1
method-specific,QC_SOP_247,1
three,QC_SOP_247,1
instruments,QC_SOP_247,1
limit,QC_SOP_247,1
aqueous,QC_SOP_247,1
calibrated,QC_SOP_247,1
batch,QC_SOP_247,1
equipment,QC_SOP_247,1
repeat,QC_SOP_247,1
scope,QC_SOP_247,1
indicates,QC_SOP_247,1
residues,QC_SOP_247,1
procedure,QC_SOP_247,1
systems,QC_SOP_247,1
locations,QC_SOP_247,1
title,QC_SOP_247,1
conductivity,QC_SOP_247,1
volume,QC_SOP_247,1
trend,QC_SOP_247,1
investigate,QC_SOP_247,1
using,QC_SOP_247,1
validated,QC_SOP_247,1
removal,QC_SOP_247,1
detergents,QC_SOP_247,1
collect,QC_SOP_247,1
record,QC_SOP_247,1
validation,QC_SOP_247,1
water,QC_SOP_247,1
cleaning,QC_SOP_247,1
defined,QC_SOP_247,1
purpose,QC_SOP_247,1
rinse,QC_SOP_247,1
excursions,QC_SOP_247,1
quality,QC_SOP_247,1
document,QC_SOP_247,1
results,QC_SOP_247,1
limits,QC_SOP_247,1
measure,QC_SOP_247,1
criteria,QC_SOP_247,1
purified,QC_SOP_247,1
cleaned,QC_SOP_247,1
baseline,QC_SOP_247,1
verification,QC_SOP_247,1
ensure,QC_SOP_247,1
references,QC_SOP_247,1
adequate,QC_SOP_247,1
final,QC_SOP_247,1
during,QC_SOP_248,1
acceptance,QC_SOP_248,1
within,QC_SOP_248,1
compare,QC_SOP_248,1
method,QC_SOP_248,1
prepared,QC_SOP_248,1
calibrated,QC_SOP_248,1
batch,QC_SOP_248,1
equipment,QC_SOP_248,1
prior,QC_SOP_248,1
prepare,QC_SOP_248,1
target,QC_SOP_248,1
scope,QC_SOP_248,1
procedure,QC_SOP_248,1
spectroscopic,QC_SOP_248,1
title,QC_SOP_248,1
solution,QC_SOP_248,1
agent,QC_SOP_248,1
concentration,QC_SOP_248,1
solutions,QC_SOP_248,1
using,QC_SOP_248,1
validated,QC_SOP_248,1
record,QC_SOP_248,1
detergents,QC_SOP_248,1
validation,QC_SOP_248,1
remake,QC_SOP_248,1
documented,QC_SOP_248,1
cleaning,QC_SOP_248,1
intervals,QC_SOP_248,1
defined,QC_SOP_248,1
purpose,QC_SOP_248,1
concentrations,QC_SOP_248,1
range,QC_SOP_248,1
adjust,QC_SOP_248,1
chemical,QC_SOP_248,1
results,QC_SOP_248,1
measure,QC_SOP_248,1
criteria,QC_SOP_248,1
titration,QC_SOP_248,1
confirm,QC_SOP_248,1
processes,QC_SOP_248,1
verification,QC_SOP_248,1
utilizing,QC_SOP_248,1
references,QC_SOP_248,1
measurements,QC_SOP_248,1
volumetric,QC_SOP_248,1
during,QC_SOP_249,1
periodic,QC_SOP_249,1
required,QC_SOP_249,1
acceptance,QC_SOP_249,1
samples,QC_SOP_249,1
within,QC_SOP_249,1
effectiveness,QC_SOP_249,1
control,QC_SOP_249,1
verified,QC_SOP_249,1
assess,QC_SOP_249,1
impact,QC_SOP_249,1
manage,QC_SOP_249,1
equipment,QC_SOP_249,1
testing,QC_SOP_249,1
identify,QC_SOP_249,1
scope,QC_SOP_249,1
impacted,QC_SOP_249,1
potential,QC_SOP_249,1
sampling,QC_SOP_249,1
monitoring,QC_SOP_249,1
procedure,QC_SOP_249,1
online,QC_SOP_249,1
title,QC_SOP_249,1
conductivity,QC_SOP_249,1
additional,QC_SOP_249,1
using,QC_SOP_249,1
affected,QC_SOP_249,1
validation,QC_SOP_249,1
water,QC_SOP_249,1
implement,QC_SOP_249,1
cleaning,QC_SOP_249,1
residue,QC_SOP_249,1
purpose,QC_SOP_249,1
excursions,QC_SOP_249,1
quality,QC_SOP_249,1
perform,QC_SOP_249,1
document,QC_SOP_249,1
detect,QC_SOP_249,1
investigation,QC_SOP_249,1
criteria,QC_SOP_249,1
assessed,QC_SOP_249,1
quarantine,QC_SOP_249,1
carryover,QC_SOP_249,1
excursion,QC_SOP_249,1
hours,QC_SOP_249,1
limits,QC_SOP_249,1
events,QC_SOP_249,1
verification,QC_SOP_249,1
references,QC_SOP_249,1
operations,QC_SOP_249,1
bioburden,QC_SOP_249,1
improvements,QC_SOP_250,1
before,QC_SOP_250,1
maintain,QC_SOP_250,1
acceptance,QC_SOP_250,1
control,QC_SOP_250,1
changes,QC_SOP_250,1
quarterly,QC_SOP_250,1
reviews,QC_SOP_250,1
continued,QC_SOP_250,1
annex,QC_SOP_250,1
through,QC_SOP_250,1
adverse,QC_SOP_250,1
state,QC_SOP_250,1
lifecycle,QC_SOP_250,1
scope,QC_SOP_250,1
based,QC_SOP_250,1
unresolved,QC_SOP_250,1
sampling,QC_SOP_250,1
obtain,QC_SOP_250,1
approved,QC_SOP_250,1
management,QC_SOP_250,1
procedure,QC_SOP_250,1
assessments,QC_SOP_250,1
title,QC_SOP_250,1
ongoing,QC_SOP_250,1
process,QC_SOP_250,1
change,QC_SOP_250,1
validated,QC_SOP_250,1
completed,QC_SOP_250,1
trends,QC_SOP_250,1
facility,QC_SOP_250,1
across,QC_SOP_250,1
validation,QC_SOP_250,1
deviations,QC_SOP_250,1
implement,QC_SOP_250,1
cleaning,QC_SOP_250,1
where,QC_SOP_250,1
implementation,QC_SOP_250,1
purpose,QC_SOP_250,1
document,QC_SOP_250,1
routine,QC_SOP_250,1
criteria,QC_SOP_250,1
processes,QC_SOP_250,1
verification,QC_SOP_250,1
needed,QC_SOP_250,1
approval,QC_SOP_250,1
ensure,QC_SOP_250,1
references,QC_SOP_250,1
update,QC_SOP_250,1
review,QC_SOP_250,1
plans,QC_SOP_250,1
safety,QC_SOP_251,1
engineering,QC_SOP_251,1
documents,QC_SOP_251,1
capacity,QC_SOP_251,1
qualified,QC_SOP_251,1
traceable,QC_SOP_251,1
calibration,QC_SOP_251,1
acceptance,QC_SOP_251,1
requirement,QC_SOP_251,1
procurement,QC_SOP_251,1
integrity,QC_SOP_251,1
design,QC_SOP_251,1
materials,QC_SOP_251,1
annex,QC_SOP_251,1
equipment,QC_SOP_251,1
meets,QC_SOP_251,1
prior,QC_SOP_251,1
identify,QC_SOP_251,1
complete,QC_SOP_251,1
development,QC_SOP_251,1
scope,QC_SOP_251,1
approved,QC_SOP_251,1
define,QC_SOP_251,1
procedure,QC_SOP_251,1
title,QC_SOP_251,1
process,QC_SOP_251,1
specification,QC_SOP_251,1
include,QC_SOP_251,1
qualification,QC_SOP_251,1
purpose,QC_SOP_251,1
maintenance,QC_SOP_251,1
operational,QC_SOP_251,1
criteria,QC_SOP_251,1
regulatory,QC_SOP_251,1
stakeholders,QC_SOP_251,1
intended,QC_SOP_251,1
functional,QC_SOP_251,1
requirements,QC_SOP_251,1
manufacturing,QC_SOP_251,1
ensure,QC_SOP_251,1
approve,QC_SOP_251,1
references,QC_SOP_251,1
unambiguous,QC_SOP_251,1
review,QC_SOP_251,1
needs,QC_SOP_251,1
construction,QC_SOP_251,1
acceptance,QC_SOP_252,1
identified,QC_SOP_252,1
control,QC_SOP_252,1
assess,QC_SOP_252,1
mitigation,QC_SOP_252,1
design,QC_SOP_252,1
materials,QC_SOP_252,1
matrix,QC_SOP_252,1
annex,QC_SOP_252,1
equipment,QC_SOP_252,1
meets,QC_SOP_252,1
proposed,QC_SOP_252,1
prior,QC_SOP_252,1
purchase,QC_SOP_252,1
scope,QC_SOP_252,1
approved,QC_SOP_252,1
specifications,QC_SOP_252,1
procedure,QC_SOP_252,1
systems,QC_SOP_252,1
title,QC_SOP_252,1
measures,QC_SOP_252,1
installation,QC_SOP_252,1
risks,QC_SOP_252,1
linking,QC_SOP_252,1
qualification,QC_SOP_252,1
against,QC_SOP_252,1
compliance,QC_SOP_252,1
purpose,QC_SOP_252,1
document,QC_SOP_252,1
criteria,QC_SOP_252,1
regulatory,QC_SOP_252,1
evaluate,QC_SOP_252,1
mitigated,QC_SOP_252,1
utilities,QC_SOP_252,1
report,QC_SOP_252,1
requirements,QC_SOP_252,1
traceability,QC_SOP_252,1
verify,QC_SOP_252,1
approve,QC_SOP_252,1
references,QC_SOP_252,1
review,QC_SOP_252,1
vendor,QC_SOP_252,1
recommendations,QC_SOP_253,1
calibration,QC_SOP_253,1
acceptance,QC_SOP_253,1
required,QC_SOP_253,1
within,QC_SOP_253,1
compile,QC_SOP_253,1
design,QC_SOP_253,1
instruments,QC_SOP_253,1
annex,QC_SOP_253,1
equipment,QC_SOP_253,1
location,QC_SOP_253,1
power,QC_SOP_253,1
complete,QC_SOP_253,1
certificates,QC_SOP_253,1
scope,QC_SOP_253,1
specifications,QC_SOP_253,1
components,QC_SOP_253,1
connections,QC_SOP_253,1
procedure,QC_SOP_253,1
identification,QC_SOP_253,1
status,QC_SOP_253,1
title,QC_SOP_253,1
installation,QC_SOP_253,1
specification,QC_SOP_253,1
record,QC_SOP_253,1
relocated,QC_SOP_253,1
packing,QC_SOP_253,1
water,QC_SOP_253,1
deviations,QC_SOP_253,1
qualification,QC_SOP_253,1
against,QC_SOP_253,1
gases,QC_SOP_253,1
purpose,QC_SOP_253,1
ranges,QC_SOP_253,1
manufacturer,QC_SOP_253,1
criteria,QC_SOP_253,1
report,QC_SOP_253,1
utilities,QC_SOP_253,1
manuals,QC_SOP_253,1
installed,QC_SOP_253,1
check,QC_SOP_253,1
verify,QC_SOP_253,1
according,QC_SOP_253,1
references,QC_SOP_253,1
review,QC_SOP_253,1
resolutions,QC_SOP_253,1
documentation,QC_SOP_253,1
drawings,QC_SOP_253,1
acceptance,QC_SOP_254,1
setpoints,QC_SOP_254,1
within,QC_SOP_254,1
control,QC_SOP_254,1
analytical,QC_SOP_254,1
specified,QC_SOP_254,1
scripts,QC_SOP_254,1
challenge,QC_SOP_254,1
annex,QC_SOP_254,1
equipment,QC_SOP_254,1
alarms,QC_SOP_254,1
interlocks,QC_SOP_254,1
maximum,QC_SOP_254,1
functions,QC_SOP_254,1
execute,QC_SOP_254,1
scope,QC_SOP_254,1
parameters,QC_SOP_254,1
operating,QC_SOP_254,1
unresolved,QC_SOP_254,1
procedure,QC_SOP_254,1
define,QC_SOP_254,1
covering,QC_SOP_254,1
operate,QC_SOP_254,1
operates,QC_SOP_254,1
title,QC_SOP_254,1
process,QC_SOP_254,1
conditions,QC_SOP_254,1
record,QC_SOP_254,1
across,QC_SOP_254,1
deviations,QC_SOP_254,1
demonstrate,QC_SOP_254,1
nominal,QC_SOP_254,1
qualification,QC_SOP_254,1
defined,QC_SOP_254,1
ranges,QC_SOP_254,1
purpose,QC_SOP_254,1
minimum,QC_SOP_254,1
operational,QC_SOP_254,1
trigger,QC_SOP_254,1
results,QC_SOP_254,1
outcomes,QC_SOP_254,1
critical,QC_SOP_254,1
summarize,QC_SOP_254,1
criteria,QC_SOP_254,1
limits,QC_SOP_254,1
report,QC_SOP_254,1
intended,QC_SOP_254,1
references,QC_SOP_254,1
consistency,QC_SOP_255,1
acceptance,QC_SOP_255,1
batches,QC_SOP_255,1
predefined,QC_SOP_255,1
within,QC_SOP_255,1
compare,QC_SOP_255,1
performance,QC_SOP_255,1
three,QC_SOP_255,1
consecutive,QC_SOP_255,1
annex,QC_SOP_255,1
least,QC_SOP_255,1
equipment,QC_SOP_255,1
testing,QC_SOP_255,1
attributes,QC_SOP_255,1
scope,QC_SOP_255,1
parameters,QC_SOP_255,1
obtain,QC_SOP_255,1
performs,QC_SOP_255,1
consistently,QC_SOP_255,1
procedure,QC_SOP_255,1
title,QC_SOP_255,1
process,QC_SOP_255,1
conditions,QC_SOP_255,1
collect,QC_SOP_255,1
variability,QC_SOP_255,1
deviations,QC_SOP_255,1
qualification,QC_SOP_255,1
against,QC_SOP_255,1
monitor,QC_SOP_255,1
under,QC_SOP_255,1
purpose,QC_SOP_255,1
quality,QC_SOP_255,1
document,QC_SOP_255,1
results,QC_SOP_255,1
production,QC_SOP_255,1
routine,QC_SOP_255,1
critical,QC_SOP_255,1
criteria,QC_SOP_255,1
limits,QC_SOP_255,1
report,QC_SOP_255,1
confirm,QC_SOP_255,1
manufacturing,QC_SOP_255,1
approval,QC_SOP_255,1
references,QC_SOP_255,1
analyze,QC_SOP_255,1
established,QC_SOP_255,1
normal,QC_SOP_255,1
records,QC_SOP_256,1
traceable,QC_SOP_256,1
maintain,QC_SOP_256,1
qualified,QC_SOP_256,1
calibration,QC_SOP_256,1
acceptance,QC_SOP_256,1
within,QC_SOP_256,1
specified,QC_SOP_256,1
tolerance,QC_SOP_256,1
instruments,QC_SOP_256,1
through,QC_SOP_256,1
equipment,QC_SOP_256,1
maintained,QC_SOP_256,1
scope,QC_SOP_256,1
based,QC_SOP_256,1
management,QC_SOP_256,1
accuracy,QC_SOP_256,1
procedure,QC_SOP_256,1
title,QC_SOP_256,1
associated,QC_SOP_256,1
as-found,QC_SOP_256,1
overdue,QC_SOP_256,1
conditions,QC_SOP_256,1
using,QC_SOP_256,1
record,QC_SOP_256,1
as-left,QC_SOP_256,1
qualification,QC_SOP_256,1
guidance,QC_SOP_256,1
calibrations,QC_SOP_256,1
purpose,QC_SOP_256,1
adjust,QC_SOP_256,1
manufacturer,QC_SOP_256,1
perform,QC_SOP_256,1
standards,QC_SOP_256,1
critical,QC_SOP_256,1
criteria,QC_SOP_256,1
establish,QC_SOP_256,1
traceability,QC_SOP_256,1
ensure,QC_SOP_256,1
references,QC_SOP_256,1
labels,QC_SOP_256,1
schedule,QC_SOP_256,1
measuring,QC_SOP_256,1
recommendations,QC_SOP_257,1
maintain,QC_SOP_257,1
qualified,QC_SOP_257,1
acceptance,QC_SOP_257,1
preventive,QC_SOP_257,1
post-maintenance,QC_SOP_257,1
performance,QC_SOP_257,1
reliability,QC_SOP_257,1
logbook,QC_SOP_257,1
inspections,QC_SOP_257,1
equipment,QC_SOP_257,1
lubrication,QC_SOP_257,1
program,QC_SOP_257,1
scope,QC_SOP_257,1
failures,QC_SOP_257,1
procedure,QC_SOP_257,1
adherence,QC_SOP_257,1
title,QC_SOP_257,1
replacements,QC_SOP_257,1
record,QC_SOP_257,1
qualification,QC_SOP_257,1
maintenance,QC_SOP_257,1
purpose,QC_SOP_257,1
manufacturer,QC_SOP_257,1
history,QC_SOP_257,1
perform,QC_SOP_257,1
routine,QC_SOP_257,1
criteria,QC_SOP_257,1
critical,QC_SOP_257,1
develop,QC_SOP_257,1
verify,QC_SOP_257,1
activities,QC_SOP_257,1
update,QC_SOP_257,1
missed,QC_SOP_257,1
references,QC_SOP_257,1
schedule,QC_SOP_257,1
modifications,QC_SOP_258,1
before,QC_SOP_258,1
qualified,QC_SOP_258,1
initiate,QC_SOP_258,1
required,QC_SOP_258,1
acceptance,QC_SOP_258,1
control,QC_SOP_258,1
assess,QC_SOP_258,1
requalification,QC_SOP_258,1
partial,QC_SOP_258,1
release,QC_SOP_258,1
changes,QC_SOP_258,1
impact,QC_SOP_258,1
detailed,QC_SOP_258,1
manage,QC_SOP_258,1
equipment,QC_SOP_258,1
meets,QC_SOP_258,1
prior,QC_SOP_258,1
testing,QC_SOP_258,1
request,QC_SOP_258,1
execute,QC_SOP_258,1
state,QC_SOP_258,1
scope,QC_SOP_258,1
approved,QC_SOP_258,1
software,QC_SOP_258,1
obtain,QC_SOP_258,1
procedure,QC_SOP_258,1
description,QC_SOP_258,1
define,QC_SOP_258,1
title,QC_SOP_258,1
change,QC_SOP_258,1
validated,QC_SOP_258,1
qualification,QC_SOP_258,1
implementation,QC_SOP_258,1
purpose,QC_SOP_258,1
perform,QC_SOP_258,1
criteria,QC_SOP_258,1
utilities,QC_SOP_258,1
updated,QC_SOP_258,1
requirements,QC_SOP_258,1
approval,QC_SOP_258,1
references,QC_SOP_258,1
update,QC_SOP_258,1
documentation,QC_SOP_258,1
assessment,QC_SOP_258,1
successful,QC_SOP_259,1
actions,QC_SOP_259,1
acceptance,QC_SOP_259,1
integrity,QC_SOP_259,1
trails,QC_SOP_259,1
audit,QC_SOP_259,1
equipment,QC_SOP_259,1
compliant,QC_SOP_259,1
validate,QC_SOP_259,1
enable,QC_SOP_259,1
scope,QC_SOP_259,1
enabled,QC_SOP_259,1
principles,QC_SOP_259,1
unique,QC_SOP_259,1
procedure,QC_SOP_259,1
recovery,QC_SOP_259,1
systems,QC_SOP_259,1
system,QC_SOP_259,1
title,QC_SOP_259,1
associated,QC_SOP_259,1
backup,QC_SOP_259,1
electronic,QC_SOP_259,1
validation,QC_SOP_259,1
qualification,QC_SOP_259,1
where,QC_SOP_259,1
compliance,QC_SOP_259,1
purpose,QC_SOP_259,1
applicable,QC_SOP_259,1
generated,QC_SOP_259,1
document,QC_SOP_259,1
critical,QC_SOP_259,1
criteria,QC_SOP_259,1
alcoa,QC_SOP_259,1
signatures,QC_SOP_259,1
controls,QC_SOP_259,1
access,QC_SOP_259,1
reliable,QC_SOP_259,1
ensure,QC_SOP_259,1
verify,QC_SOP_259,1
tests,QC_SOP_259,1
procedures,QC_SOP_259,1
references,QC_SOP_259,1
review,QC_SOP_259,1
computerized,QC_SOP_259,1
during,QC_SOP_260,1
rejection,QC_SOP_260,1
encountered,QC_SOP_260,1
actions,QC_SOP_260,1
required,QC_SOP_260,1
acceptance,QC_SOP_260,1
result,QC_SOP_260,1
outcome,QC_SOP_260,1
performance,QC_SOP_260,1
assess,QC_SOP_260,1
impact,QC_SOP_260,1
manage,QC_SOP_260,1
equipment,QC_SOP_260,1
including,QC_SOP_260,1
protocols,QC_SOP_260,1
justification,QC_SOP_260,1
scope,QC_SOP_260,1
observed,QC_SOP_260,1
unresolved,QC_SOP_260,1
obtain,QC_SOP_260,1
procedure,QC_SOP_260,1
define,QC_SOP_260,1
title,QC_SOP_260,1
justified,QC_SOP_260,1
record,QC_SOP_260,1
documented,QC_SOP_260,1
deviations,QC_SOP_260,1
resolution,QC_SOP_260,1
qualification,QC_SOP_260,1
purpose,QC_SOP_260,1
handling,QC_SOP_260,1
document,QC_SOP_260,1
critical,QC_SOP_260,1
criteria,QC_SOP_260,1
assessed,QC_SOP_260,1
deviation,QC_SOP_260,1
details,QC_SOP_260,1
reports,QC_SOP_260,1
approval,QC_SOP_260,1
corrective,QC_SOP_260,1
activities,QC_SOP_260,1
references,QC_SOP_260,1
resolved,QC_SOP_260,1
re-testing,QC_SOP_260,1
closure,QC_SOP_260,1
sanitization,QC_SOP_261,1
cycles,QC_SOP_261,1
acceptance,QC_SOP_261,1
connected,QC_SOP_261,1
setpoints,QC_SOP_261,1
clean,QC_SOP_261,1
injection,QC_SOP_261,1
within,QC_SOP_261,1
steam,QC_SOP_261,1
instruments,QC_SOP_261,1
materials,QC_SOP_261,1
endotoxin,QC_SOP_261,1
annex,QC_SOP_261,1
microbiological,QC_SOP_261,1
including,QC_SOP_261,1
equipment,QC_SOP_261,1
adverse,QC_SOP_261,1
pharmacopeial,QC_SOP_261,1
temperature,QC_SOP_261,1
attributes,QC_SOP_261,1
execute,QC_SOP_261,1
scope,QC_SOP_261,1
parameters,QC_SOP_261,1
sampling,QC_SOP_261,1
alarm,QC_SOP_261,1
qualify,QC_SOP_261,1
procedure,QC_SOP_261,1
define,QC_SOP_261,1
systems,QC_SOP_261,1
conduct,QC_SOP_261,1
title,QC_SOP_261,1
conductivity,QC_SOP_261,1
trend,QC_SOP_261,1
installation,QC_SOP_261,1
trends,QC_SOP_261,1
checks,QC_SOP_261,1
water,QC_SOP_261,1
qualification,QC_SOP_261,1
compliance,QC_SOP_261,1
ranges,QC_SOP_261,1
purpose,QC_SOP_261,1
quality,QC_SOP_261,1
chemical,QC_SOP_261,1
consistent,QC_SOP_261,1
perform,QC_SOP_261,1
standards,QC_SOP_261,1
document,QC_SOP_261,1
piping,QC_SOP_261,1
critical,QC_SOP_261,1
purified,QC_SOP_261,1
routine,QC_SOP_261,1
utility,QC_SOP_261,1
report,QC_SOP_261,1
utilities,QC_SOP_261,1
supplying,QC_SOP_261,1
points,QC_SOP_261,1
criteria,QC_SOP_261,1
manufacturing,QC_SOP_261,1
slopes,QC_SOP_261,1
ensure,QC_SOP_261,1
verify,QC_SOP_261,1
references,QC_SOP_261,1
bioburden,QC_SOP_261,1
pressure,QC_SOP_261,1
during,QC_SOP_262,1
probes,QC_SOP_262,1
required,QC_SOP_262,1
acceptance,QC_SOP_262,1
within,QC_SOP_262,1
beyond,QC_SOP_262,1
refrigerators,QC_SOP_262,1
center,QC_SOP_262,1
freezers,QC_SOP_262,1
calibrated,QC_SOP_262,1
mapping,QC_SOP_262,1
equipment,QC_SOP_262,1
uniform,QC_SOP_262,1
representative,QC_SOP_262,1
temperature,QC_SOP_262,1
scope,QC_SOP_262,1
incubators,QC_SOP_262,1
operating,QC_SOP_262,1
alarm,QC_SOP_262,1
procedure,QC_SOP_262,1
empty,QC_SOP_262,1
locations,QC_SOP_262,1
title,QC_SOP_262,1
record,QC_SOP_262,1
distribution,QC_SOP_262,1
loaded,QC_SOP_262,1
demonstrate,QC_SOP_262,1
storage,QC_SOP_262,1
qualification,QC_SOP_262,1
analyze,QC_SOP_262,1
settings,QC_SOP_262,1
ranges,QC_SOP_262,1
purpose,QC_SOP_262,1
excursions,QC_SOP_262,1
spots,QC_SOP_262,1
adjust,QC_SOP_262,1
document,QC_SOP_262,1
worst-case,QC_SOP_262,1
limits,QC_SOP_262,1
corners,QC_SOP_262,1
hours,QC_SOP_262,1
criteria,QC_SOP_262,1
report,QC_SOP_262,1
manufacturing,QC_SOP_262,1
place,QC_SOP_262,1
uniformity,QC_SOP_262,1
study,QC_SOP_262,1
continuous,QC_SOP_262,1
references,QC_SOP_262,1
controlled,QC_SOP_262,1
ovens,QC_SOP_262,1
identify,QC_SOP_262,1
acceptance,QC_SOP_263,1
challenges,QC_SOP_263,1
applications,QC_SOP_263,1
content,QC_SOP_263,1
class,QC_SOP_263,1
annex,QC_SOP_263,1
microbiological,QC_SOP_263,1
including,QC_SOP_263,1
equipment,QC_SOP_263,1
meets,QC_SOP_263,1
execute,QC_SOP_263,1
scope,QC_SOP_263,1
sampling,QC_SOP_263,1
alarm,QC_SOP_263,1
procedure,QC_SOP_263,1
define,QC_SOP_263,1
systems,QC_SOP_263,1
conduct,QC_SOP_263,1
system,QC_SOP_263,1
microbial,QC_SOP_263,1
title,QC_SOP_263,1
particulate,QC_SOP_263,1
trend,QC_SOP_263,1
distribution,QC_SOP_263,1
particle,QC_SOP_263,1
checks,QC_SOP_263,1
water,QC_SOP_263,1
qualification,QC_SOP_263,1
compressed,QC_SOP_263,1
product-contact,QC_SOP_263,1
purpose,QC_SOP_263,1
quality,QC_SOP_263,1
perform,QC_SOP_263,1
results,QC_SOP_263,1
piping,QC_SOP_263,1
limits,QC_SOP_263,1
criteria,QC_SOP_263,1
critical,QC_SOP_263,1
filtration,QC_SOP_263,1
supplying,QC_SOP_263,1
particles,QC_SOP_263,1
points,QC_SOP_263,1
classes,QC_SOP_263,1
manufacturing,QC_SOP_263,1
dryers,QC_SOP_263,1
ensure,QC_SOP_263,1
verify,QC_SOP_263,1
particulates,QC_SOP_263,1
approve,QC_SOP_263,1
references,QC_SOP_263,1
count,QC_SOP_263,1
pressure,QC_SOP_263,1
safety,QC_SOP_264,1
documents,QC_SOP_264,1
acceptance,QC_SOP_264,1
setpoints,QC_SOP_264,1
interlock,QC_SOP_264,1
tolerance,QC_SOP_264,1
design,QC_SOP_264,1
challenge,QC_SOP_264,1
annex,QC_SOP_264,1
simulate,QC_SOP_264,1
audible,QC_SOP_264,1
equipment,QC_SOP_264,1
alarms,QC_SOP_264,1
laboratory,QC_SOP_264,1
testing,QC_SOP_264,1
responses,QC_SOP_264,1
interlocks,QC_SOP_264,1
scope,QC_SOP_264,1
alarm,QC_SOP_264,1
procedure,QC_SOP_264,1
response,QC_SOP_264,1
system,QC_SOP_264,1
title,QC_SOP_264,1
shutdown,QC_SOP_264,1
process,QC_SOP_264,1
conditions,QC_SOP_264,1
record,QC_SOP_264,1
deviations,QC_SOP_264,1
out-of-range,QC_SOP_264,1
qualification,QC_SOP_264,1
defined,QC_SOP_264,1
visual,QC_SOP_264,1
purpose,QC_SOP_264,1
reset,QC_SOP_264,1
trigger,QC_SOP_264,1
document,QC_SOP_264,1
results,QC_SOP_264,1
designed,QC_SOP_264,1
critical,QC_SOP_264,1
criteria,QC_SOP_264,1
points,QC_SOP_264,1
verify,QC_SOP_264,1
references,QC_SOP_264,1
functionality,QC_SOP_264,1
identify,QC_SOP_264,1
successful,QC_SOP_265,1
permissions,QC_SOP_265,1
maintain,QC_SOP_265,1
acceptance,QC_SOP_265,1
control,QC_SOP_265,1
restrict,QC_SOP_265,1
role-based,QC_SOP_265,1
changes,QC_SOP_265,1
available,QC_SOP_265,1
audit,QC_SOP_265,1
equipment,QC_SOP_265,1
testing,QC_SOP_265,1
complete,QC_SOP_265,1
maintained,QC_SOP_265,1
trail,QC_SOP_265,1
state,QC_SOP_265,1
scope,QC_SOP_265,1
software,QC_SOP_265,1
management,QC_SOP_265,1
scada,QC_SOP_265,1
procedure,QC_SOP_265,1
define,QC_SOP_265,1
title,QC_SOP_265,1
unauthorized,QC_SOP_265,1
change,QC_SOP_265,1
validated,QC_SOP_265,1
record,QC_SOP_265,1
qualification,QC_SOP_265,1
version,QC_SOP_265,1
purpose,QC_SOP_265,1
after,QC_SOP_265,1
perform,QC_SOP_265,1
criteria,QC_SOP_265,1
regression,QC_SOP_265,1
configuration,QC_SOP_265,1
access,QC_SOP_265,1
baseline,QC_SOP_265,1
ensuring,QC_SOP_265,1
references,QC_SOP_265,1
backups,QC_SOP_265,1
embedded,QC_SOP_265,1
parts,QC_SOP_266,1
qualified,QC_SOP_266,1
required,QC_SOP_266,1
levels,QC_SOP_266,1
acceptance,QC_SOP_266,1
within,QC_SOP_266,1
performance,QC_SOP_266,1
store,QC_SOP_266,1
equipment,QC_SOP_266,1
spare,QC_SOP_266,1
requalify,QC_SOP_266,1
stock,QC_SOP_266,1
scope,QC_SOP_266,1
specifications,QC_SOP_266,1
management,QC_SOP_266,1
components,QC_SOP_266,1
qualify,QC_SOP_266,1
procedure,QC_SOP_266,1
define,QC_SOP_266,1
valves,QC_SOP_266,1
title,QC_SOP_266,1
conditions,QC_SOP_266,1
record,QC_SOP_266,1
checks,QC_SOP_266,1
qualification,QC_SOP_266,1
under,QC_SOP_266,1
purpose,QC_SOP_266,1
affecting,QC_SOP_266,1
minimum,QC_SOP_266,1
after,QC_SOP_266,1
suppliers,QC_SOP_266,1
availability,QC_SOP_266,1
sensors,QC_SOP_266,1
critical,QC_SOP_266,1
criteria,QC_SOP_266,1
limits,QC_SOP_266,1
replacement,QC_SOP_266,1
usage,QC_SOP_266,1
linkage,QC_SOP_266,1
post-replacement,QC_SOP_266,1
traceability,QC_SOP_266,1
ensure,QC_SOP_266,1
verify,QC_SOP_266,1
references,QC_SOP_266,1
function,QC_SOP_266,1
controlled,QC_SOP_266,1
identify,QC_SOP_266,1
pumps,QC_SOP_266,1
stockouts,QC_SOP_266,1
during,QC_SOP_267,1
before,QC_SOP_267,1
acceptance,QC_SOP_267,1
samples,QC_SOP_267,1
following,QC_SOP_267,1
post-maintenance,QC_SOP_267,1
release,QC_SOP_267,1
annex,QC_SOP_267,1
equipment,QC_SOP_267,1
opened,QC_SOP_267,1
serviced,QC_SOP_267,1
counts,QC_SOP_267,1
scope,QC_SOP_267,1
residues,QC_SOP_267,1
procedure,QC_SOP_267,1
exposed,QC_SOP_267,1
conduct,QC_SOP_267,1
title,QC_SOP_267,1
surfaces,QC_SOP_267,1
microbial,QC_SOP_267,1
validated,QC_SOP_267,1
collect,QC_SOP_267,1
inspection,QC_SOP_267,1
cleanliness,QC_SOP_267,1
cleaning,QC_SOP_267,1
qualification,QC_SOP_267,1
service,QC_SOP_267,1
internal,QC_SOP_267,1
visual,QC_SOP_267,1
under,QC_SOP_267,1
purpose,QC_SOP_267,1
after,QC_SOP_267,1
maintenance,QC_SOP_267,1
where,QC_SOP_267,1
applicable,QC_SOP_267,1
chemical,QC_SOP_267,1
perform,QC_SOP_267,1
document,QC_SOP_267,1
results,QC_SOP_267,1
lighting,QC_SOP_267,1
criteria,QC_SOP_267,1
limits,QC_SOP_267,1
confirm,QC_SOP_267,1
contamination,QC_SOP_267,1
verification,QC_SOP_267,1
residue,QC_SOP_267,1
visible,QC_SOP_267,1
activities,QC_SOP_267,1
references,QC_SOP_267,1
analyze,QC_SOP_267,1
below,QC_SOP_267,1
returning,QC_SOP_267,1
stricter,QC_SOP_267,1
during,QC_SOP_268,1
cutover,QC_SOP_268,1
maintain,QC_SOP_268,1
actions,QC_SOP_268,1
acceptance,QC_SOP_268,1
connected,QC_SOP_268,1
within,QC_SOP_268,1
continuity,QC_SOP_268,1
annex,QC_SOP_268,1
simulate,QC_SOP_268,1
failure,QC_SOP_268,1
equipment,QC_SOP_268,1
power,QC_SOP_268,1
scope,QC_SOP_268,1
parameters,QC_SOP_268,1
failures,QC_SOP_268,1
downtime,QC_SOP_268,1
procedure,QC_SOP_268,1
recovery,QC_SOP_268,1
systems,QC_SOP_268,1
system,QC_SOP_268,1
title,QC_SOP_268,1
backup,QC_SOP_268,1
seconds,QC_SOP_268,1
remain,QC_SOP_268,1
record,QC_SOP_268,1
validated,QC_SOP_268,1
water,QC_SOP_268,1
qualification,QC_SOP_268,1
redundant,QC_SOP_268,1
generator,QC_SOP_268,1
monitor,QC_SOP_268,1
failover,QC_SOP_268,1
purpose,QC_SOP_268,1
ranges,QC_SOP_268,1
chilled,QC_SOP_268,1
document,QC_SOP_268,1
transfer,QC_SOP_268,1
results,QC_SOP_268,1
primary,QC_SOP_268,1
critical,QC_SOP_268,1
criteria,QC_SOP_268,1
transition,QC_SOP_268,1
utility,QC_SOP_268,1
limits,QC_SOP_268,1
utilities,QC_SOP_268,1
verification,QC_SOP_268,1
ensure,QC_SOP_268,1
verify,QC_SOP_268,1
seamless,QC_SOP_268,1
corrective,QC_SOP_268,1
function,QC_SOP_268,1
references,QC_SOP_268,1
operation,QC_SOP_268,1
records,QC_SOP_269,1
scenarios,QC_SOP_269,1
maintain,QC_SOP_269,1
suitable,QC_SOP_269,1
calibration,QC_SOP_269,1
acceptance,QC_SOP_269,1
within,QC_SOP_269,1
analytical,QC_SOP_269,1
leveling,QC_SOP_269,1
weights,QC_SOP_269,1
tolerance,QC_SOP_269,1
equipment,QC_SOP_269,1
weighing,QC_SOP_269,1
accurate,QC_SOP_269,1
standard,QC_SOP_269,1
execute,QC_SOP_269,1
scope,QC_SOP_269,1
accuracy,QC_SOP_269,1
procedure,QC_SOP_269,1
daily,QC_SOP_269,1
conduct,QC_SOP_269,1
title,QC_SOP_269,1
repeatability,QC_SOP_269,1
installation,QC_SOP_269,1
balances,QC_SOP_269,1
top-loading,QC_SOP_269,1
using,QC_SOP_269,1
across,QC_SOP_269,1
checks,QC_SOP_269,1
implement,QC_SOP_269,1
qualification,QC_SOP_269,1
purpose,QC_SOP_269,1
range,QC_SOP_269,1
perform,QC_SOP_269,1
production,QC_SOP_269,1
routine,QC_SOP_269,1
criteria,QC_SOP_269,1
verification,QC_SOP_269,1
ensure,QC_SOP_269,1
references,QC_SOP_269,1
sample,QC_SOP_270,1
values,QC_SOP_270,1
maintain,QC_SOP_270,1
acceptance,QC_SOP_270,1
within,QC_SOP_270,1
electrode,QC_SOP_270,1
meters,QC_SOP_270,1
precision,QC_SOP_270,1
reliability,QC_SOP_270,1
calibrate,QC_SOP_270,1
least,QC_SOP_270,1
equipment,QC_SOP_270,1
laboratory,QC_SOP_270,1
testing,QC_SOP_270,1
scope,QC_SOP_270,1
accuracy,QC_SOP_270,1
procedure,QC_SOP_270,1
conduct,QC_SOP_270,1
title,QC_SOP_270,1
buffers,QC_SOP_270,1
installation,QC_SOP_270,1
using,QC_SOP_270,1
checks,QC_SOP_270,1
inspection,QC_SOP_270,1
offset,QC_SOP_270,1
environments,QC_SOP_270,1
qualification,QC_SOP_270,1
purpose,QC_SOP_270,1
perform,QC_SOP_270,1
bracketing,QC_SOP_270,1
document,QC_SOP_270,1
results,QC_SOP_270,1
criteria,QC_SOP_270,1
replicate,QC_SOP_270,1
verify,QC_SOP_270,1
references,QC_SOP_270,1
slope,QC_SOP_270,1
measurements,QC_SOP_270,1
acceptance,QC_SOP_271,1
samples,QC_SOP_271,1
analytical,QC_SOP_271,1
method,QC_SOP_271,1
modules,QC_SOP_271,1
including,QC_SOP_271,1
equipment,QC_SOP_271,1
testing,QC_SOP_271,1
execute,QC_SOP_271,1
scope,QC_SOP_271,1
accuracy,QC_SOP_271,1
procedure,QC_SOP_271,1
systems,QC_SOP_271,1
conduct,QC_SOP_271,1
proportioning,QC_SOP_271,1
gradient,QC_SOP_271,1
title,QC_SOP_271,1
system,QC_SOP_271,1
installation,QC_SOP_271,1
wavelength,QC_SOP_271,1
detector,QC_SOP_271,1
resolution,QC_SOP_271,1
qualification,QC_SOP_271,1
purpose,QC_SOP_271,1
reliably,QC_SOP_271,1
perform,QC_SOP_271,1
document,QC_SOP_271,1
tailing,QC_SOP_271,1
routine,QC_SOP_271,1
criteria,QC_SOP_271,1
suitability,QC_SOP_271,1
autosampler,QC_SOP_271,1
methods,QC_SOP_271,1
reports,QC_SOP_271,1
ensure,QC_SOP_271,1
verify,QC_SOP_271,1
uhplc,QC_SOP_271,1
tests,QC_SOP_271,1
references,QC_SOP_271,1
autoclaves,QC_SOP_272,1
during,QC_SOP_272,1
cycles,QC_SOP_272,1
acceptance,QC_SOP_272,1
within,QC_SOP_272,1
control,QC_SOP_272,1
performance,QC_SOP_272,1
steam,QC_SOP_272,1
minutes,QC_SOP_272,1
annex,QC_SOP_272,1
indicators,QC_SOP_272,1
including,QC_SOP_272,1
equipment,QC_SOP_272,1
mapping,QC_SOP_272,1
complete,QC_SOP_272,1
validate,QC_SOP_272,1
temperature,QC_SOP_272,1
execute,QC_SOP_272,1
value,QC_SOP_272,1
scope,QC_SOP_272,1
parameters,QC_SOP_272,1
procedure,QC_SOP_272,1
conduct,QC_SOP_272,1
title,QC_SOP_272,1
installation,QC_SOP_272,1
using,QC_SOP_272,1
validated,QC_SOP_272,1
stearothermophilus,QC_SOP_272,1
cycle,QC_SOP_272,1
qualification,QC_SOP_272,1
purpose,QC_SOP_272,1
configurations,QC_SOP_272,1
exposure,QC_SOP_272,1
perform,QC_SOP_272,1
document,QC_SOP_272,1
biological,QC_SOP_272,1
results,QC_SOP_272,1
geobacillus,QC_SOP_272,1
criteria,QC_SOP_272,1
utilities,QC_SOP_272,1
media,QC_SOP_272,1
sterilizers,QC_SOP_272,1
sterilization,QC_SOP_272,1
manufacturing,QC_SOP_272,1
tests,QC_SOP_272,1
verify,QC_SOP_272,1
approve,QC_SOP_272,1
uniformity,QC_SOP_272,1
references,QC_SOP_272,1
pressure,QC_SOP_272,1
maintain,QC_SOP_273,1
required,QC_SOP_273,1
stabilization,QC_SOP_273,1
acceptance,QC_SOP_273,1
setpoints,QC_SOP_273,1
growth,QC_SOP_273,1
impact,QC_SOP_273,1
minutes,QC_SOP_273,1
microbiological,QC_SOP_273,1
mapping,QC_SOP_273,1
equipment,QC_SOP_273,1
meets,QC_SOP_273,1
testing,QC_SOP_273,1
door-opening,QC_SOP_273,1
temperature,QC_SOP_273,1
incubators,QC_SOP_273,1
scope,QC_SOP_273,1
promotion,QC_SOP_273,1
alarm,QC_SOP_273,1
procedure,QC_SOP_273,1
recovery,QC_SOP_273,1
conduct,QC_SOP_273,1
microbial,QC_SOP_273,1
title,QC_SOP_273,1
conditions,QC_SOP_273,1
qualification,QC_SOP_273,1
purpose,QC_SOP_273,1
perform,QC_SOP_273,1
document,QC_SOP_273,1
criteria,QC_SOP_273,1
microbiology,QC_SOP_273,1
ensure,QC_SOP_273,1
verify,QC_SOP_273,1
tests,QC_SOP_273,1
uniformity,QC_SOP_273,1
references,QC_SOP_273,1
times,QC_SOP_273,1
sample,QC_SOP_274,1
acceptance,QC_SOP_274,1
samples,QC_SOP_274,1
compatibility,QC_SOP_274,1
vibration,QC_SOP_274,1
control,QC_SOP_274,1
performance,QC_SOP_274,1
excessive,QC_SOP_274,1
tachometer,QC_SOP_274,1
centrifuges,QC_SOP_274,1
equipment,QC_SOP_274,1
including,QC_SOP_274,1
representative,QC_SOP_274,1
validate,QC_SOP_274,1
temperature,QC_SOP_274,1
scope,QC_SOP_274,1
accuracy,QC_SOP_274,1
procedure,QC_SOP_274,1
title,QC_SOP_274,1
installation,QC_SOP_274,1
using,QC_SOP_274,1
across,QC_SOP_274,1
qualification,QC_SOP_274,1
purpose,QC_SOP_274,1
refrigerated,QC_SOP_274,1
range,QC_SOP_274,1
perform,QC_SOP_274,1
document,QC_SOP_274,1
results,QC_SOP_274,1
imbalance,QC_SOP_274,1
measure,QC_SOP_274,1
criteria,QC_SOP_274,1
rotor,QC_SOP_274,1
verify,QC_SOP_274,1
tests,QC_SOP_274,1
references,QC_SOP_274,1
preparation,QC_SOP_274,1
measurement,QC_SOP_275,1
acceptance,QC_SOP_275,1
samples,QC_SOP_275,1
within,QC_SOP_275,1
analyzers,QC_SOP_275,1
precision,QC_SOP_275,1
calibrate,QC_SOP_275,1
equipment,QC_SOP_275,1
accurate,QC_SOP_275,1
scope,QC_SOP_275,1
certified,QC_SOP_275,1
provide,QC_SOP_275,1
accuracy,QC_SOP_275,1
procedure,QC_SOP_275,1
recovery,QC_SOP_275,1
conduct,QC_SOP_275,1
system,QC_SOP_275,1
title,QC_SOP_275,1
installation,QC_SOP_275,1
using,QC_SOP_275,1
across,QC_SOP_275,1
checks,QC_SOP_275,1
validation,QC_SOP_275,1
water,QC_SOP_275,1
cleaning,QC_SOP_275,1
qualification,QC_SOP_275,1
purpose,QC_SOP_275,1
range,QC_SOP_275,1
quality,QC_SOP_275,1
perform,QC_SOP_275,1
document,QC_SOP_275,1
standards,QC_SOP_275,1
criteria,QC_SOP_275,1
suitability,QC_SOP_275,1
verification,QC_SOP_275,1
ensure,QC_SOP_275,1
verify,QC_SOP_275,1
tests,QC_SOP_275,1
references,QC_SOP_275,1
reagent,QC_SOP_275,1
spiked,QC_SOP_275,1
noise,QC_SOP_276,1
records,QC_SOP_276,1
sample,QC_SOP_276,1
maintain,QC_SOP_276,1
calibration,QC_SOP_276,1
light,QC_SOP_276,1
reference,QC_SOP_276,1
acceptance,QC_SOP_276,1
analytical,QC_SOP_276,1
assess,QC_SOP_276,1
oxide,QC_SOP_276,1
stray,QC_SOP_276,1
materials,QC_SOP_276,1
including,QC_SOP_276,1
equipment,QC_SOP_276,1
accurate,QC_SOP_276,1
power,QC_SOP_276,1
analysis,QC_SOP_276,1
testing,QC_SOP_276,1
photometric,QC_SOP_276,1
execute,QC_SOP_276,1
spectrophotometers,QC_SOP_276,1
scope,QC_SOP_276,1
certified,QC_SOP_276,1
provide,QC_SOP_276,1
accuracy,QC_SOP_276,1
procedure,QC_SOP_276,1
supply,QC_SOP_276,1
conduct,QC_SOP_276,1
appropriate,QC_SOP_276,1
title,QC_SOP_276,1
installation,QC_SOP_276,1
using,QC_SOP_276,1
wavelength,QC_SOP_276,1
qualification,QC_SOP_276,1
analyses,QC_SOP_276,1
purpose,QC_SOP_276,1
perform,QC_SOP_276,1
document,QC_SOP_276,1
standards,QC_SOP_276,1
results,QC_SOP_276,1
absorbance,QC_SOP_276,1
routine,QC_SOP_276,1
uv-vis,QC_SOP_276,1
replicate,QC_SOP_276,1
criteria,QC_SOP_276,1
filter,QC_SOP_276,1
baseline,QC_SOP_276,1
readings,QC_SOP_276,1
holmium,QC_SOP_276,1
reliable,QC_SOP_276,1
ensure,QC_SOP_276,1
verify,QC_SOP_276,1
references,QC_SOP_276,1
measurements,QC_SOP_276,1
documentation,QC_SOP_276,1
alignment,QC_SOP_277,1
calibration,QC_SOP_277,1
dissolution,QC_SOP_277,1
shaft,QC_SOP_277,1
reference,QC_SOP_277,1
acceptance,QC_SOP_277,1
within,QC_SOP_277,1
compare,QC_SOP_277,1
performance,QC_SOP_277,1
solid,QC_SOP_277,1
rotation,QC_SOP_277,1
medium,QC_SOP_277,1
dosage,QC_SOP_277,1
including,QC_SOP_277,1
equipment,QC_SOP_277,1
mapping,QC_SOP_277,1
testing,QC_SOP_277,1
temperature,QC_SOP_277,1
execute,QC_SOP_277,1
scope,QC_SOP_277,1
accuracy,QC_SOP_277,1
procedure,QC_SOP_277,1
basket,QC_SOP_277,1
systems,QC_SOP_277,1
conduct,QC_SOP_277,1
title,QC_SOP_277,1
mechanical,QC_SOP_277,1
using,QC_SOP_277,1
speed,QC_SOP_277,1
record,QC_SOP_277,1
profiles,QC_SOP_277,1
qualification,QC_SOP_277,1
ranges,QC_SOP_277,1
purpose,QC_SOP_277,1
forms,QC_SOP_277,1
perform,QC_SOP_277,1
document,QC_SOP_277,1
tablets,QC_SOP_277,1
dimensions,QC_SOP_277,1
results,QC_SOP_277,1
routine,QC_SOP_277,1
criteria,QC_SOP_277,1
apparatus,QC_SOP_277,1
verification,QC_SOP_277,1
verify,QC_SOP_277,1
approve,QC_SOP_277,1
references,QC_SOP_277,1
paddle,QC_SOP_277,1
acceptance,QC_SOP_278,1
determination,QC_SOP_278,1
samples,QC_SOP_278,1
content,QC_SOP_278,1
compatibility,QC_SOP_278,1
within,QC_SOP_278,1
precision,QC_SOP_278,1
drift,QC_SOP_278,1
calibrate,QC_SOP_278,1
including,QC_SOP_278,1
equipment,QC_SOP_278,1
accurate,QC_SOP_278,1
standard,QC_SOP_278,1
scope,QC_SOP_278,1
certified,QC_SOP_278,1
accuracy,QC_SOP_278,1
procedure,QC_SOP_278,1
coulometric,QC_SOP_278,1
system,QC_SOP_278,1
title,QC_SOP_278,1
installation,QC_SOP_278,1
using,QC_SOP_278,1
water,QC_SOP_278,1
qualification,QC_SOP_278,1
purpose,QC_SOP_278,1
perform,QC_SOP_278,1
document,QC_SOP_278,1
standards,QC_SOP_278,1
results,QC_SOP_278,1
criteria,QC_SOP_278,1
suitability,QC_SOP_278,1
titrators,QC_SOP_278,1
titration,QC_SOP_278,1
replicate,QC_SOP_278,1
fischer,QC_SOP_278,1
ensure,QC_SOP_278,1
verify,QC_SOP_278,1
tests,QC_SOP_278,1
approve,QC_SOP_278,1
references,QC_SOP_278,1
analyze,QC_SOP_278,1
volumetric,QC_SOP_278,1
reagent,QC_SOP_278,1
assessment,QC_SOP_278,1
acceptance,QC_SOP_279,1
samples,QC_SOP_279,1
volatile,QC_SOP_279,1
performance,QC_SOP_279,1
instruments,QC_SOP_279,1
chromatography,QC_SOP_279,1
including,QC_SOP_279,1
equipment,QC_SOP_279,1
analysis,QC_SOP_279,1
temperature,QC_SOP_279,1
standard,QC_SOP_279,1
execute,QC_SOP_279,1
scope,QC_SOP_279,1
connections,QC_SOP_279,1
procedure,QC_SOP_279,1
accuracy,QC_SOP_279,1
systems,QC_SOP_279,1
conduct,QC_SOP_279,1
response,QC_SOP_279,1
system,QC_SOP_279,1
title,QC_SOP_279,1
installation,QC_SOP_279,1
using,QC_SOP_279,1
detector,QC_SOP_279,1
resolution,QC_SOP_279,1
qualification,QC_SOP_279,1
compound,QC_SOP_279,1
purpose,QC_SOP_279,1
mixtures,QC_SOP_279,1
perform,QC_SOP_279,1
document,QC_SOP_279,1
results,QC_SOP_279,1
laboratories,QC_SOP_279,1
routine,QC_SOP_279,1
criteria,QC_SOP_279,1
suitability,QC_SOP_279,1
confirm,QC_SOP_279,1
verify,QC_SOP_279,1
tests,QC_SOP_279,1
approve,QC_SOP_279,1
references,QC_SOP_279,1
calibration,QC_SOP_280,1
acceptance,QC_SOP_280,1
hepa-filtered,QC_SOP_280,1
cleanroom,QC_SOP_280,1
instruments,QC_SOP_280,1
equipment,QC_SOP_280,1
scope,QC_SOP_280,1
aerosols,QC_SOP_280,1
monitoring,QC_SOP_280,1
accuracy,QC_SOP_280,1
procedure,QC_SOP_280,1
status,QC_SOP_280,1
efficiency,QC_SOP_280,1
conduct,QC_SOP_280,1
title,QC_SOP_280,1
installation,QC_SOP_280,1
using,QC_SOP_280,1
counters,QC_SOP_280,1
particle,QC_SOP_280,1
qualification,QC_SOP_280,1
purpose,QC_SOP_280,1
counting,QC_SOP_280,1
perform,QC_SOP_280,1
document,QC_SOP_280,1
results,QC_SOP_280,1
criteria,QC_SOP_280,1
verification,QC_SOP_280,1
non-viable,QC_SOP_280,1
ensure,QC_SOP_280,1
verify,QC_SOP_280,1
references,QC_SOP_280,1
count,QC_SOP_280,1
autoclaves,QC_SOP_281,1
autoclave,QC_SOP_281,1
probes,QC_SOP_281,1
acceptance,QC_SOP_281,1
within,QC_SOP_281,1
effectiveness,QC_SOP_281,1
annex,QC_SOP_281,1
indicators,QC_SOP_281,1
equipment,QC_SOP_281,1
complete,QC_SOP_281,1
validate,QC_SOP_281,1
temperature,QC_SOP_281,1
scope,QC_SOP_281,1
different,QC_SOP_281,1
procedure,QC_SOP_281,1
define,QC_SOP_281,1
title,QC_SOP_281,1
types,QC_SOP_281,1
cycle,QC_SOP_281,1
qualification,QC_SOP_281,1
purpose,QC_SOP_281,1
configurations,QC_SOP_281,1
patterns,QC_SOP_281,1
results,QC_SOP_281,1
biological,QC_SOP_281,1
worst-case,QC_SOP_281,1
document,QC_SOP_281,1
criteria,QC_SOP_281,1
achieved,QC_SOP_281,1
sterilization,QC_SOP_281,1
place,QC_SOP_281,1
uniformity,QC_SOP_281,1
references,QC_SOP_281,1
analyze,QC_SOP_281,1
hoods,QC_SOP_282,1
acceptance,QC_SOP_282,1
performance,QC_SOP_282,1
integrity,QC_SOP_282,1
viable,QC_SOP_282,1
annex,QC_SOP_282,1
airflow,QC_SOP_282,1
equipment,QC_SOP_282,1
testing,QC_SOP_282,1
execute,QC_SOP_282,1
scope,QC_SOP_282,1
cabinets,QC_SOP_282,1
monitoring,QC_SOP_282,1
laminar,QC_SOP_282,1
procedure,QC_SOP_282,1
conduct,QC_SOP_282,1
title,QC_SOP_282,1
leakage,QC_SOP_282,1
across,QC_SOP_282,1
unidirectional,QC_SOP_282,1
particle,QC_SOP_282,1
studies,QC_SOP_282,1
qualification,QC_SOP_282,1
purpose,QC_SOP_282,1
aseptic,QC_SOP_282,1
perform,QC_SOP_282,1
document,QC_SOP_282,1
results,QC_SOP_282,1
limits,QC_SOP_282,1
criteria,QC_SOP_282,1
confirm,QC_SOP_282,1
filter,QC_SOP_282,1
smoke,QC_SOP_282,1
non-viable,QC_SOP_282,1
verify,QC_SOP_282,1
velocity,QC_SOP_282,1
working,QC_SOP_282,1
references,QC_SOP_282,1
operations,QC_SOP_282,1
measurements,QC_SOP_282,1
sample,QC_SOP_283,1
probes,QC_SOP_283,1
acceptance,QC_SOP_283,1
samples,QC_SOP_283,1
assess,QC_SOP_283,1
temperature-sensitive,QC_SOP_283,1
refrigerators,QC_SOP_283,1
calibrated,QC_SOP_283,1
mapping,QC_SOP_283,1
equipment,QC_SOP_283,1
temperature,QC_SOP_283,1
scope,QC_SOP_283,1
alarm,QC_SOP_283,1
procedure,QC_SOP_283,1
recovery,QC_SOP_283,1
title,QC_SOP_283,1
conditions,QC_SOP_283,1
storage,QC_SOP_283,1
qualification,QC_SOP_283,1
opening,QC_SOP_283,1
monitor,QC_SOP_283,1
defined,QC_SOP_283,1
purpose,QC_SOP_283,1
after,QC_SOP_283,1
perform,QC_SOP_283,1
document,QC_SOP_283,1
results,QC_SOP_283,1
limits,QC_SOP_283,1
hours,QC_SOP_283,1
criteria,QC_SOP_283,1
triggered,QC_SOP_283,1
continuously,QC_SOP_283,1
stable,QC_SOP_283,1
ensure,QC_SOP_283,1
verify,QC_SOP_283,1
uniformity,QC_SOP_283,1
references,QC_SOP_283,1
functionality,QC_SOP_283,1
sample,QC_SOP_284,1
acceptance,QC_SOP_284,1
within,QC_SOP_284,1
performance,QC_SOP_284,1
assess,QC_SOP_284,1
space,QC_SOP_284,1
freezers,QC_SOP_284,1
mapping,QC_SOP_284,1
equipment,QC_SOP_284,1
laboratory,QC_SOP_284,1
alarms,QC_SOP_284,1
temperature,QC_SOP_284,1
scope,QC_SOP_284,1
setpoint,QC_SOP_284,1
alarm,QC_SOP_284,1
accuracy,QC_SOP_284,1
procedure,QC_SOP_284,1
recovery,QC_SOP_284,1
systems,QC_SOP_284,1
stability,QC_SOP_284,1
title,QC_SOP_284,1
backup,QC_SOP_284,1
across,QC_SOP_284,1
storage,QC_SOP_284,1
qualification,QC_SOP_284,1
opening,QC_SOP_284,1
purpose,QC_SOP_284,1
after,QC_SOP_284,1
excursions,QC_SOP_284,1
simulated,QC_SOP_284,1
perform,QC_SOP_284,1
document,QC_SOP_284,1
results,QC_SOP_284,1
criteria,QC_SOP_284,1
functional,QC_SOP_284,1
verify,QC_SOP_284,1
references,QC_SOP_284,1
prolonged,QC_SOP_284,1
reagent,QC_SOP_284,1
sample,QC_SOP_285,1
acceptance,QC_SOP_285,1
content,QC_SOP_285,1
integrity,QC_SOP_285,1
tracer,QC_SOP_285,1
materials,QC_SOP_285,1
annex,QC_SOP_285,1
mixing,QC_SOP_285,1
equipment,QC_SOP_285,1
uniform,QC_SOP_285,1
scope,QC_SOP_285,1
parameters,QC_SOP_285,1
multiple,QC_SOP_285,1
observed,QC_SOP_285,1
mixers,QC_SOP_285,1
segregation,QC_SOP_285,1
procedure,QC_SOP_285,1
define,QC_SOP_285,1
conduct,QC_SOP_285,1
locations,QC_SOP_285,1
title,QC_SOP_285,1
installation,QC_SOP_285,1
mechanical,QC_SOP_285,1
speed,QC_SOP_285,1
qualification,QC_SOP_285,1
purpose,QC_SOP_285,1
criteria,QC_SOP_285,1
blending,QC_SOP_285,1
manufacturing,QC_SOP_285,1
ensure,QC_SOP_285,1
achieves,QC_SOP_285,1
verify,QC_SOP_285,1
uniformity,QC_SOP_285,1
references,QC_SOP_285,1
analyze,QC_SOP_285,1
trials,QC_SOP_285,1
acceptance,QC_SOP_286,1
setpoints,QC_SOP_286,1
compare,QC_SOP_286,1
assess,QC_SOP_286,1
equipment,QC_SOP_286,1
accurate,QC_SOP_286,1
scope,QC_SOP_286,1
connections,QC_SOP_286,1
procedure,QC_SOP_286,1
accuracy,QC_SOP_286,1
systems,QC_SOP_286,1
title,QC_SOP_286,1
repeatability,QC_SOP_286,1
process,QC_SOP_286,1
installation,QC_SOP_286,1
qualification,QC_SOP_286,1
settings,QC_SOP_286,1
delivery,QC_SOP_286,1
purpose,QC_SOP_286,1
various,QC_SOP_286,1
document,QC_SOP_286,1
results,QC_SOP_286,1
measure,QC_SOP_286,1
criteria,QC_SOP_286,1
manufacturing,QC_SOP_286,1
ensure,QC_SOP_286,1
verify,QC_SOP_286,1
references,QC_SOP_286,1
pumps,QC_SOP_286,1
values,QC_SOP_287,1
traceable,QC_SOP_287,1
calibration,QC_SOP_287,1
acceptance,QC_SOP_287,1
reference,QC_SOP_287,1
within,QC_SOP_287,1
compare,QC_SOP_287,1
calibrate,QC_SOP_287,1
equipment,QC_SOP_287,1
accurate,QC_SOP_287,1
scope,QC_SOP_287,1
multiple,QC_SOP_287,1
accuracy,QC_SOP_287,1
procedure,QC_SOP_287,1
status,QC_SOP_287,1
title,QC_SOP_287,1
scale,QC_SOP_287,1
label,QC_SOP_287,1
using,QC_SOP_287,1
qualification,QC_SOP_287,1
purpose,QC_SOP_287,1
sensors,QC_SOP_287,1
document,QC_SOP_287,1
standards,QC_SOP_287,1
results,QC_SOP_287,1
criteria,QC_SOP_287,1
points,QC_SOP_287,1
readings,QC_SOP_287,1
gauges,QC_SOP_287,1
ensure,QC_SOP_287,1
verify,QC_SOP_287,1
references,QC_SOP_287,1
measurement,QC_SOP_287,1
pressure,QC_SOP_287,1
traceable,QC_SOP_288,1
acceptance,QC_SOP_288,1
calibration,QC_SOP_288,1
reference,QC_SOP_288,1
necessary,QC_SOP_288,1
calibrate,QC_SOP_288,1
equipment,QC_SOP_288,1
accurate,QC_SOP_288,1
temperature,QC_SOP_288,1
thermometer,QC_SOP_288,1
scope,QC_SOP_288,1
certified,QC_SOP_288,1
operating,QC_SOP_288,1
accuracy,QC_SOP_288,1
procedure,QC_SOP_288,1
title,QC_SOP_288,1
record,QC_SOP_288,1
replace,QC_SOP_288,1
across,QC_SOP_288,1
deviations,QC_SOP_288,1
qualification,QC_SOP_288,1
against,QC_SOP_288,1
purpose,QC_SOP_288,1
range,QC_SOP_288,1
adjust,QC_SOP_288,1
sensors,QC_SOP_288,1
document,QC_SOP_288,1
results,QC_SOP_288,1
criteria,QC_SOP_288,1
thermocouples,QC_SOP_288,1
readings,QC_SOP_288,1
ensure,QC_SOP_288,1
verify,QC_SOP_288,1
references,QC_SOP_288,1
measurement,QC_SOP_288,1
acceptance,QC_SOP_289,1
within,QC_SOP_289,1
compare,QC_SOP_289,1
analytical,QC_SOP_289,1
weights,QC_SOP_289,1
tolerance,QC_SOP_289,1
drift,QC_SOP_289,1
continued,QC_SOP_289,1
through,QC_SOP_289,1
equipment,QC_SOP_289,1
standard,QC_SOP_289,1
scope,QC_SOP_289,1
accuracy,QC_SOP_289,1
procedure,QC_SOP_289,1
daily,QC_SOP_289,1
title,QC_SOP_289,1
investigate,QC_SOP_289,1
balances,QC_SOP_289,1
record,QC_SOP_289,1
checks,QC_SOP_289,1
deviations,QC_SOP_289,1
qualification,QC_SOP_289,1
purpose,QC_SOP_289,1
perform,QC_SOP_289,1
results,QC_SOP_289,1
document,QC_SOP_289,1
routine,QC_SOP_289,1
criteria,QC_SOP_289,1
check,QC_SOP_289,1
ensure,QC_SOP_289,1
references,QC_SOP_289,1
acceptance,QC_SOP_290,1
compile,QC_SOP_290,1
annex,QC_SOP_290,1
equipment,QC_SOP_290,1
complete,QC_SOP_290,1
prepare,QC_SOP_290,1
scope,QC_SOP_290,1
unresolved,QC_SOP_290,1
obtain,QC_SOP_290,1
procedure,QC_SOP_290,1
title,QC_SOP_290,1
compilation,QC_SOP_290,1
deviations,QC_SOP_290,1
standardize,QC_SOP_290,1
studies,QC_SOP_290,1
qualification,QC_SOP_290,1
against,QC_SOP_290,1
issues,QC_SOP_290,1
purpose,QC_SOP_290,1
document,QC_SOP_290,1
results,QC_SOP_290,1
critical,QC_SOP_290,1
reporting,QC_SOP_290,1
criteria,QC_SOP_290,1
report,QC_SOP_290,1
approval,QC_SOP_290,1
activities,QC_SOP_290,1
references,QC_SOP_290,1
review,QC_SOP_290,1
resolutions,QC_SOP_290,1
documentation,QC_SOP_290,1
final,QC_SOP_290,1
verifying,QC_SOP_291,1
during,QC_SOP_291,1
alignment,QC_SOP_291,1
cycles,QC_SOP_291,1
required,QC_SOP_291,1
acceptance,QC_SOP_291,1
setpoints,QC_SOP_291,1
compatibility,QC_SOP_291,1
within,QC_SOP_291,1
compare,QC_SOP_291,1
meters,QC_SOP_291,1
performance,QC_SOP_291,1
effective,QC_SOP_291,1
cavitation,QC_SOP_291,1
turbulence,QC_SOP_291,1
discharge,QC_SOP_291,1
confirmed,QC_SOP_291,1
annex,QC_SOP_291,1
calibrated,QC_SOP_291,1
equipment,QC_SOP_291,1
maximum,QC_SOP_291,1
execute,QC_SOP_291,1
scope,QC_SOP_291,1
parameters,QC_SOP_291,1
operating,QC_SOP_291,1
without,QC_SOP_291,1
material,QC_SOP_291,1
procedure,QC_SOP_291,1
systems,QC_SOP_291,1
conduct,QC_SOP_291,1
stability,QC_SOP_291,1
operation,QC_SOP_291,1
title,QC_SOP_291,1
coverage,QC_SOP_291,1
installation,QC_SOP_291,1
deliver,QC_SOP_291,1
riboflavin,QC_SOP_291,1
using,QC_SOP_291,1
recording,QC_SOP_291,1
validated,QC_SOP_291,1
across,QC_SOP_291,1
nominal,QC_SOP_291,1
cleaning,QC_SOP_291,1
qualification,QC_SOP_291,1
against,QC_SOP_291,1
spray,QC_SOP_291,1
purpose,QC_SOP_291,1
minimum,QC_SOP_291,1
range,QC_SOP_291,1
integrated,QC_SOP_291,1
perform,QC_SOP_291,1
challenging,QC_SOP_291,1
document,QC_SOP_291,1
visually,QC_SOP_291,1
actual,QC_SOP_291,1
measure,QC_SOP_291,1
criteria,QC_SOP_291,1
devices,QC_SOP_291,1
confirm,QC_SOP_291,1
centrifugal,QC_SOP_291,1
stable,QC_SOP_291,1
verify,QC_SOP_291,1
loops,QC_SOP_291,1
references,QC_SOP_291,1
cleaning-in-place,QC_SOP_291,1
pumps,QC_SOP_291,1
pressure,QC_SOP_291,1
acceptance,QC_SOP_292,1
light,QC_SOP_292,1
within,QC_SOP_292,1
effective,QC_SOP_292,1
rotation,QC_SOP_292,1
surface,QC_SOP_292,1
design,QC_SOP_292,1
fixed,QC_SOP_292,1
equipment,QC_SOP_292,1
balls,QC_SOP_292,1
inspect,QC_SOP_292,1
scope,QC_SOP_292,1
parameters,QC_SOP_292,1
operating,QC_SOP_292,1
finalize,QC_SOP_292,1
provide,QC_SOP_292,1
orientation,QC_SOP_292,1
areas,QC_SOP_292,1
rotary,QC_SOP_292,1
procedure,QC_SOP_292,1
title,QC_SOP_292,1
coverage,QC_SOP_292,1
surfaces,QC_SOP_292,1
guide,QC_SOP_292,1
riboflavin,QC_SOP_292,1
conditions,QC_SOP_292,1
validated,QC_SOP_292,1
wetted,QC_SOP_292,1
cleaning,QC_SOP_292,1
qualification,QC_SOP_292,1
internal,QC_SOP_292,1
spray,QC_SOP_292,1
tanks,QC_SOP_292,1
under,QC_SOP_292,1
purpose,QC_SOP_292,1
defined,QC_SOP_292,1
unwashed,QC_SOP_292,1
adjust,QC_SOP_292,1
ranges,QC_SOP_292,1
perform,QC_SOP_292,1
document,QC_SOP_292,1
shadow,QC_SOP_292,1
criteria,QC_SOP_292,1
vessels,QC_SOP_292,1
devices,QC_SOP_292,1
install,QC_SOP_292,1
baseline,QC_SOP_292,1
needed,QC_SOP_292,1
ensure,QC_SOP_292,1
verify,QC_SOP_292,1
references,QC_SOP_292,1
adequate,QC_SOP_292,1
pressure,QC_SOP_292,1
required,QC_SOP_293,1
probes,QC_SOP_293,1
acceptance,QC_SOP_293,1
within,QC_SOP_293,1
content,QC_SOP_293,1
excessive,QC_SOP_293,1
performance,QC_SOP_293,1
tracer,QC_SOP_293,1
agitator,QC_SOP_293,1
baffle,QC_SOP_293,1
agitators,QC_SOP_293,1
entrainment,QC_SOP_293,1
mixing,QC_SOP_293,1
annex,QC_SOP_293,1
equipment,QC_SOP_293,1
vortex,QC_SOP_293,1
scope,QC_SOP_293,1
parameters,QC_SOP_293,1
operating,QC_SOP_293,1
procedure,QC_SOP_293,1
conduct,QC_SOP_293,1
title,QC_SOP_293,1
baffles,QC_SOP_293,1
conductivity,QC_SOP_293,1
installation,QC_SOP_293,1
formation,QC_SOP_293,1
using,QC_SOP_293,1
optimal,QC_SOP_293,1
speeds,QC_SOP_293,1
studies,QC_SOP_293,1
qualification,QC_SOP_293,1
against,QC_SOP_293,1
defined,QC_SOP_293,1
homogeneity,QC_SOP_293,1
purpose,QC_SOP_293,1
various,QC_SOP_293,1
document,QC_SOP_293,1
dimensions,QC_SOP_293,1
vortexing,QC_SOP_293,1
measure,QC_SOP_293,1
vessels,QC_SOP_293,1
evaluate,QC_SOP_293,1
impellers,QC_SOP_293,1
confirm,QC_SOP_293,1
criteria,QC_SOP_293,1
configuration,QC_SOP_293,1
achieved,QC_SOP_293,1
manufacturing,QC_SOP_293,1
achieves,QC_SOP_293,1
verify,QC_SOP_293,1
uniformity,QC_SOP_293,1
references,QC_SOP_293,1
drawings,QC_SOP_293,1
linearity,QC_SOP_294,1
calibration,QC_SOP_294,1
acceptance,QC_SOP_294,1
within,QC_SOP_294,1
reading,QC_SOP_294,1
weights,QC_SOP_294,1
drift,QC_SOP_294,1
cells,QC_SOP_294,1
calibrate,QC_SOP_294,1
modules,QC_SOP_294,1
equipment,QC_SOP_294,1
weighing,QC_SOP_294,1
scope,QC_SOP_294,1
hoppers,QC_SOP_294,1
certified,QC_SOP_294,1
operating,QC_SOP_294,1
multiple,QC_SOP_294,1
accuracy,QC_SOP_294,1
procedure,QC_SOP_294,1
systems,QC_SOP_294,1
stability,QC_SOP_294,1
title,QC_SOP_294,1
repeatability,QC_SOP_294,1
process,QC_SOP_294,1
using,QC_SOP_294,1
across,QC_SOP_294,1
qualification,QC_SOP_294,1
tanks,QC_SOP_294,1
purpose,QC_SOP_294,1
range,QC_SOP_294,1
integrated,QC_SOP_294,1
document,QC_SOP_294,1
results,QC_SOP_294,1
dispensing,QC_SOP_294,1
criteria,QC_SOP_294,1
evaluate,QC_SOP_294,1
replicate,QC_SOP_294,1
points,QC_SOP_294,1
check,QC_SOP_294,1
ensure,QC_SOP_294,1
verify,QC_SOP_294,1
references,QC_SOP_294,1
measurements,QC_SOP_294,1
during,QC_SOP_295,1
temperature-controlled,QC_SOP_295,1
maintain,QC_SOP_295,1
acceptance,QC_SOP_295,1
within,QC_SOP_295,1
control,QC_SOP_295,1
performance,QC_SOP_295,1
assess,QC_SOP_295,1
changes,QC_SOP_295,1
annex,QC_SOP_295,1
equipment,QC_SOP_295,1
representative,QC_SOP_295,1
temperature,QC_SOP_295,1
scope,QC_SOP_295,1
overshoot,QC_SOP_295,1
operating,QC_SOP_295,1
setpoint,QC_SOP_295,1
accuracy,QC_SOP_295,1
procedure,QC_SOP_295,1
systems,QC_SOP_295,1
conduct,QC_SOP_295,1
title,QC_SOP_295,1
installation,QC_SOP_295,1
process,QC_SOP_295,1
ramping,QC_SOP_295,1
conditions,QC_SOP_295,1
profiles,QC_SOP_295,1
across,QC_SOP_295,1
qualification,QC_SOP_295,1
purpose,QC_SOP_295,1
range,QC_SOP_295,1
temperatures,QC_SOP_295,1
sensors,QC_SOP_295,1
perform,QC_SOP_295,1
jacketed,QC_SOP_295,1
document,QC_SOP_295,1
criteria,QC_SOP_295,1
vessels,QC_SOP_295,1
reactors,QC_SOP_295,1
stable,QC_SOP_295,1
verify,QC_SOP_295,1
loops,QC_SOP_295,1
references,QC_SOP_295,1
processing,QC_SOP_295,1
maintain,QC_SOP_296,1
required,QC_SOP_296,1
levels,QC_SOP_296,1
acceptance,QC_SOP_296,1
within,QC_SOP_296,1
annex,QC_SOP_296,1
equipment,QC_SOP_296,1
vacuum,QC_SOP_296,1
target,QC_SOP_296,1
scope,QC_SOP_296,1
multiple,QC_SOP_296,1
drying,QC_SOP_296,1
setpoint,QC_SOP_296,1
decay,QC_SOP_296,1
procedure,QC_SOP_296,1
recovery,QC_SOP_296,1
achieve,QC_SOP_296,1
systems,QC_SOP_296,1
system,QC_SOP_296,1
title,QC_SOP_296,1
installation,QC_SOP_296,1
specification,QC_SOP_296,1
level,QC_SOP_296,1
using,QC_SOP_296,1
validated,QC_SOP_296,1
threshold,QC_SOP_296,1
qualification,QC_SOP_296,1
purpose,QC_SOP_296,1
perform,QC_SOP_296,1
document,QC_SOP_296,1
results,QC_SOP_296,1
measure,QC_SOP_296,1
evaluate,QC_SOP_296,1
criteria,QC_SOP_296,1
filtration,QC_SOP_296,1
points,QC_SOP_296,1
tightness,QC_SOP_296,1
ensure,QC_SOP_296,1
verify,QC_SOP_296,1
references,QC_SOP_296,1
pumps,QC_SOP_296,1
pressure,QC_SOP_296,1
traceable,QC_SOP_297,1
acceptance,QC_SOP_297,1
integrity,QC_SOP_297,1
performance,QC_SOP_297,1
sterile,QC_SOP_297,1
instruments,QC_SOP_297,1
bubble,QC_SOP_297,1
annex,QC_SOP_297,1
calibrate,QC_SOP_297,1
calibrated,QC_SOP_297,1
equipment,QC_SOP_297,1
testing,QC_SOP_297,1
scope,QC_SOP_297,1
specifications,QC_SOP_297,1
accuracy,QC_SOP_297,1
procedure,QC_SOP_297,1
title,QC_SOP_297,1
repeatability,QC_SOP_297,1
using,QC_SOP_297,1
filters,QC_SOP_297,1
instrument,QC_SOP_297,1
testers,QC_SOP_297,1
qualification,QC_SOP_297,1
purpose,QC_SOP_297,1
manufacturer,QC_SOP_297,1
sensors,QC_SOP_297,1
perform,QC_SOP_297,1
standards,QC_SOP_297,1
document,QC_SOP_297,1
results,QC_SOP_297,1
consistent,QC_SOP_297,1
point,QC_SOP_297,1
criteria,QC_SOP_297,1
filtration,QC_SOP_297,1
filter,QC_SOP_297,1
diffusion,QC_SOP_297,1
verify,QC_SOP_297,1
tests,QC_SOP_297,1
approve,QC_SOP_297,1
references,QC_SOP_297,1
measurement,QC_SOP_297,1
pressure,QC_SOP_297,1
acceptance,QC_SOP_298,1
clean,QC_SOP_298,1
steam,QC_SOP_298,1
condensate,QC_SOP_298,1
materials,QC_SOP_298,1
endotoxin,QC_SOP_298,1
annex,QC_SOP_298,1
microbiological,QC_SOP_298,1
equipment,QC_SOP_298,1
testing,QC_SOP_298,1
produce,QC_SOP_298,1
scope,QC_SOP_298,1
parameters,QC_SOP_298,1
dryness,QC_SOP_298,1
operating,QC_SOP_298,1
procedure,QC_SOP_298,1
systems,QC_SOP_298,1
title,QC_SOP_298,1
microbial,QC_SOP_298,1
installation,QC_SOP_298,1
meeting,QC_SOP_298,1
generators,QC_SOP_298,1
qualification,QC_SOP_298,1
monitor,QC_SOP_298,1
gases,QC_SOP_298,1
purpose,QC_SOP_298,1
quality,QC_SOP_298,1
chemical,QC_SOP_298,1
perform,QC_SOP_298,1
document,QC_SOP_298,1
criteria,QC_SOP_298,1
requirements,QC_SOP_298,1
sterilization,QC_SOP_298,1
ensure,QC_SOP_298,1
verify,QC_SOP_298,1
references,QC_SOP_298,1
fraction,QC_SOP_298,1
construction,QC_SOP_298,1
non-condensable,QC_SOP_298,1
acceptance,QC_SOP_299,1
cleanroom,QC_SOP_299,1
differential,QC_SOP_299,1
adjacent,QC_SOP_299,1
prevent,QC_SOP_299,1
annex,QC_SOP_299,1
airflow,QC_SOP_299,1
equipment,QC_SOP_299,1
maintained,QC_SOP_299,1
scope,QC_SOP_299,1
cascades,QC_SOP_299,1
areas,QC_SOP_299,1
procedure,QC_SOP_299,1
systems,QC_SOP_299,1
higher,QC_SOP_299,1
system,QC_SOP_299,1
classified,QC_SOP_299,1
title,QC_SOP_299,1
dampers,QC_SOP_299,1
zones,QC_SOP_299,1
conditions,QC_SOP_299,1
record,QC_SOP_299,1
rooms,QC_SOP_299,1
qualification,QC_SOP_299,1
at-rest,QC_SOP_299,1
under,QC_SOP_299,1
purpose,QC_SOP_299,1
between,QC_SOP_299,1
adjust,QC_SOP_299,1
dynamic,QC_SOP_299,1
document,QC_SOP_299,1
results,QC_SOP_299,1
direction,QC_SOP_299,1
measure,QC_SOP_299,1
criteria,QC_SOP_299,1
contamination,QC_SOP_299,1
readings,QC_SOP_299,1
classification,QC_SOP_299,1
needed,QC_SOP_299,1
verify,QC_SOP_299,1
lower,QC_SOP_299,1
references,QC_SOP_299,1
differentials,QC_SOP_299,1
pressure,QC_SOP_299,1
records,QC_SOP_300,1
decommissioning,QC_SOP_300,1
initiate,QC_SOP_300,1
calibration,QC_SOP_300,1
acceptance,QC_SOP_300,1
clean,QC_SOP_300,1
control,QC_SOP_300,1
integrity,QC_SOP_300,1
impact,QC_SOP_300,1
equipment,QC_SOP_300,1
maintaining,QC_SOP_300,1
inventory,QC_SOP_300,1
scope,QC_SOP_300,1
lifecycle,QC_SOP_300,1
dequalification,QC_SOP_300,1
dispose,QC_SOP_300,1
define,QC_SOP_300,1
procedure,QC_SOP_300,1
status,QC_SOP_300,1
systems,QC_SOP_300,1
archived,QC_SOP_300,1
title,QC_SOP_300,1
archive,QC_SOP_300,1
remove,QC_SOP_300,1
process,QC_SOP_300,1
change,QC_SOP_300,1
validated,QC_SOP_300,1
qualification,QC_SOP_300,1
purpose,QC_SOP_300,1
while,QC_SOP_300,1
maintenance,QC_SOP_300,1
document,QC_SOP_300,1
criteria,QC_SOP_300,1
replaced,QC_SOP_300,1
report,QC_SOP_300,1
updated,QC_SOP_300,1
removing,QC_SOP_300,1
references,QC_SOP_300,1
controlled,QC_SOP_300,1
residual,QC_SOP_300,1
repurpose,QC_SOP_300,1
reaching,QC_SOP_300,1
service,QC_SOP_300,1
sample,QC_SOP_301,1
acceptance,QC_SOP_301,1
tools,QC_SOP_301,1
samples,QC_SOP_301,1
receipt,QC_SOP_301,1
integrity,QC_SOP_301,1
materials,QC_SOP_301,1
representative,QC_SOP_301,1
testing,QC_SOP_301,1
scope,QC_SOP_301,1
based,QC_SOP_301,1
sampling,QC_SOP_301,1
approved,QC_SOP_301,1
material,QC_SOP_301,1
components,QC_SOP_301,1
define,QC_SOP_301,1
procedure,QC_SOP_301,1
appropriate,QC_SOP_301,1
title,QC_SOP_301,1
label,QC_SOP_301,1
conditions,QC_SOP_301,1
using,QC_SOP_301,1
record,QC_SOP_301,1
under,QC_SOP_301,1
purpose,QC_SOP_301,1
follow,QC_SOP_301,1
transfer,QC_SOP_301,1
criteria,QC_SOP_301,1
contamination,QC_SOP_301,1
details,QC_SOP_301,1
traceability,QC_SOP_301,1
introduced,QC_SOP_301,1
verify,QC_SOP_301,1
references,QC_SOP_301,1
controlled,QC_SOP_301,1
identity,QC_SOP_301,1
incoming,QC_SOP_301,1
sample,QC_SOP_302,1
acceptance,QC_SOP_302,1
reference,QC_SOP_302,1
compare,QC_SOP_302,1
method,QC_SOP_302,1
materials,QC_SOP_302,1
unexpected,QC_SOP_302,1
peaks,QC_SOP_302,1
testing,QC_SOP_302,1
library,QC_SOP_302,1
prepare,QC_SOP_302,1
scope,QC_SOP_302,1
material,QC_SOP_302,1
match,QC_SOP_302,1
procedure,QC_SOP_302,1
identification,QC_SOP_302,1
acquire,QC_SOP_302,1
spectroscopic,QC_SOP_302,1
spectrum,QC_SOP_302,1
title,QC_SOP_302,1
using,QC_SOP_302,1
spectroscopy,QC_SOP_302,1
purpose,QC_SOP_302,1
document,QC_SOP_302,1
requiring,QC_SOP_302,1
results,QC_SOP_302,1
criteria,QC_SOP_302,1
evaluate,QC_SOP_302,1
confirm,QC_SOP_302,1
factor,QC_SOP_302,1
references,QC_SOP_302,1
identity,QC_SOP_302,1
sample,QC_SOP_303,1
inject,QC_SOP_303,1
acceptance,QC_SOP_303,1
assay,QC_SOP_303,1
within,QC_SOP_303,1
compare,QC_SOP_303,1
materials,QC_SOP_303,1
testing,QC_SOP_303,1
excipients,QC_SOP_303,1
prepare,QC_SOP_303,1
scope,QC_SOP_303,1
material,QC_SOP_303,1
components,QC_SOP_303,1
procedure,QC_SOP_303,1
system,QC_SOP_303,1
title,QC_SOP_303,1
solution,QC_SOP_303,1
specification,QC_SOP_303,1
record,QC_SOP_303,1
calculate,QC_SOP_303,1
active,QC_SOP_303,1
purpose,QC_SOP_303,1
quantify,QC_SOP_303,1
critical,QC_SOP_303,1
criteria,QC_SOP_303,1
chromatogram,QC_SOP_303,1
references,QC_SOP_303,1
sample,QC_SOP_304,1
acceptance,QC_SOP_304,1
determination,QC_SOP_304,1
content,QC_SOP_304,1
within,QC_SOP_304,1
compare,QC_SOP_304,1
specified,QC_SOP_304,1
materials,QC_SOP_304,1
testing,QC_SOP_304,1
prepare,QC_SOP_304,1
scope,QC_SOP_304,1
material,QC_SOP_304,1
moisture,QC_SOP_304,1
procedure,QC_SOP_304,1
hygroscopic,QC_SOP_304,1
title,QC_SOP_304,1
using,QC_SOP_304,1
record,QC_SOP_304,1
purpose,QC_SOP_304,1
range,QC_SOP_304,1
document,QC_SOP_304,1
results,QC_SOP_304,1
limits,QC_SOP_304,1
measure,QC_SOP_304,1
criteria,QC_SOP_304,1
titration,QC_SOP_304,1
fischer,QC_SOP_304,1
references,QC_SOP_304,1
analyze,QC_SOP_304,1
sample,QC_SOP_305,1
acceptance,QC_SOP_305,1
plates,QC_SOP_305,1
assess,QC_SOP_305,1
materials,QC_SOP_305,1
limit,QC_SOP_305,1
non-sterile,QC_SOP_305,1
testing,QC_SOP_305,1
prepare,QC_SOP_305,1
scope,QC_SOP_305,1
material,QC_SOP_305,1
procedure,QC_SOP_305,1
title,QC_SOP_305,1
microbial,QC_SOP_305,1
colonies,QC_SOP_305,1
record,QC_SOP_305,1
purpose,QC_SOP_305,1
incubate,QC_SOP_305,1
perform,QC_SOP_305,1
results,QC_SOP_305,1
criteria,QC_SOP_305,1
contamination,QC_SOP_305,1
references,QC_SOP_305,1
count,QC_SOP_305,1
sample,QC_SOP_306,1
inject,QC_SOP_306,1
acceptance,QC_SOP_306,1
samples,QC_SOP_306,1
integrate,QC_SOP_306,1
within,QC_SOP_306,1
method,QC_SOP_306,1
materials,QC_SOP_306,1
relative,QC_SOP_306,1
mobile,QC_SOP_306,1
peaks,QC_SOP_306,1
column,QC_SOP_306,1
testing,QC_SOP_306,1
excipients,QC_SOP_306,1
prepare,QC_SOP_306,1
impurities,QC_SOP_306,1
standard,QC_SOP_306,1
scope,QC_SOP_306,1
blank,QC_SOP_306,1
parameters,QC_SOP_306,1
material,QC_SOP_306,1
specifications,QC_SOP_306,1
individual,QC_SOP_306,1
procedure,QC_SOP_306,1
system,QC_SOP_306,1
title,QC_SOP_306,1
gradient,QC_SOP_306,1
phase,QC_SOP_306,1
specification,QC_SOP_306,1
solutions,QC_SOP_306,1
conditions,QC_SOP_306,1
validated,QC_SOP_306,1
wavelength,QC_SOP_306,1
using,QC_SOP_306,1
calculate,QC_SOP_306,1
resolution,QC_SOP_306,1
compliance,QC_SOP_306,1
active,QC_SOP_306,1
ingredients,QC_SOP_306,1
purpose,QC_SOP_306,1
quantify,QC_SOP_306,1
defined,QC_SOP_306,1
between,QC_SOP_306,1
retention,QC_SOP_306,1
document,QC_SOP_306,1
standards,QC_SOP_306,1
results,QC_SOP_306,1
impurity,QC_SOP_306,1
profiling,QC_SOP_306,1
related,QC_SOP_306,1
critical,QC_SOP_306,1
tailing,QC_SOP_306,1
suitability,QC_SOP_306,1
criteria,QC_SOP_306,1
limits,QC_SOP_306,1
pharmaceutical,QC_SOP_306,1
requirements,QC_SOP_306,1
total,QC_SOP_306,1
pairs,QC_SOP_306,1
ensure,QC_SOP_306,1
verify,QC_SOP_306,1
references,QC_SOP_306,1
identify,QC_SOP_306,1
inject,QC_SOP_307,1
chromatograms,QC_SOP_307,1
solvents,QC_SOP_307,1
solvent,QC_SOP_307,1
potentially,QC_SOP_307,1
samples,QC_SOP_307,1
calibration,QC_SOP_307,1
injection,QC_SOP_307,1
acceptance,QC_SOP_307,1
correlation,QC_SOP_307,1
materials,QC_SOP_307,1
coefficient,QC_SOP_307,1
diluent,QC_SOP_307,1
organic,QC_SOP_307,1
testing,QC_SOP_307,1
analysis,QC_SOP_307,1
column,QC_SOP_307,1
excipients,QC_SOP_307,1
prepare,QC_SOP_307,1
scope,QC_SOP_307,1
mixed,QC_SOP_307,1
below,QC_SOP_307,1
material,QC_SOP_307,1
configure,QC_SOP_307,1
procedure,QC_SOP_307,1
appropriate,QC_SOP_307,1
system,QC_SOP_307,1
title,QC_SOP_307,1
accordance,QC_SOP_307,1
using,QC_SOP_307,1
validated,QC_SOP_307,1
detector,QC_SOP_307,1
containing,QC_SOP_307,1
record,QC_SOP_307,1
class-specific,QC_SOP_307,1
purpose,QC_SOP_307,1
quantify,QC_SOP_307,1
curve,QC_SOP_307,1
headspace,QC_SOP_307,1
perform,QC_SOP_307,1
results,QC_SOP_307,1
standards,QC_SOP_307,1
limits,QC_SOP_307,1
criteria,QC_SOP_307,1
suitability,QC_SOP_307,1
report,QC_SOP_307,1
references,QC_SOP_307,1
direct,QC_SOP_307,1
residual,QC_SOP_307,1
sample,QC_SOP_308,1
values,QC_SOP_308,1
acceptance,QC_SOP_308,1
determine,QC_SOP_308,1
within,QC_SOP_308,1
compare,QC_SOP_308,1
performance,QC_SOP_308,1
specified,QC_SOP_308,1
medium,QC_SOP_308,1
materials,QC_SOP_308,1
impacts,QC_SOP_308,1
granules,QC_SOP_308,1
testing,QC_SOP_308,1
powders,QC_SOP_308,1
scope,QC_SOP_308,1
parameters,QC_SOP_308,1
material,QC_SOP_308,1
background,QC_SOP_308,1
procedure,QC_SOP_308,1
appropriate,QC_SOP_308,1
stability,QC_SOP_308,1
title,QC_SOP_308,1
specification,QC_SOP_308,1
record,QC_SOP_308,1
distribution,QC_SOP_308,1
particle,QC_SOP_308,1
instrument,QC_SOP_308,1
dispersion,QC_SOP_308,1
where,QC_SOP_308,1
ranges,QC_SOP_308,1
purpose,QC_SOP_308,1
obscuration,QC_SOP_308,1
range,QC_SOP_308,1
triplicate,QC_SOP_308,1
document,QC_SOP_308,1
results,QC_SOP_308,1
laser,QC_SOP_308,1
index,QC_SOP_308,1
criteria,QC_SOP_308,1
replicate,QC_SOP_308,1
refractive,QC_SOP_308,1
manufacturing,QC_SOP_308,1
verify,QC_SOP_308,1
references,QC_SOP_308,1
analyze,QC_SOP_308,1
diffraction,QC_SOP_308,1
measurement,QC_SOP_308,1
disperse,QC_SOP_308,1
consistency,QC_SOP_309,1
sample,QC_SOP_309,1
required,QC_SOP_309,1
stabilization,QC_SOP_309,1
samples,QC_SOP_309,1
acceptance,QC_SOP_309,1
compatibility,QC_SOP_309,1
within,QC_SOP_309,1
electrode,QC_SOP_309,1
reading,QC_SOP_309,1
specified,QC_SOP_309,1
materials,QC_SOP_309,1
aqueous,QC_SOP_309,1
calibrate,QC_SOP_309,1
least,QC_SOP_309,1
testing,QC_SOP_309,1
prepare,QC_SOP_309,1
temperature,QC_SOP_309,1
scope,QC_SOP_309,1
liquids,QC_SOP_309,1
material,QC_SOP_309,1
allow,QC_SOP_309,1
procedure,QC_SOP_309,1
units,QC_SOP_309,1
title,QC_SOP_309,1
buffers,QC_SOP_309,1
specification,QC_SOP_309,1
solutions,QC_SOP_309,1
using,QC_SOP_309,1
record,QC_SOP_309,1
difference,QC_SOP_309,1
purpose,QC_SOP_309,1
rinse,QC_SOP_309,1
range,QC_SOP_309,1
between,QC_SOP_309,1
document,QC_SOP_309,1
requiring,QC_SOP_309,1
bracketing,QC_SOP_309,1
results,QC_SOP_309,1
measure,QC_SOP_309,1
immerse,QC_SOP_309,1
criteria,QC_SOP_309,1
replicate,QC_SOP_309,1
dilution,QC_SOP_309,1
ensure,QC_SOP_309,1
references,QC_SOP_309,1
meter,QC_SOP_309,1
equilibrate,QC_SOP_309,1
slope,QC_SOP_309,1
measurement,QC_SOP_309,1
expected,QC_SOP_309,1
sample,QC_SOP_310,1
acceptance,QC_SOP_310,1
determine,QC_SOP_310,1
content,QC_SOP_310,1
within,QC_SOP_310,1
volatile,QC_SOP_310,1
compare,QC_SOP_310,1
specified,QC_SOP_310,1
reweigh,QC_SOP_310,1
tared,QC_SOP_310,1
materials,QC_SOP_310,1
testing,QC_SOP_310,1
gravimetric,QC_SOP_310,1
analysis,QC_SOP_310,1
temperature,QC_SOP_310,1
scope,QC_SOP_310,1
duplicate,QC_SOP_310,1
drying,QC_SOP_310,1
material,QC_SOP_310,1
moisture,QC_SOP_310,1
procedure,QC_SOP_310,1
accurately,QC_SOP_310,1
title,QC_SOP_310,1
specification,QC_SOP_310,1
calculate,QC_SOP_310,1
record,QC_SOP_310,1
percentage,QC_SOP_310,1
where,QC_SOP_310,1
defined,QC_SOP_310,1
purpose,QC_SOP_310,1
results,QC_SOP_310,1
limits,QC_SOP_310,1
criteria,QC_SOP_310,1
desiccator,QC_SOP_310,1
references,QC_SOP_310,1
weigh,QC_SOP_310,1
absolute,QC_SOP_310,1
calibration,QC_SOP_311,1
acceptance,QC_SOP_311,1
determination,QC_SOP_311,1
samples,QC_SOP_311,1
method,QC_SOP_311,1
materials,QC_SOP_311,1
drift,QC_SOP_311,1
permitted,QC_SOP_311,1
testing,QC_SOP_311,1
analysis,QC_SOP_311,1
metals,QC_SOP_311,1
prepare,QC_SOP_311,1
impurities,QC_SOP_311,1
scope,QC_SOP_311,1
potential,QC_SOP_311,1
heavy,QC_SOP_311,1
material,QC_SOP_311,1
procedure,QC_SOP_311,1
daily,QC_SOP_311,1
recovery,QC_SOP_311,1
appropriate,QC_SOP_311,1
system,QC_SOP_311,1
title,QC_SOP_311,1
elemental,QC_SOP_311,1
isotopes,QC_SOP_311,1
element,QC_SOP_311,1
using,QC_SOP_311,1
validated,QC_SOP_311,1
metal,QC_SOP_311,1
calculate,QC_SOP_311,1
icp-ms,QC_SOP_311,1
purpose,QC_SOP_311,1
quantify,QC_SOP_311,1
concentrations,QC_SOP_311,1
exposure,QC_SOP_311,1
standards,QC_SOP_311,1
digestion,QC_SOP_311,1
limits,QC_SOP_311,1
criteria,QC_SOP_311,1
suitability,QC_SOP_311,1
report,QC_SOP_311,1
contamination,QC_SOP_311,1
requirements,QC_SOP_311,1
verify,QC_SOP_311,1
references,QC_SOP_311,1
below,QC_SOP_311,1
blanks,QC_SOP_311,1
digest,QC_SOP_311,1
solvent,QC_SOP_312,1
acceptance,QC_SOP_312,1
determine,QC_SOP_312,1
within,QC_SOP_312,1
specified,QC_SOP_312,1
rotation,QC_SOP_312,1
calibrate,QC_SOP_312,1
testing,QC_SOP_312,1
activity,QC_SOP_312,1
prepare,QC_SOP_312,1
standard,QC_SOP_312,1
temperature,QC_SOP_312,1
scope,QC_SOP_312,1
material,QC_SOP_312,1
specifications,QC_SOP_312,1
polarimeter,QC_SOP_312,1
substances,QC_SOP_312,1
procedure,QC_SOP_312,1
specific,QC_SOP_312,1
title,QC_SOP_312,1
solution,QC_SOP_312,1
concentration,QC_SOP_312,1
using,QC_SOP_312,1
wavelength,QC_SOP_312,1
calculate,QC_SOP_312,1
chiral,QC_SOP_312,1
optical,QC_SOP_312,1
defined,QC_SOP_312,1
purpose,QC_SOP_312,1
range,QC_SOP_312,1
document,QC_SOP_312,1
results,QC_SOP_312,1
measure,QC_SOP_312,1
criteria,QC_SOP_312,1
references,QC_SOP_312,1
controlled,QC_SOP_312,1
sample,QC_SOP_313,1
acceptance,QC_SOP_313,1
determination,QC_SOP_313,1
within,QC_SOP_313,1
solid,QC_SOP_313,1
specified,QC_SOP_313,1
materials,QC_SOP_313,1
variation,QC_SOP_313,1
completion,QC_SOP_313,1
testing,QC_SOP_313,1
analysis,QC_SOP_313,1
prepare,QC_SOP_313,1
scope,QC_SOP_313,1
purity,QC_SOP_313,1
material,QC_SOP_313,1
procedure,QC_SOP_313,1
powdered,QC_SOP_313,1
title,QC_SOP_313,1
record,QC_SOP_313,1
defined,QC_SOP_313,1
ranges,QC_SOP_313,1
purpose,QC_SOP_313,1
range,QC_SOP_313,1
temperatures,QC_SOP_313,1
document,QC_SOP_313,1
results,QC_SOP_313,1
point,QC_SOP_313,1
criteria,QC_SOP_313,1
limits,QC_SOP_313,1
replicate,QC_SOP_313,1
apparatus,QC_SOP_313,1
finely,QC_SOP_313,1
capillary,QC_SOP_313,1
verify,QC_SOP_313,1
place,QC_SOP_313,1
references,QC_SOP_313,1
controlled,QC_SOP_313,1
onset,QC_SOP_313,1
melting,QC_SOP_313,1
identity,QC_SOP_313,1
expected,QC_SOP_313,1
sample,QC_SOP_314,1
acceptance,QC_SOP_314,1
within,QC_SOP_314,1
density,QC_SOP_314,1
solid,QC_SOP_314,1
assess,QC_SOP_314,1
densities,QC_SOP_314,1
dosage,QC_SOP_314,1
materials,QC_SOP_314,1
testing,QC_SOP_314,1
powders,QC_SOP_314,1
initial,QC_SOP_314,1
scope,QC_SOP_314,1
cylinder,QC_SOP_314,1
material,QC_SOP_314,1
procedure,QC_SOP_314,1
title,QC_SOP_314,1
volume,QC_SOP_314,1
specification,QC_SOP_314,1
record,QC_SOP_314,1
calculate,QC_SOP_314,1
known,QC_SOP_314,1
number,QC_SOP_314,1
defined,QC_SOP_314,1
purpose,QC_SOP_314,1
forms,QC_SOP_314,1
document,QC_SOP_314,1
transfer,QC_SOP_314,1
results,QC_SOP_314,1
index,QC_SOP_314,1
measure,QC_SOP_314,1
criteria,QC_SOP_314,1
replicate,QC_SOP_314,1
tapped,QC_SOP_314,1
graduated,QC_SOP_314,1
references,QC_SOP_314,1
properties,QC_SOP_314,1
weigh,QC_SOP_314,1
sample,QC_SOP_315,1
presence,QC_SOP_315,1
acceptance,QC_SOP_315,1
samples,QC_SOP_315,1
plating,QC_SOP_315,1
specified,QC_SOP_315,1
selective,QC_SOP_315,1
materials,QC_SOP_315,1
testing,QC_SOP_315,1
pathogen,QC_SOP_315,1
rapid,QC_SOP_315,1
scope,QC_SOP_315,1
material,QC_SOP_315,1
enrich,QC_SOP_315,1
pathogens,QC_SOP_315,1
procedure,QC_SOP_315,1
absence,QC_SOP_315,1
title,QC_SOP_315,1
microbial,QC_SOP_315,1
colonies,QC_SOP_315,1
using,QC_SOP_315,1
record,QC_SOP_315,1
defined,QC_SOP_315,1
purpose,QC_SOP_315,1
perform,QC_SOP_315,1
requiring,QC_SOP_315,1
document,QC_SOP_315,1
detect,QC_SOP_315,1
results,QC_SOP_315,1
incubation,QC_SOP_315,1
presumptive,QC_SOP_315,1
biochemical,QC_SOP_315,1
criteria,QC_SOP_315,1
confirm,QC_SOP_315,1
media,QC_SOP_315,1
methods,QC_SOP_315,1
references,QC_SOP_315,1
salmonella,QC_SOP_315,1
sample,QC_SOP_316,1
acceptance,QC_SOP_316,1
reference,QC_SOP_316,1
compare,QC_SOP_316,1
method,QC_SOP_316,1
precipitate,QC_SOP_316,1
general,QC_SOP_316,1
materials,QC_SOP_316,1
classical,QC_SOP_316,1
testing,QC_SOP_316,1
prepare,QC_SOP_316,1
standard,QC_SOP_316,1
positive,QC_SOP_316,1
scope,QC_SOP_316,1
reaction,QC_SOP_316,1
material,QC_SOP_316,1
color,QC_SOP_316,1
procedure,QC_SOP_316,1
identification,QC_SOP_316,1
title,QC_SOP_316,1
change,QC_SOP_316,1
using,QC_SOP_316,1
compendial,QC_SOP_316,1
observations,QC_SOP_316,1
purpose,QC_SOP_316,1
evolution,QC_SOP_316,1
chemical,QC_SOP_316,1
perform,QC_SOP_316,1
document,QC_SOP_316,1
consistent,QC_SOP_316,1
results,QC_SOP_316,1
reagents,QC_SOP_316,1
chapters,QC_SOP_316,1
criteria,QC_SOP_316,1
confirm,QC_SOP_316,1
observe,QC_SOP_316,1
tests,QC_SOP_316,1
references,QC_SOP_316,1
reactions,QC_SOP_316,1
identity,QC_SOP_316,1
conflicting,QC_SOP_316,1
acceptance,QC_SOP_317,1
compare,QC_SOP_317,1
integrity,QC_SOP_317,1
intact,QC_SOP_317,1
materials,QC_SOP_317,1
received,QC_SOP_317,1
discrepancies,QC_SOP_317,1
testing,QC_SOP_317,1
complete,QC_SOP_317,1
purchase,QC_SOP_317,1
scope,QC_SOP_317,1
labeling,QC_SOP_317,1
material,QC_SOP_317,1
specifications,QC_SOP_317,1
procedure,QC_SOP_317,1
supplier,QC_SOP_317,1
title,QC_SOP_317,1
label,QC_SOP_317,1
packaged,QC_SOP_317,1
record,QC_SOP_317,1
correctly,QC_SOP_317,1
number,QC_SOP_317,1
inspection,QC_SOP_317,1
purpose,QC_SOP_317,1
reject,QC_SOP_317,1
criteria,QC_SOP_317,1
labeled,QC_SOP_317,1
verification,QC_SOP_317,1
check,QC_SOP_317,1
packaging,QC_SOP_317,1
ensure,QC_SOP_317,1
verify,QC_SOP_317,1
approve,QC_SOP_317,1
references,QC_SOP_317,1
documentation,QC_SOP_317,1
incoming,QC_SOP_317,1
acceptance,QC_SOP_318,1
assignment,QC_SOP_318,1
retest,QC_SOP_318,1
significant,QC_SOP_318,1
degradation,QC_SOP_318,1
testing,QC_SOP_318,1
excipients,QC_SOP_318,1
justification,QC_SOP_318,1
scope,QC_SOP_318,1
observed,QC_SOP_318,1
based,QC_SOP_318,1
material,QC_SOP_318,1
procedure,QC_SOP_318,1
stability,QC_SOP_318,1
title,QC_SOP_318,1
justified,QC_SOP_318,1
trends,QC_SOP_318,1
purpose,QC_SOP_318,1
document,QC_SOP_318,1
criteria,QC_SOP_318,1
evaluate,QC_SOP_318,1
scientifically,QC_SOP_318,1
period,QC_SOP_318,1
approve,QC_SOP_318,1
references,QC_SOP_318,1
review,QC_SOP_318,1
assign,QC_SOP_318,1
periods,QC_SOP_318,1
acceptance,QC_SOP_319,1
within,QC_SOP_319,1
compare,QC_SOP_319,1
materials,QC_SOP_319,1
discrepancies,QC_SOP_319,1
batch,QC_SOP_319,1
testing,QC_SOP_319,1
analysis,QC_SOP_319,1
scope,QC_SOP_319,1
material,QC_SOP_319,1
accuracy,QC_SOP_319,1
procedure,QC_SOP_319,1
supplier,QC_SOP_319,1
title,QC_SOP_319,1
archive,QC_SOP_319,1
internal,QC_SOP_319,1
against,QC_SOP_319,1
purpose,QC_SOP_319,1
reject,QC_SOP_319,1
document,QC_SOP_319,1
results,QC_SOP_319,1
critical,QC_SOP_319,1
criteria,QC_SOP_319,1
evaluate,QC_SOP_319,1
verification,QC_SOP_319,1
certificate,QC_SOP_319,1
verify,QC_SOP_319,1
approve,QC_SOP_319,1
references,QC_SOP_319,1
review,QC_SOP_319,1
incoming,QC_SOP_319,1
during,QC_SOP_320,1
before,QC_SOP_320,1
acceptance,QC_SOP_320,1
tools,QC_SOP_320,1
clean,QC_SOP_320,1
control,QC_SOP_320,1
store,QC_SOP_320,1
prevent,QC_SOP_320,1
testing,QC_SOP_320,1
inspect,QC_SOP_320,1
scope,QC_SOP_320,1
sampling,QC_SOP_320,1
material,QC_SOP_320,1
procedure,QC_SOP_320,1
title,QC_SOP_320,1
microbial,QC_SOP_320,1
cleanliness,QC_SOP_320,1
cleaning,QC_SOP_320,1
residue,QC_SOP_320,1
purpose,QC_SOP_320,1
properly,QC_SOP_320,1
document,QC_SOP_320,1
cross-contamination,QC_SOP_320,1
criteria,QC_SOP_320,1
usage,QC_SOP_320,1
visible,QC_SOP_320,1
verify,QC_SOP_320,1
references,QC_SOP_320,1
count,QC_SOP_320,1
sample,QC_SOP_321,1
acceptance,QC_SOP_321,1
tools,QC_SOP_321,1
determine,QC_SOP_321,1
samples,QC_SOP_321,1
classify,QC_SOP_321,1
statistically,QC_SOP_321,1
combine,QC_SOP_321,1
materials,QC_SOP_321,1
containers,QC_SOP_321,1
testing,QC_SOP_321,1
excipients,QC_SOP_321,1
maintained,QC_SOP_321,1
scope,QC_SOP_321,1
multiple,QC_SOP_321,1
stratification,QC_SOP_321,1
sampling,QC_SOP_321,1
retain,QC_SOP_321,1
material,QC_SOP_321,1
approved,QC_SOP_321,1
procedure,QC_SOP_321,1
supplier,QC_SOP_321,1
composite,QC_SOP_321,1
title,QC_SOP_321,1
risk-based,QC_SOP_321,1
justified,QC_SOP_321,1
label,QC_SOP_321,1
increments,QC_SOP_321,1
level,QC_SOP_321,1
using,QC_SOP_321,1
representativeness,QC_SOP_321,1
number,QC_SOP_321,1
deviations,QC_SOP_321,1
compliance,QC_SOP_321,1
square-root-n,QC_SOP_321,1
homogeneity,QC_SOP_321,1
purpose,QC_SOP_321,1
history,QC_SOP_321,1
perform,QC_SOP_321,1
document,QC_SOP_321,1
cross-contamination,QC_SOP_321,1
criticality,QC_SOP_321,1
investigation,QC_SOP_321,1
criteria,QC_SOP_321,1
sampled,QC_SOP_321,1
cleaned,QC_SOP_321,1
establish,QC_SOP_321,1
evidence,QC_SOP_321,1
stored,QC_SOP_321,1
traceability,QC_SOP_321,1
ensuring,QC_SOP_321,1
references,QC_SOP_321,1
controlled,QC_SOP_321,1
assign,QC_SOP_321,1
dedicated,QC_SOP_321,1
incoming,QC_SOP_321,1
sample,QC_SOP_322,1
periodic,QC_SOP_322,1
cross-check,QC_SOP_322,1
qualified,QC_SOP_322,1
calibration,QC_SOP_322,1
acceptance,QC_SOP_322,1
compare,QC_SOP_322,1
method,QC_SOP_322,1
materials,QC_SOP_322,1
through,QC_SOP_322,1
testing,QC_SOP_322,1
library,QC_SOP_322,1
rapid,QC_SOP_322,1
scope,QC_SOP_322,1
approved,QC_SOP_322,1
material,QC_SOP_322,1
match,QC_SOP_322,1
procedure,QC_SOP_322,1
status,QC_SOP_322,1
acquire,QC_SOP_322,1
spectrum,QC_SOP_322,1
residuals,QC_SOP_322,1
title,QC_SOP_322,1
concordance,QC_SOP_322,1
flags,QC_SOP_322,1
using,QC_SOP_322,1
chemometric,QC_SOP_322,1
validated,QC_SOP_322,1
record,QC_SOP_322,1
instrument,QC_SOP_322,1
validity,QC_SOP_322,1
compendial,QC_SOP_322,1
spectroscopy,QC_SOP_322,1
container,QC_SOP_322,1
under,QC_SOP_322,1
purpose,QC_SOP_322,1
perform,QC_SOP_322,1
results,QC_SOP_322,1
outliers,QC_SOP_322,1
criteria,QC_SOP_322,1
confirm,QC_SOP_322,1
rapidly,QC_SOP_322,1
near-infrared,QC_SOP_322,1
verification,QC_SOP_322,1
verify,QC_SOP_322,1
references,QC_SOP_322,1
outlier,QC_SOP_322,1
score,QC_SOP_322,1
review,QC_SOP_322,1
identity,QC_SOP_322,1
model,QC_SOP_322,1
models,QC_SOP_322,1
sample,QC_SOP_323,1
inject,QC_SOP_323,1
suitable,QC_SOP_323,1
levels,QC_SOP_323,1
required,QC_SOP_323,1
samples,QC_SOP_323,1
content,QC_SOP_323,1
compatibility,QC_SOP_323,1
integrate,QC_SOP_323,1
calibration,QC_SOP_323,1
acceptance,QC_SOP_323,1
within,QC_SOP_323,1
impacting,QC_SOP_323,1
materials,QC_SOP_323,1
diluent,QC_SOP_323,1
chromatography,QC_SOP_323,1
calibrate,QC_SOP_323,1
peaks,QC_SOP_323,1
testing,QC_SOP_323,1
prepare,QC_SOP_323,1
standard,QC_SOP_323,1
scope,QC_SOP_323,1
blank,QC_SOP_323,1
material,QC_SOP_323,1
specifications,QC_SOP_323,1
procedure,QC_SOP_323,1
stability,QC_SOP_323,1
system,QC_SOP_323,1
title,QC_SOP_323,1
trend,QC_SOP_323,1
process,QC_SOP_323,1
concentration,QC_SOP_323,1
specification,QC_SOP_323,1
calculate,QC_SOP_323,1
across,QC_SOP_323,1
purpose,QC_SOP_323,1
quantify,QC_SOP_323,1
range,QC_SOP_323,1
curve,QC_SOP_323,1
document,QC_SOP_323,1
results,QC_SOP_323,1
standards,QC_SOP_323,1
chloride,QC_SOP_323,1
criteria,QC_SOP_323,1
suitability,QC_SOP_323,1
product,QC_SOP_323,1
filter,QC_SOP_323,1
verify,QC_SOP_323,1
references,QC_SOP_323,1
turbidity,QC_SOP_324,1
sample,QC_SOP_324,1
turbidimetric,QC_SOP_324,1
calibration,QC_SOP_324,1
acceptance,QC_SOP_324,1
determination,QC_SOP_324,1
turbidimetry,QC_SOP_324,1
result,QC_SOP_324,1
within,QC_SOP_324,1
method,QC_SOP_324,1
specified,QC_SOP_324,1
general,QC_SOP_324,1
materials,QC_SOP_324,1
testing,QC_SOP_324,1
prepare,QC_SOP_324,1
impurities,QC_SOP_324,1
scope,QC_SOP_324,1
duplicate,QC_SOP_324,1
sulfate,QC_SOP_324,1
material,QC_SOP_324,1
procedure,QC_SOP_324,1
title,QC_SOP_324,1
specification,QC_SOP_324,1
conditions,QC_SOP_324,1
using,QC_SOP_324,1
wavelength,QC_SOP_324,1
record,QC_SOP_324,1
barium,QC_SOP_324,1
difference,QC_SOP_324,1
under,QC_SOP_324,1
purpose,QC_SOP_324,1
construct,QC_SOP_324,1
curve,QC_SOP_324,1
quantify,QC_SOP_324,1
generate,QC_SOP_324,1
results,QC_SOP_324,1
chapters,QC_SOP_324,1
chloride,QC_SOP_324,1
limits,QC_SOP_324,1
measure,QC_SOP_324,1
absorbance,QC_SOP_324,1
criteria,QC_SOP_324,1
references,QC_SOP_324,1
controlled,QC_SOP_324,1
reagent,QC_SOP_324,1
sample,QC_SOP_325,1
acceptance,QC_SOP_325,1
samples,QC_SOP_325,1
content,QC_SOP_325,1
within,QC_SOP_325,1
reading,QC_SOP_325,1
compare,QC_SOP_325,1
specified,QC_SOP_325,1
assess,QC_SOP_325,1
materials,QC_SOP_325,1
aqueous,QC_SOP_325,1
probe,QC_SOP_325,1
calibrate,QC_SOP_325,1
testing,QC_SOP_325,1
temperature,QC_SOP_325,1
standard,QC_SOP_325,1
scope,QC_SOP_325,1
material,QC_SOP_325,1
accuracy,QC_SOP_325,1
procedure,QC_SOP_325,1
title,QC_SOP_325,1
conductivity,QC_SOP_325,1
solutions,QC_SOP_325,1
record,QC_SOP_325,1
stabilized,QC_SOP_325,1
ionic,QC_SOP_325,1
purpose,QC_SOP_325,1
rinse,QC_SOP_325,1
range,QC_SOP_325,1
between,QC_SOP_325,1
water-based,QC_SOP_325,1
document,QC_SOP_325,1
results,QC_SOP_325,1
limits,QC_SOP_325,1
measure,QC_SOP_325,1
criteria,QC_SOP_325,1
references,QC_SOP_325,1
meter,QC_SOP_325,1
controlled,QC_SOP_325,1
measurement,QC_SOP_325,1
sample,QC_SOP_326,1
acceptance,QC_SOP_326,1
within,QC_SOP_326,1
spectrophotometry,QC_SOP_326,1
appearance,QC_SOP_326,1
specified,QC_SOP_326,1
impacting,QC_SOP_326,1
calibrate,QC_SOP_326,1
testing,QC_SOP_326,1
attributes,QC_SOP_326,1
scope,QC_SOP_326,1
blank,QC_SOP_326,1
average,QC_SOP_326,1
liquids,QC_SOP_326,1
color,QC_SOP_326,1
material,QC_SOP_326,1
specifications,QC_SOP_326,1
procedure,QC_SOP_326,1
units,QC_SOP_326,1
title,QC_SOP_326,1
solutions,QC_SOP_326,1
calculate,QC_SOP_326,1
instrument,QC_SOP_326,1
purpose,QC_SOP_326,1
quantify,QC_SOP_326,1
perform,QC_SOP_326,1
triplicate,QC_SOP_326,1
standards,QC_SOP_326,1
document,QC_SOP_326,1
results,QC_SOP_326,1
absorbance,QC_SOP_326,1
measure,QC_SOP_326,1
index,QC_SOP_326,1
criteria,QC_SOP_326,1
product,QC_SOP_326,1
readings,QC_SOP_326,1
references,QC_SOP_326,1
measurement,QC_SOP_326,1
processability,QC_SOP_327,1
sample,QC_SOP_327,1
acceptance,QC_SOP_327,1
determination,QC_SOP_327,1
determine,QC_SOP_327,1
within,QC_SOP_327,1
control,QC_SOP_327,1
specified,QC_SOP_327,1
materials,QC_SOP_327,1
testing,QC_SOP_327,1
spindle,QC_SOP_327,1
temperature,QC_SOP_327,1
scope,QC_SOP_327,1
material,QC_SOP_327,1
liquid,QC_SOP_327,1
procedure,QC_SOP_327,1
appropriate,QC_SOP_327,1
title,QC_SOP_327,1
shear,QC_SOP_327,1
solutions,QC_SOP_327,1
record,QC_SOP_327,1
select,QC_SOP_327,1
defined,QC_SOP_327,1
purpose,QC_SOP_327,1
range,QC_SOP_327,1
quality,QC_SOP_327,1
triplicate,QC_SOP_327,1
document,QC_SOP_327,1
viscosity,QC_SOP_327,1
results,QC_SOP_327,1
measure,QC_SOP_327,1
criteria,QC_SOP_327,1
viscometer,QC_SOP_327,1
readings,QC_SOP_327,1
references,QC_SOP_327,1
equilibrate,QC_SOP_327,1
sample,QC_SOP_328,1
acceptance,QC_SOP_328,1
determine,QC_SOP_328,1
within,QC_SOP_328,1
density,QC_SOP_328,1
specified,QC_SOP_328,1
materials,QC_SOP_328,1
calibrate,QC_SOP_328,1
testing,QC_SOP_328,1
temperature,QC_SOP_328,1
gravity,QC_SOP_328,1
scope,QC_SOP_328,1
material,QC_SOP_328,1
liquid,QC_SOP_328,1
procedure,QC_SOP_328,1
specific,QC_SOP_328,1
title,QC_SOP_328,1
densitometer,QC_SOP_328,1
record,QC_SOP_328,1
purpose,QC_SOP_328,1
pycnometer,QC_SOP_328,1
range,QC_SOP_328,1
formulation,QC_SOP_328,1
perform,QC_SOP_328,1
document,QC_SOP_328,1
calculations,QC_SOP_328,1
results,QC_SOP_328,1
measure,QC_SOP_328,1
criteria,QC_SOP_328,1
replicate,QC_SOP_328,1
readings,QC_SOP_328,1
references,QC_SOP_328,1
controlled,QC_SOP_328,1
measurements,QC_SOP_328,1
identity,QC_SOP_328,1
measurement,QC_SOP_328,1
sample,QC_SOP_329,1
positions,QC_SOP_329,1
indicating,QC_SOP_329,1
acceptance,QC_SOP_329,1
pattern,QC_SOP_329,1
reference,QC_SOP_329,1
compare,QC_SOP_329,1
solid,QC_SOP_329,1
concerns,QC_SOP_329,1
intensities,QC_SOP_329,1
ground,QC_SOP_329,1
peaks,QC_SOP_329,1
testing,QC_SOP_329,1
polymorphism,QC_SOP_329,1
prepare,QC_SOP_329,1
scope,QC_SOP_329,1
polymorph,QC_SOP_329,1
material,QC_SOP_329,1
procedure,QC_SOP_329,1
identification,QC_SOP_329,1
x-ray,QC_SOP_329,1
acquire,QC_SOP_329,1
crystalline,QC_SOP_329,1
title,QC_SOP_329,1
additional,QC_SOP_329,1
purpose,QC_SOP_329,1
document,QC_SOP_329,1
results,QC_SOP_329,1
criteria,QC_SOP_329,1
evaluate,QC_SOP_329,1
confirm,QC_SOP_329,1
finely,QC_SOP_329,1
references,QC_SOP_329,1
matches,QC_SOP_329,1
diffraction,QC_SOP_329,1
identity,QC_SOP_329,1
sample,QC_SOP_330,1
acceptance,QC_SOP_330,1
within,QC_SOP_330,1
volatile,QC_SOP_330,1
inorganic,QC_SOP_330,1
specified,QC_SOP_330,1
reweigh,QC_SOP_330,1
materials,QC_SOP_330,1
testing,QC_SOP_330,1
temperature,QC_SOP_330,1
ignite,QC_SOP_330,1
scope,QC_SOP_330,1
duplicate,QC_SOP_330,1
material,QC_SOP_330,1
moisture,QC_SOP_330,1
residues,QC_SOP_330,1
procedure,QC_SOP_330,1
title,QC_SOP_330,1
specification,QC_SOP_330,1
calculate,QC_SOP_330,1
record,QC_SOP_330,1
ignition,QC_SOP_330,1
combustible,QC_SOP_330,1
difference,QC_SOP_330,1
purpose,QC_SOP_330,1
quantify,QC_SOP_330,1
results,QC_SOP_330,1
criteria,QC_SOP_330,1
crucible,QC_SOP_330,1
desiccator,QC_SOP_330,1
references,QC_SOP_330,1
residual,QC_SOP_330,1
weigh,QC_SOP_330,1
sample,QC_SOP_331,1
solvent,QC_SOP_331,1
acceptance,QC_SOP_331,1
assay,QC_SOP_331,1
within,QC_SOP_331,1
titrant,QC_SOP_331,1
detection,QC_SOP_331,1
general,QC_SOP_331,1
materials,QC_SOP_331,1
indicator,QC_SOP_331,1
potentiometric,QC_SOP_331,1
testing,QC_SOP_331,1
dissolve,QC_SOP_331,1
prepare,QC_SOP_331,1
standard,QC_SOP_331,1
scope,QC_SOP_331,1
duplicate,QC_SOP_331,1
material,QC_SOP_331,1
procedure,QC_SOP_331,1
endpoint,QC_SOP_331,1
appropriate,QC_SOP_331,1
title,QC_SOP_331,1
using,QC_SOP_331,1
calculate,QC_SOP_331,1
standardize,QC_SOP_331,1
assays,QC_SOP_331,1
difference,QC_SOP_331,1
analyte,QC_SOP_331,1
purpose,QC_SOP_331,1
quantify,QC_SOP_331,1
titrimetric,QC_SOP_331,1
document,QC_SOP_331,1
results,QC_SOP_331,1
chapters,QC_SOP_331,1
criteria,QC_SOP_331,1
titration,QC_SOP_331,1
references,QC_SOP_331,1
titrate,QC_SOP_331,1
volumetric,QC_SOP_331,1
presence,QC_SOP_332,1
acceptance,QC_SOP_332,1
reference,QC_SOP_332,1
compare,QC_SOP_332,1
appearance,QC_SOP_332,1
assess,QC_SOP_332,1
foreign,QC_SOP_332,1
matter,QC_SOP_332,1
materials,QC_SOP_332,1
meets,QC_SOP_332,1
testing,QC_SOP_332,1
attributes,QC_SOP_332,1
inspect,QC_SOP_332,1
scope,QC_SOP_332,1
color,QC_SOP_332,1
material,QC_SOP_332,1
procedure,QC_SOP_332,1
description,QC_SOP_332,1
title,QC_SOP_332,1
investigate,QC_SOP_332,1
conditions,QC_SOP_332,1
deviations,QC_SOP_332,1
observations,QC_SOP_332,1
visual,QC_SOP_332,1
under,QC_SOP_332,1
purpose,QC_SOP_332,1
quality,QC_SOP_332,1
document,QC_SOP_332,1
standards,QC_SOP_332,1
lighting,QC_SOP_332,1
criteria,QC_SOP_332,1
evaluate,QC_SOP_332,1
visible,QC_SOP_332,1
clarity,QC_SOP_332,1
particulates,QC_SOP_332,1
references,QC_SOP_332,1
standardized,QC_SOP_332,1
assessment,QC_SOP_332,1
sample,QC_SOP_333,1
acceptance,QC_SOP_333,1
matter,QC_SOP_333,1
solid,QC_SOP_333,1
foreign,QC_SOP_333,1
specified,QC_SOP_333,1
surface,QC_SOP_333,1
materials,QC_SOP_333,1
limit,QC_SOP_333,1
testing,QC_SOP_333,1
extraneous,QC_SOP_333,1
scope,QC_SOP_333,1
hazardous,QC_SOP_333,1
material,QC_SOP_333,1
procedure,QC_SOP_333,1
separate,QC_SOP_333,1
magnification,QC_SOP_333,1
title,QC_SOP_333,1
spread,QC_SOP_333,1
examination,QC_SOP_333,1
inspection,QC_SOP_333,1
purpose,QC_SOP_333,1
contaminants,QC_SOP_333,1
visually,QC_SOP_333,1
document,QC_SOP_333,1
detect,QC_SOP_333,1
results,QC_SOP_333,1
criteria,QC_SOP_333,1
particles,QC_SOP_333,1
references,QC_SOP_333,1
examine,QC_SOP_333,1
count,QC_SOP_333,1
weigh,QC_SOP_333,1
during,QC_SOP_334,1
maintain,QC_SOP_334,1
acceptance,QC_SOP_334,1
within,QC_SOP_334,1
control,QC_SOP_334,1
specified,QC_SOP_334,1
annex,QC_SOP_334,1
environmental,QC_SOP_334,1
testing,QC_SOP_334,1
temperature,QC_SOP_334,1
scope,QC_SOP_334,1
sampling,QC_SOP_334,1
material,QC_SOP_334,1
procedure,QC_SOP_334,1
title,QC_SOP_334,1
investigate,QC_SOP_334,1
conditions,QC_SOP_334,1
record,QC_SOP_334,1
rooms,QC_SOP_334,1
humidity,QC_SOP_334,1
cleanliness,QC_SOP_334,1
monitor,QC_SOP_334,1
purpose,QC_SOP_334,1
environment,QC_SOP_334,1
excursions,QC_SOP_334,1
perform,QC_SOP_334,1
limits,QC_SOP_334,1
criteria,QC_SOP_334,1
classification,QC_SOP_334,1
verify,QC_SOP_334,1
references,QC_SOP_334,1
controlled,QC_SOP_334,1
retained,QC_SOP_335,1
sample,QC_SOP_335,1
maintain,QC_SOP_335,1
acceptance,QC_SOP_335,1
samples,QC_SOP_335,1
reference,QC_SOP_335,1
condition,QC_SOP_335,1
store,QC_SOP_335,1
specified,QC_SOP_335,1
materials,QC_SOP_335,1
batch,QC_SOP_335,1
degradation,QC_SOP_335,1
testing,QC_SOP_335,1
inventory,QC_SOP_335,1
inspect,QC_SOP_335,1
scope,QC_SOP_335,1
observed,QC_SOP_335,1
expiry,QC_SOP_335,1
retain,QC_SOP_335,1
material,QC_SOP_335,1
dispose,QC_SOP_335,1
procedure,QC_SOP_335,1
future,QC_SOP_335,1
title,QC_SOP_335,1
periodically,QC_SOP_335,1
label,QC_SOP_335,1
conditions,QC_SOP_335,1
storage,QC_SOP_335,1
under,QC_SOP_335,1
purpose,QC_SOP_335,1
properly,QC_SOP_335,1
after,QC_SOP_335,1
retention,QC_SOP_335,1
criteria,QC_SOP_335,1
details,QC_SOP_335,1
stored,QC_SOP_335,1
period,QC_SOP_335,1
ensure,QC_SOP_335,1
references,QC_SOP_335,1
tested,QC_SOP_335,1
sample,QC_SOP_336,1
suitable,QC_SOP_336,1
acceptance,QC_SOP_336,1
determine,QC_SOP_336,1
reference,QC_SOP_336,1
content,QC_SOP_336,1
within,QC_SOP_336,1
volatile,QC_SOP_336,1
solid,QC_SOP_336,1
weights,QC_SOP_336,1
thermogram,QC_SOP_336,1
materials,QC_SOP_336,1
drift,QC_SOP_336,1
calibrate,QC_SOP_336,1
testing,QC_SOP_336,1
analysis,QC_SOP_336,1
initial,QC_SOP_336,1
temperature,QC_SOP_336,1
standard,QC_SOP_336,1
scope,QC_SOP_336,1
thermal,QC_SOP_336,1
material,QC_SOP_336,1
components,QC_SOP_336,1
moisture,QC_SOP_336,1
procedure,QC_SOP_336,1
stability,QC_SOP_336,1
title,QC_SOP_336,1
repeatability,QC_SOP_336,1
thermogravimetric,QC_SOP_336,1
specification,QC_SOP_336,1
using,QC_SOP_336,1
profiles,QC_SOP_336,1
record,QC_SOP_336,1
versus,QC_SOP_336,1
calculate,QC_SOP_336,1
instrument,QC_SOP_336,1
validated,QC_SOP_336,1
water,QC_SOP_336,1
where,QC_SOP_336,1
defined,QC_SOP_336,1
under,QC_SOP_336,1
purpose,QC_SOP_336,1
document,QC_SOP_336,1
results,QC_SOP_336,1
limits,QC_SOP_336,1
criteria,QC_SOP_336,1
region,QC_SOP_336,1
fischer,QC_SOP_336,1
baseline,QC_SOP_336,1
references,QC_SOP_336,1
controlled,QC_SOP_336,1
identify,QC_SOP_336,1
weigh,QC_SOP_336,1
sample,QC_SOP_337,1
periodic,QC_SOP_337,1
through-container,QC_SOP_337,1
qualified,QC_SOP_337,1
calibration,QC_SOP_337,1
acceptance,QC_SOP_337,1
spectral,QC_SOP_337,1
compare,QC_SOP_337,1
exceptions,QC_SOP_337,1
materials,QC_SOP_337,1
through,QC_SOP_337,1
including,QC_SOP_337,1
raman,QC_SOP_337,1
testing,QC_SOP_337,1
analysis,QC_SOP_337,1
library,QC_SOP_337,1
program,QC_SOP_337,1
standard,QC_SOP_337,1
scope,QC_SOP_337,1
material,QC_SOP_337,1
match,QC_SOP_337,1
procedure,QC_SOP_337,1
identification,QC_SOP_337,1
acquire,QC_SOP_337,1
spectrum,QC_SOP_337,1
residuals,QC_SOP_337,1
title,QC_SOP_337,1
flags,QC_SOP_337,1
using,QC_SOP_337,1
validated,QC_SOP_337,1
chemometric,QC_SOP_337,1
instrument,QC_SOP_337,1
polystyrene,QC_SOP_337,1
spectroscopy,QC_SOP_337,1
container,QC_SOP_337,1
orthogonal,QC_SOP_337,1
purpose,QC_SOP_337,1
quality,QC_SOP_337,1
document,QC_SOP_337,1
results,QC_SOP_337,1
criteria,QC_SOP_337,1
confirm,QC_SOP_337,1
confirmation,QC_SOP_337,1
verify,QC_SOP_337,1
references,QC_SOP_337,1
direct,QC_SOP_337,1
outlier,QC_SOP_337,1
score,QC_SOP_337,1
review,QC_SOP_337,1
identity,QC_SOP_337,1
model,QC_SOP_337,1
sample,QC_SOP_338,1
acceptance,QC_SOP_338,1
content,QC_SOP_338,1
within,QC_SOP_338,1
method,QC_SOP_338,1
materials,QC_SOP_338,1
catalyst,QC_SOP_338,1
protein,QC_SOP_338,1
testing,QC_SOP_338,1
liberated,QC_SOP_338,1
absolute,QC_SOP_338,1
scope,QC_SOP_338,1
duplicate,QC_SOP_338,1
material,QC_SOP_338,1
nitrogen,QC_SOP_338,1
procedure,QC_SOP_338,1
title,QC_SOP_338,1
specification,QC_SOP_338,1
amine-containing,QC_SOP_338,1
kjeldahl,QC_SOP_338,1
calculate,QC_SOP_338,1
record,QC_SOP_338,1
difference,QC_SOP_338,1
purpose,QC_SOP_338,1
quantify,QC_SOP_338,1
distill,QC_SOP_338,1
distillate,QC_SOP_338,1
requiring,QC_SOP_338,1
neutralize,QC_SOP_338,1
results,QC_SOP_338,1
criteria,QC_SOP_338,1
sulfuric,QC_SOP_338,1
ammonia,QC_SOP_338,1
references,QC_SOP_338,1
titrate,QC_SOP_338,1
standardized,QC_SOP_338,1
digest,QC_SOP_338,1
sample,QC_SOP_339,1
acceptance,QC_SOP_339,1
determination,QC_SOP_339,1
determine,QC_SOP_339,1
content,QC_SOP_339,1
within,QC_SOP_339,1
constant,QC_SOP_339,1
inorganic,QC_SOP_339,1
reweigh,QC_SOP_339,1
specified,QC_SOP_339,1
materials,QC_SOP_339,1
limit,QC_SOP_339,1
until,QC_SOP_339,1
organic,QC_SOP_339,1
testing,QC_SOP_339,1
remaining,QC_SOP_339,1
scope,QC_SOP_339,1
ignite,QC_SOP_339,1
duplicate,QC_SOP_339,1
material,QC_SOP_339,1
procedure,QC_SOP_339,1
title,QC_SOP_339,1
calculate,QC_SOP_339,1
ignition,QC_SOP_339,1
residue,QC_SOP_339,1
difference,QC_SOP_339,1
purpose,QC_SOP_339,1
after,QC_SOP_339,1
pre-ignited,QC_SOP_339,1
document,QC_SOP_339,1
results,QC_SOP_339,1
weight,QC_SOP_339,1
limits,QC_SOP_339,1
criteria,QC_SOP_339,1
crucible,QC_SOP_339,1
desiccator,QC_SOP_339,1
references,QC_SOP_339,1
weigh,QC_SOP_339,1
sample,QC_SOP_340,1
values,QC_SOP_340,1
solvent,QC_SOP_340,1
acceptance,QC_SOP_340,1
reference,QC_SOP_340,1
within,QC_SOP_340,1
compare,QC_SOP_340,1
specified,QC_SOP_340,1
appearance,QC_SOP_340,1
extra,QC_SOP_340,1
materials,QC_SOP_340,1
chromatography,QC_SOP_340,1
testing,QC_SOP_340,1
apply,QC_SOP_340,1
thin-layer,QC_SOP_340,1
prepare,QC_SOP_340,1
visualize,QC_SOP_340,1
scope,QC_SOP_340,1
material,QC_SOP_340,1
procedure,QC_SOP_340,1
identification,QC_SOP_340,1
system,QC_SOP_340,1
title,QC_SOP_340,1
solutions,QC_SOP_340,1
using,QC_SOP_340,1
threshold,QC_SOP_340,1
under,QC_SOP_340,1
purpose,QC_SOP_340,1
spots,QC_SOP_340,1
reagents,QC_SOP_340,1
criteria,QC_SOP_340,1
reporting,QC_SOP_340,1
plate,QC_SOP_340,1
confirm,QC_SOP_340,1
methods,QC_SOP_340,1
develop,QC_SOP_340,1
references,QC_SOP_340,1
matches,QC_SOP_340,1
above,QC_SOP_340,1
identity,QC_SOP_340,1
sample,QC_SOP_341,1
sulfated,QC_SOP_341,1
treat,QC_SOP_341,1
acceptance,QC_SOP_341,1
determination,QC_SOP_341,1
content,QC_SOP_341,1
within,QC_SOP_341,1
specified,QC_SOP_341,1
materials,QC_SOP_341,1
testing,QC_SOP_341,1
excipients,QC_SOP_341,1
temperature,QC_SOP_341,1
ignite,QC_SOP_341,1
scope,QC_SOP_341,1
duplicate,QC_SOP_341,1
certain,QC_SOP_341,1
material,QC_SOP_341,1
procedure,QC_SOP_341,1
title,QC_SOP_341,1
specification,QC_SOP_341,1
calculate,QC_SOP_341,1
record,QC_SOP_341,1
residue,QC_SOP_341,1
difference,QC_SOP_341,1
purpose,QC_SOP_341,1
quantify,QC_SOP_341,1
results,QC_SOP_341,1
criteria,QC_SOP_341,1
sulfuric,QC_SOP_341,1
references,QC_SOP_341,1
weigh,QC_SOP_341,1
acceptance,QC_SOP_342,1
determination,QC_SOP_342,1
determine,QC_SOP_342,1
within,QC_SOP_342,1
materials,QC_SOP_342,1
potentiometric,QC_SOP_342,1
variation,QC_SOP_342,1
ionization,QC_SOP_342,1
testing,QC_SOP_342,1
prepare,QC_SOP_342,1
scope,QC_SOP_342,1
material,QC_SOP_342,1
procedure,QC_SOP_342,1
units,QC_SOP_342,1
title,QC_SOP_342,1
solution,QC_SOP_342,1
volume,QC_SOP_342,1
concentration,QC_SOP_342,1
record,QC_SOP_342,1
versus,QC_SOP_342,1
known,QC_SOP_342,1
purpose,QC_SOP_342,1
curve,QC_SOP_342,1
range,QC_SOP_342,1
document,QC_SOP_342,1
requiring,QC_SOP_342,1
results,QC_SOP_342,1
criteria,QC_SOP_342,1
replicate,QC_SOP_342,1
titration,QC_SOP_342,1
characterize,QC_SOP_342,1
references,QC_SOP_342,1
titrate,QC_SOP_342,1
properties,QC_SOP_342,1
standardized,QC_SOP_342,1
expected,QC_SOP_342,1
sample,QC_SOP_343,1
acceptance,QC_SOP_343,1
determination,QC_SOP_343,1
within,QC_SOP_343,1
specified,QC_SOP_343,1
assess,QC_SOP_343,1
materials,QC_SOP_343,1
calibrate,QC_SOP_343,1
testing,QC_SOP_343,1
temperature,QC_SOP_343,1
scope,QC_SOP_343,1
purity,QC_SOP_343,1
material,QC_SOP_343,1
liquid,QC_SOP_343,1
procedure,QC_SOP_343,1
title,QC_SOP_343,1
record,QC_SOP_343,1
refractometer,QC_SOP_343,1
purpose,QC_SOP_343,1
range,QC_SOP_343,1
perform,QC_SOP_343,1
document,QC_SOP_343,1
results,QC_SOP_343,1
index,QC_SOP_343,1
measure,QC_SOP_343,1
criteria,QC_SOP_343,1
replicate,QC_SOP_343,1
refractive,QC_SOP_343,1
readings,QC_SOP_343,1
references,QC_SOP_343,1
controlled,QC_SOP_343,1
identity,QC_SOP_343,1
sample,QC_SOP_344,1
acceptance,QC_SOP_344,1
acidity,QC_SOP_344,1
determination,QC_SOP_344,1
determine,QC_SOP_344,1
content,QC_SOP_344,1
applications,QC_SOP_344,1
within,QC_SOP_344,1
specified,QC_SOP_344,1
general,QC_SOP_344,1
materials,QC_SOP_344,1
testing,QC_SOP_344,1
dissolve,QC_SOP_344,1
scope,QC_SOP_344,1
duplicate,QC_SOP_344,1
material,QC_SOP_344,1
alkalinity,QC_SOP_344,1
procedure,QC_SOP_344,1
endpoint,QC_SOP_344,1
title,QC_SOP_344,1
calculate,QC_SOP_344,1
record,QC_SOP_344,1
water,QC_SOP_344,1
difference,QC_SOP_344,1
purpose,QC_SOP_344,1
ph-sensitive,QC_SOP_344,1
results,QC_SOP_344,1
chapters,QC_SOP_344,1
limits,QC_SOP_344,1
measure,QC_SOP_344,1
criteria,QC_SOP_344,1
references,QC_SOP_344,1
titrate,QC_SOP_344,1
residual,QC_SOP_344,1
standardized,QC_SOP_344,1
sample,QC_SOP_345,1
indicating,QC_SOP_345,1
solvent,QC_SOP_345,1
acceptance,QC_SOP_345,1
determination,QC_SOP_345,1
peroxide,QC_SOP_345,1
content,QC_SOP_345,1
specified,QC_SOP_345,1
general,QC_SOP_345,1
materials,QC_SOP_345,1
iodide,QC_SOP_345,1
limit,QC_SOP_345,1
testing,QC_SOP_345,1
liberated,QC_SOP_345,1
dissolve,QC_SOP_345,1
value,QC_SOP_345,1
scope,QC_SOP_345,1
duplicate,QC_SOP_345,1
material,QC_SOP_345,1
procedure,QC_SOP_345,1
title,QC_SOP_345,1
calculate,QC_SOP_345,1
oxidation,QC_SOP_345,1
difference,QC_SOP_345,1
purpose,QC_SOP_345,1
quantify,QC_SOP_345,1
mixture,QC_SOP_345,1
document,QC_SOP_345,1
results,QC_SOP_345,1
chapters,QC_SOP_345,1
lipid-based,QC_SOP_345,1
criteria,QC_SOP_345,1
references,QC_SOP_345,1
titrate,QC_SOP_345,1
react,QC_SOP_345,1
iodine,QC_SOP_345,1
sample,QC_SOP_346,1
acceptance,QC_SOP_346,1
determination,QC_SOP_346,1
content,QC_SOP_346,1
within,QC_SOP_346,1
specified,QC_SOP_346,1
assess,QC_SOP_346,1
general,QC_SOP_346,1
materials,QC_SOP_346,1
testing,QC_SOP_346,1
saponification,QC_SOP_346,1
value,QC_SOP_346,1
scope,QC_SOP_346,1
duplicate,QC_SOP_346,1
material,QC_SOP_346,1
procedure,QC_SOP_346,1
lipid,QC_SOP_346,1
title,QC_SOP_346,1
calculate,QC_SOP_346,1
record,QC_SOP_346,1
difference,QC_SOP_346,1
purpose,QC_SOP_346,1
reflux,QC_SOP_346,1
range,QC_SOP_346,1
alcoholic,QC_SOP_346,1
document,QC_SOP_346,1
results,QC_SOP_346,1
chapters,QC_SOP_346,1
criteria,QC_SOP_346,1
fatty,QC_SOP_346,1
references,QC_SOP_346,1
titrate,QC_SOP_346,1
excess,QC_SOP_346,1
sample,QC_SOP_347,1
acceptance,QC_SOP_347,1
determination,QC_SOP_347,1
within,QC_SOP_347,1
unsaturation,QC_SOP_347,1
compare,QC_SOP_347,1
specified,QC_SOP_347,1
general,QC_SOP_347,1
materials,QC_SOP_347,1
testing,QC_SOP_347,1
value,QC_SOP_347,1
scope,QC_SOP_347,1
duplicate,QC_SOP_347,1
material,QC_SOP_347,1
procedure,QC_SOP_347,1
lipid,QC_SOP_347,1
title,QC_SOP_347,1
calculate,QC_SOP_347,1
difference,QC_SOP_347,1
purpose,QC_SOP_347,1
range,QC_SOP_347,1
document,QC_SOP_347,1
results,QC_SOP_347,1
chapters,QC_SOP_347,1
limits,QC_SOP_347,1
measure,QC_SOP_347,1
criteria,QC_SOP_347,1
references,QC_SOP_347,1
titrate,QC_SOP_347,1
react,QC_SOP_347,1
excess,QC_SOP_347,1
reagent,QC_SOP_347,1
iodine,QC_SOP_347,1
degree,QC_SOP_347,1
during,QC_SOP_348,1
acceptance,QC_SOP_348,1
determination,QC_SOP_348,1
store,QC_SOP_348,1
changes,QC_SOP_348,1
materials,QC_SOP_348,1
aqueous,QC_SOP_348,1
testing,QC_SOP_348,1
initial,QC_SOP_348,1
scope,QC_SOP_348,1
material,QC_SOP_348,1
procedure,QC_SOP_348,1
units,QC_SOP_348,1
stability,QC_SOP_348,1
title,QC_SOP_348,1
change,QC_SOP_348,1
conditions,QC_SOP_348,1
record,QC_SOP_348,1
trends,QC_SOP_348,1
storage,QC_SOP_348,1
intervals,QC_SOP_348,1
defined,QC_SOP_348,1
under,QC_SOP_348,1
purpose,QC_SOP_348,1
measure,QC_SOP_348,1
evaluate,QC_SOP_348,1
criteria,QC_SOP_348,1
period,QC_SOP_348,1
references,QC_SOP_348,1
analyze,QC_SOP_348,1
solubility,QC_SOP_349,1
quantitative,QC_SOP_349,1
solvents,QC_SOP_349,1
acceptance,QC_SOP_349,1
dissolution,QC_SOP_349,1
determination,QC_SOP_349,1
compare,QC_SOP_349,1
assess,QC_SOP_349,1
general,QC_SOP_349,1
qualitative,QC_SOP_349,1
profile,QC_SOP_349,1
meets,QC_SOP_349,1
testing,QC_SOP_349,1
excipients,QC_SOP_349,1
ethanol,QC_SOP_349,1
scope,QC_SOP_349,1
behavior,QC_SOP_349,1
material,QC_SOP_349,1
specifications,QC_SOP_349,1
procedure,QC_SOP_349,1
findings,QC_SOP_349,1
title,QC_SOP_349,1
record,QC_SOP_349,1
water,QC_SOP_349,1
other,QC_SOP_349,1
defined,QC_SOP_349,1
purpose,QC_SOP_349,1
various,QC_SOP_349,1
document,QC_SOP_349,1
results,QC_SOP_349,1
chapters,QC_SOP_349,1
criteria,QC_SOP_349,1
classification,QC_SOP_349,1
observe,QC_SOP_349,1
references,QC_SOP_349,1
rejection,QC_SOP_350,1
acceptance,QC_SOP_350,1
obtained,QC_SOP_350,1
within,QC_SOP_350,1
compare,QC_SOP_350,1
analytical,QC_SOP_350,1
release,QC_SOP_350,1
materials,QC_SOP_350,1
disposition,QC_SOP_350,1
testing,QC_SOP_350,1
scope,QC_SOP_350,1
material,QC_SOP_350,1
specifications,QC_SOP_350,1
define,QC_SOP_350,1
procedure,QC_SOP_350,1
title,QC_SOP_350,1
specification,QC_SOP_350,1
decision,QC_SOP_350,1
deviations,QC_SOP_350,1
purpose,QC_SOP_350,1
reject,QC_SOP_350,1
document,QC_SOP_350,1
results,QC_SOP_350,1
criteria,QC_SOP_350,1
evaluate,QC_SOP_350,1
approval,QC_SOP_350,1
approve,QC_SOP_350,1
tests,QC_SOP_350,1
references,QC_SOP_350,1
review,QC_SOP_350,1
tested,QC_SOP_350,1
final,QC_SOP_350,1
acceptance,QC_SOP_351,1
avoid,QC_SOP_351,1
samples,QC_SOP_351,1
assay,QC_SOP_351,1
content,QC_SOP_351,1
within,QC_SOP_351,1
control,QC_SOP_351,1
solid,QC_SOP_351,1
method,QC_SOP_351,1
middle,QC_SOP_351,1
dosage,QC_SOP_351,1
prior,QC_SOP_351,1
testing,QC_SOP_351,1
prepare,QC_SOP_351,1
in-process,QC_SOP_351,1
target,QC_SOP_351,1
scope,QC_SOP_351,1
observed,QC_SOP_351,1
sampling,QC_SOP_351,1
thief,QC_SOP_351,1
segregation,QC_SOP_351,1
individual,QC_SOP_351,1
compression,QC_SOP_351,1
procedure,QC_SOP_351,1
define,QC_SOP_351,1
covering,QC_SOP_351,1
units,QC_SOP_351,1
locations,QC_SOP_351,1
blender,QC_SOP_351,1
title,QC_SOP_351,1
investigate,QC_SOP_351,1
conditions,QC_SOP_351,1
using,QC_SOP_351,1
validated,QC_SOP_351,1
calculate,QC_SOP_351,1
location-specific,QC_SOP_351,1
collect,QC_SOP_351,1
across,QC_SOP_351,1
variability,QC_SOP_351,1
analyze,QC_SOP_351,1
powder,QC_SOP_351,1
homogeneity,QC_SOP_351,1
purpose,QC_SOP_351,1
blend,QC_SOP_351,1
minimum,QC_SOP_351,1
filling,QC_SOP_351,1
under,QC_SOP_351,1
hplc-uv,QC_SOP_351,1
consistent,QC_SOP_351,1
document,QC_SOP_351,1
results,QC_SOP_351,1
atypical,QC_SOP_351,1
criteria,QC_SOP_351,1
involving,QC_SOP_351,1
bottom,QC_SOP_351,1
processes,QC_SOP_351,1
blending,QC_SOP_351,1
manufacturing,QC_SOP_351,1
uniformity,QC_SOP_351,1
verify,QC_SOP_351,1
blends,QC_SOP_351,1
ensure,QC_SOP_351,1
sampler,QC_SOP_351,1
controlled,QC_SOP_351,1
references,QC_SOP_351,1
during,QC_SOP_352,1
actions,QC_SOP_352,1
acceptance,QC_SOP_352,1
within,QC_SOP_352,1
every,QC_SOP_352,1
control,QC_SOP_352,1
tablet,QC_SOP_352,1
shifts,QC_SOP_352,1
minutes,QC_SOP_352,1
batch,QC_SOP_352,1
calibrated,QC_SOP_352,1
individually,QC_SOP_352,1
target,QC_SOP_352,1
in-process,QC_SOP_352,1
scope,QC_SOP_352,1
average,QC_SOP_352,1
parameters,QC_SOP_352,1
individual,QC_SOP_352,1
compression,QC_SOP_352,1
accuracy,QC_SOP_352,1
procedure,QC_SOP_352,1
units,QC_SOP_352,1
taken,QC_SOP_352,1
title,QC_SOP_352,1
trend,QC_SOP_352,1
using,QC_SOP_352,1
record,QC_SOP_352,1
calculate,QC_SOP_352,1
collect,QC_SOP_352,1
force,QC_SOP_352,1
intervals,QC_SOP_352,1
acceptable,QC_SOP_352,1
defined,QC_SOP_352,1
purpose,QC_SOP_352,1
balance,QC_SOP_352,1
range,QC_SOP_352,1
adjust,QC_SOP_352,1
tablets,QC_SOP_352,1
weight,QC_SOP_352,1
criteria,QC_SOP_352,1
depth,QC_SOP_352,1
ensuring,QC_SOP_352,1
references,QC_SOP_352,1
operations,QC_SOP_352,1
weigh,QC_SOP_352,1
during,QC_SOP_353,1
sample,QC_SOP_353,1
acceptance,QC_SOP_353,1
batches,QC_SOP_353,1
within,QC_SOP_353,1
control,QC_SOP_353,1
integrity,QC_SOP_353,1
tablet,QC_SOP_353,1
revolutions,QC_SOP_353,1
calibrated,QC_SOP_353,1
in-process,QC_SOP_353,1
hardness,QC_SOP_353,1
scope,QC_SOP_353,1
parameters,QC_SOP_353,1
compression,QC_SOP_353,1
procedure,QC_SOP_353,1
conduct,QC_SOP_353,1
title,QC_SOP_353,1
trend,QC_SOP_353,1
process,QC_SOP_353,1
mechanical,QC_SOP_353,1
product-specific,QC_SOP_353,1
using,QC_SOP_353,1
calculate,QC_SOP_353,1
record,QC_SOP_353,1
intervals,QC_SOP_353,1
defined,QC_SOP_353,1
purpose,QC_SOP_353,1
adjust,QC_SOP_353,1
results,QC_SOP_353,1
tablets,QC_SOP_353,1
weight,QC_SOP_353,1
measure,QC_SOP_353,1
criteria,QC_SOP_353,1
friability,QC_SOP_353,1
ensure,QC_SOP_353,1
references,QC_SOP_353,1
processing,QC_SOP_353,1
tester,QC_SOP_353,1
acceptance,QC_SOP_354,1
samples,QC_SOP_354,1
content,QC_SOP_354,1
within,QC_SOP_354,1
compare,QC_SOP_354,1
control,QC_SOP_354,1
method,QC_SOP_354,1
limit,QC_SOP_354,1
granules,QC_SOP_354,1
granule,QC_SOP_354,1
in-process,QC_SOP_354,1
target,QC_SOP_354,1
scope,QC_SOP_354,1
drying,QC_SOP_354,1
granulation,QC_SOP_354,1
moisture,QC_SOP_354,1
compression,QC_SOP_354,1
procedure,QC_SOP_354,1
title,QC_SOP_354,1
continue,QC_SOP_354,1
product-specific,QC_SOP_354,1
level,QC_SOP_354,1
post-drying,QC_SOP_354,1
using,QC_SOP_354,1
optimal,QC_SOP_354,1
record,QC_SOP_354,1
collect,QC_SOP_354,1
difference,QC_SOP_354,1
purpose,QC_SOP_354,1
document,QC_SOP_354,1
results,QC_SOP_354,1
measure,QC_SOP_354,1
criteria,QC_SOP_354,1
replicate,QC_SOP_354,1
processes,QC_SOP_354,1
references,QC_SOP_354,1
above,QC_SOP_354,1
final,QC_SOP_354,1
during,QC_SOP_355,1
before,QC_SOP_355,1
sample,QC_SOP_355,1
acceptance,QC_SOP_355,1
within,QC_SOP_355,1
control,QC_SOP_355,1
appearance,QC_SOP_355,1
annex,QC_SOP_355,1
sugar,QC_SOP_355,1
uniform,QC_SOP_355,1
target,QC_SOP_355,1
in-process,QC_SOP_355,1
coating,QC_SOP_355,1
scope,QC_SOP_355,1
observed,QC_SOP_355,1
without,QC_SOP_355,1
monitoring,QC_SOP_355,1
procedure,QC_SOP_355,1
title,QC_SOP_355,1
periodically,QC_SOP_355,1
calculate,QC_SOP_355,1
speed,QC_SOP_355,1
record,QC_SOP_355,1
defects,QC_SOP_355,1
application,QC_SOP_355,1
spray,QC_SOP_355,1
purpose,QC_SOP_355,1
adjust,QC_SOP_355,1
consistent,QC_SOP_355,1
tablets,QC_SOP_355,1
weight,QC_SOP_355,1
criteria,QC_SOP_355,1
deviation,QC_SOP_355,1
processes,QC_SOP_355,1
ensure,QC_SOP_355,1
references,QC_SOP_355,1
weigh,QC_SOP_355,1
adjustment,QC_SOP_356,1
during,QC_SOP_356,1
re-measure,QC_SOP_356,1
incrementally,QC_SOP_356,1
acceptance,QC_SOP_356,1
within,QC_SOP_356,1
beyond,QC_SOP_356,1
control,QC_SOP_356,1
performance,QC_SOP_356,1
until,QC_SOP_356,1
calibrated,QC_SOP_356,1
initial,QC_SOP_356,1
target,QC_SOP_356,1
in-process,QC_SOP_356,1
scope,QC_SOP_356,1
overshoot,QC_SOP_356,1
reached,QC_SOP_356,1
liquid,QC_SOP_356,1
procedure,QC_SOP_356,1
thoroughly,QC_SOP_356,1
units,QC_SOP_356,1
stability,QC_SOP_356,1
title,QC_SOP_356,1
solution,QC_SOP_356,1
continue,QC_SOP_356,1
using,QC_SOP_356,1
adjustments,QC_SOP_356,1
purpose,QC_SOP_356,1
document,QC_SOP_356,1
measure,QC_SOP_356,1
criteria,QC_SOP_356,1
processes,QC_SOP_356,1
manufacturing,QC_SOP_356,1
ensure,QC_SOP_356,1
references,QC_SOP_356,1
meter,QC_SOP_356,1
preparation,QC_SOP_356,1
values,QC_SOP_357,1
acceptance,QC_SOP_357,1
compare,QC_SOP_357,1
control,QC_SOP_357,1
integrity,QC_SOP_357,1
sterile,QC_SOP_357,1
permitted,QC_SOP_357,1
bubble,QC_SOP_357,1
annex,QC_SOP_357,1
failure,QC_SOP_357,1
meets,QC_SOP_357,1
non-sterile,QC_SOP_357,1
prior,QC_SOP_357,1
testing,QC_SOP_357,1
in-process,QC_SOP_357,1
scope,QC_SOP_357,1
procedure,QC_SOP_357,1
title,QC_SOP_357,1
specification,QC_SOP_357,1
filters,QC_SOP_357,1
record,QC_SOP_357,1
purpose,QC_SOP_357,1
manufacturer,QC_SOP_357,1
perform,QC_SOP_357,1
document,QC_SOP_357,1
results,QC_SOP_357,1
point,QC_SOP_357,1
criteria,QC_SOP_357,1
filtration,QC_SOP_357,1
filter,QC_SOP_357,1
pre-use,QC_SOP_357,1
manufacturing,QC_SOP_357,1
steps,QC_SOP_357,1
verify,QC_SOP_357,1
diffusion,QC_SOP_357,1
approve,QC_SOP_357,1
references,QC_SOP_357,1
pressure,QC_SOP_357,1
correct,QC_SOP_358,1
acceptance,QC_SOP_358,1
within,QC_SOP_358,1
control,QC_SOP_358,1
dosage,QC_SOP_358,1
variation,QC_SOP_358,1
target,QC_SOP_358,1
in-process,QC_SOP_358,1
scope,QC_SOP_358,1
average,QC_SOP_358,1
liquid,QC_SOP_358,1
procedure,QC_SOP_358,1
units,QC_SOP_358,1
title,QC_SOP_358,1
volume,QC_SOP_358,1
filled,QC_SOP_358,1
calculate,QC_SOP_358,1
record,QC_SOP_358,1
collect,QC_SOP_358,1
intervals,QC_SOP_358,1
defined,QC_SOP_358,1
purpose,QC_SOP_358,1
filling,QC_SOP_358,1
adjust,QC_SOP_358,1
forms,QC_SOP_358,1
results,QC_SOP_358,1
weight,QC_SOP_358,1
measure,QC_SOP_358,1
criteria,QC_SOP_358,1
verification,QC_SOP_358,1
needed,QC_SOP_358,1
ensure,QC_SOP_358,1
references,QC_SOP_358,1
operations,QC_SOP_358,1
machine,QC_SOP_358,1
acceptance,QC_SOP_359,1
determination,QC_SOP_359,1
samples,QC_SOP_359,1
within,QC_SOP_359,1
control,QC_SOP_359,1
annex,QC_SOP_359,1
mixing,QC_SOP_359,1
in-process,QC_SOP_359,1
scope,QC_SOP_359,1
sampling,QC_SOP_359,1
operations,QC_SOP_359,1
procedure,QC_SOP_359,1
findings,QC_SOP_359,1
conduct,QC_SOP_359,1
title,QC_SOP_359,1
validated,QC_SOP_359,1
studies,QC_SOP_359,1
intervals,QC_SOP_359,1
defined,QC_SOP_359,1
purpose,QC_SOP_359,1
minimum,QC_SOP_359,1
document,QC_SOP_359,1
production,QC_SOP_359,1
criteria,QC_SOP_359,1
achieved,QC_SOP_359,1
ensure,QC_SOP_359,1
uniformity,QC_SOP_359,1
references,QC_SOP_359,1
adequate,QC_SOP_359,1
analyze,QC_SOP_359,1
identify,QC_SOP_359,1
during,QC_SOP_360,1
acceptance,QC_SOP_360,1
setpoints,QC_SOP_360,1
within,QC_SOP_360,1
compare,QC_SOP_360,1
control,QC_SOP_360,1
temperature-sensitive,QC_SOP_360,1
temperature,QC_SOP_360,1
in-process,QC_SOP_360,1
target,QC_SOP_360,1
scope,QC_SOP_360,1
monitoring,QC_SOP_360,1
procedure,QC_SOP_360,1
title,QC_SOP_360,1
investigate,QC_SOP_360,1
record,QC_SOP_360,1
monitor,QC_SOP_360,1
purpose,QC_SOP_360,1
excursions,QC_SOP_360,1
document,QC_SOP_360,1
results,QC_SOP_360,1
criteria,QC_SOP_360,1
processes,QC_SOP_360,1
continuously,QC_SOP_360,1
uninvestigated,QC_SOP_360,1
manufacturing,QC_SOP_360,1
ensure,QC_SOP_360,1
references,QC_SOP_360,1
processing,QC_SOP_360,1
during,QC_SOP_361,1
values,QC_SOP_361,1
acceptance,QC_SOP_361,1
within,QC_SOP_361,1
control,QC_SOP_361,1
abnormal,QC_SOP_361,1
in-process,QC_SOP_361,1
inlet,QC_SOP_361,1
spikes,QC_SOP_361,1
scope,QC_SOP_361,1
monitoring,QC_SOP_361,1
procedure,QC_SOP_361,1
systems,QC_SOP_361,1
title,QC_SOP_361,1
investigate,QC_SOP_361,1
record,QC_SOP_361,1
outlet,QC_SOP_361,1
deviations,QC_SOP_361,1
monitor,QC_SOP_361,1
defined,QC_SOP_361,1
purpose,QC_SOP_361,1
range,QC_SOP_361,1
document,QC_SOP_361,1
detect,QC_SOP_361,1
criteria,QC_SOP_361,1
filtration,QC_SOP_361,1
references,QC_SOP_361,1
operations,QC_SOP_361,1
pressure,QC_SOP_361,1
acceptance,QC_SOP_362,1
samples,QC_SOP_362,1
compare,QC_SOP_362,1
control,QC_SOP_362,1
intermediate,QC_SOP_362,1
in-process,QC_SOP_362,1
inspect,QC_SOP_362,1
scope,QC_SOP_362,1
procedure,QC_SOP_362,1
title,QC_SOP_362,1
investigate,QC_SOP_362,1
stages,QC_SOP_362,1
record,QC_SOP_362,1
defects,QC_SOP_362,1
inspection,QC_SOP_362,1
issues,QC_SOP_362,1
acceptable,QC_SOP_362,1
visual,QC_SOP_362,1
purpose,QC_SOP_362,1
document,QC_SOP_362,1
visually,QC_SOP_362,1
standards,QC_SOP_362,1
detect,QC_SOP_362,1
minor,QC_SOP_362,1
critical,QC_SOP_362,1
criteria,QC_SOP_362,1
product,QC_SOP_362,1
manufacturing,QC_SOP_362,1
references,QC_SOP_362,1
intermediates,QC_SOP_362,1
acceptance,QC_SOP_363,1
within,QC_SOP_363,1
control,QC_SOP_363,1
in-line,QC_SOP_363,1
calibrate,QC_SOP_363,1
in-process,QC_SOP_363,1
parameters,QC_SOP_363,1
scope,QC_SOP_363,1
monitoring,QC_SOP_363,1
accuracy,QC_SOP_363,1
procedure,QC_SOP_363,1
real-time,QC_SOP_363,1
title,QC_SOP_363,1
process,QC_SOP_363,1
using,QC_SOP_363,1
record,QC_SOP_363,1
monitor,QC_SOP_363,1
guidance,QC_SOP_363,1
purpose,QC_SOP_363,1
adjust,QC_SOP_363,1
document,QC_SOP_363,1
limits,QC_SOP_363,1
criteria,QC_SOP_363,1
needed,QC_SOP_363,1
manufacturing,QC_SOP_363,1
references,QC_SOP_363,1
continuous,QC_SOP_363,1
model,QC_SOP_363,1
acceptance,QC_SOP_364,1
determination,QC_SOP_364,1
control,QC_SOP_364,1
assess,QC_SOP_364,1
sufficient,QC_SOP_364,1
in-process,QC_SOP_364,1
scope,QC_SOP_364,1
sampling,QC_SOP_364,1
define,QC_SOP_364,1
procedure,QC_SOP_364,1
title,QC_SOP_364,1
process,QC_SOP_364,1
periodically,QC_SOP_364,1
trends,QC_SOP_364,1
frequency,QC_SOP_364,1
variability,QC_SOP_364,1
intervals,QC_SOP_364,1
purpose,QC_SOP_364,1
document,QC_SOP_364,1
detect,QC_SOP_364,1
criteria,QC_SOP_364,1
needed,QC_SOP_364,1
activities,QC_SOP_364,1
update,QC_SOP_364,1
references,QC_SOP_364,1
review,QC_SOP_364,1
records,QC_SOP_365,1
acceptance,QC_SOP_365,1
control,QC_SOP_365,1
batch,QC_SOP_365,1
accurate,QC_SOP_365,1
in-process,QC_SOP_365,1
scope,QC_SOP_365,1
legible,QC_SOP_365,1
procedure,QC_SOP_365,1
title,QC_SOP_365,1
archive,QC_SOP_365,1
recording,QC_SOP_365,1
record,QC_SOP_365,1
purpose,QC_SOP_365,1
results,QC_SOP_365,1
missing,QC_SOP_365,1
criteria,QC_SOP_365,1
entries,QC_SOP_365,1
ensure,QC_SOP_365,1
activities,QC_SOP_365,1
verify,QC_SOP_365,1
approve,QC_SOP_365,1
references,QC_SOP_365,1
review,QC_SOP_365,1
documentation,QC_SOP_365,1
consistency,QC_SOP_366,1
during,QC_SOP_366,1
values,QC_SOP_366,1
acceptance,QC_SOP_366,1
batches,QC_SOP_366,1
downstream,QC_SOP_366,1
within,QC_SOP_366,1
every,QC_SOP_366,1
compare,QC_SOP_366,1
control,QC_SOP_366,1
tablet,QC_SOP_366,1
minutes,QC_SOP_366,1
calibrated,QC_SOP_366,1
batch,QC_SOP_366,1
uniform,QC_SOP_366,1
target,QC_SOP_366,1
in-process,QC_SOP_366,1
micrometer,QC_SOP_366,1
coating,QC_SOP_366,1
scope,QC_SOP_366,1
observed,QC_SOP_366,1
individual,QC_SOP_366,1
compression,QC_SOP_366,1
procedure,QC_SOP_366,1
accuracy,QC_SOP_366,1
title,QC_SOP_366,1
trend,QC_SOP_366,1
using,QC_SOP_366,1
thickness,QC_SOP_366,1
record,QC_SOP_366,1
calculate,QC_SOP_366,1
collect,QC_SOP_366,1
force,QC_SOP_366,1
digital,QC_SOP_366,1
monitor,QC_SOP_366,1
defined,QC_SOP_366,1
purpose,QC_SOP_366,1
range,QC_SOP_366,1
adjust,QC_SOP_366,1
results,QC_SOP_366,1
tablets,QC_SOP_366,1
measure,QC_SOP_366,1
criteria,QC_SOP_366,1
deviation,QC_SOP_366,1
tooling,QC_SOP_366,1
ensure,QC_SOP_366,1
references,QC_SOP_366,1
measurement,QC_SOP_366,1
during,QC_SOP_367,1
acceptance,QC_SOP_367,1
determine,QC_SOP_367,1
within,QC_SOP_367,1
every,QC_SOP_367,1
control,QC_SOP_367,1
intact,QC_SOP_367,1
tamping,QC_SOP_367,1
minutes,QC_SOP_367,1
accurate,QC_SOP_367,1
target,QC_SOP_367,1
in-process,QC_SOP_367,1
dosing,QC_SOP_367,1
scope,QC_SOP_367,1
average,QC_SOP_367,1
individual,QC_SOP_367,1
procedure,QC_SOP_367,1
empty,QC_SOP_367,1
units,QC_SOP_367,1
capsules,QC_SOP_367,1
title,QC_SOP_367,1
calculate,QC_SOP_367,1
collect,QC_SOP_367,1
capsule,QC_SOP_367,1
intervals,QC_SOP_367,1
defined,QC_SOP_367,1
purpose,QC_SOP_367,1
shells,QC_SOP_367,1
filling,QC_SOP_367,1
adjust,QC_SOP_367,1
results,QC_SOP_367,1
weight,QC_SOP_367,1
criteria,QC_SOP_367,1
verification,QC_SOP_367,1
ensure,QC_SOP_367,1
references,QC_SOP_367,1
encapsulation,QC_SOP_367,1
operations,QC_SOP_367,1
deviate,QC_SOP_367,1
weigh,QC_SOP_367,1
consumption,QC_SOP_368,1
during,QC_SOP_368,1
fluid-bed,QC_SOP_368,1
acceptance,QC_SOP_368,1
granulator,QC_SOP_368,1
determination,QC_SOP_368,1
determine,QC_SOP_368,1
high-shear,QC_SOP_368,1
samples,QC_SOP_368,1
predefined,QC_SOP_368,1
within,QC_SOP_368,1
control,QC_SOP_368,1
plateau,QC_SOP_368,1
annex,QC_SOP_368,1
power,QC_SOP_368,1
analysis,QC_SOP_368,1
granule,QC_SOP_368,1
in-process,QC_SOP_368,1
target,QC_SOP_368,1
scope,QC_SOP_368,1
halogen,QC_SOP_368,1
granulation,QC_SOP_368,1
reached,QC_SOP_368,1
moisture,QC_SOP_368,1
procedure,QC_SOP_368,1
endpoint,QC_SOP_368,1
title,QC_SOP_368,1
using,QC_SOP_368,1
optimal,QC_SOP_368,1
distribution,QC_SOP_368,1
collect,QC_SOP_368,1
particle,QC_SOP_368,1
intervals,QC_SOP_368,1
monitor,QC_SOP_368,1
analyzer,QC_SOP_368,1
purpose,QC_SOP_368,1
measure,QC_SOP_368,1
evaluate,QC_SOP_368,1
criteria,QC_SOP_368,1
processes,QC_SOP_368,1
references,QC_SOP_368,1
sieve,QC_SOP_368,1
torque,QC_SOP_368,1
fluid,QC_SOP_369,1
before,QC_SOP_369,1
acceptance,QC_SOP_369,1
determination,QC_SOP_369,1
samples,QC_SOP_369,1
within,QC_SOP_369,1
every,QC_SOP_369,1
reach,QC_SOP_369,1
control,QC_SOP_369,1
minutes,QC_SOP_369,1
airflow,QC_SOP_369,1
granules,QC_SOP_369,1
overheating,QC_SOP_369,1
target,QC_SOP_369,1
in-process,QC_SOP_369,1
inlet,QC_SOP_369,1
temperature,QC_SOP_369,1
scope,QC_SOP_369,1
drying,QC_SOP_369,1
moisture,QC_SOP_369,1
compression,QC_SOP_369,1
procedure,QC_SOP_369,1
endpoint,QC_SOP_369,1
title,QC_SOP_369,1
using,QC_SOP_369,1
validated,QC_SOP_369,1
collect,QC_SOP_369,1
analyzer,QC_SOP_369,1
purpose,QC_SOP_369,1
range,QC_SOP_369,1
measure,QC_SOP_369,1
criteria,QC_SOP_369,1
dryer,QC_SOP_369,1
ensure,QC_SOP_369,1
references,QC_SOP_369,1
operations,QC_SOP_369,1
final,QC_SOP_369,1
during,QC_SOP_370,1
sample,QC_SOP_370,1
acceptance,QC_SOP_370,1
picking,QC_SOP_370,1
peeling,QC_SOP_370,1
every,QC_SOP_370,1
correlate,QC_SOP_370,1
control,QC_SOP_370,1
tablet,QC_SOP_370,1
surface,QC_SOP_370,1
variation,QC_SOP_370,1
minutes,QC_SOP_370,1
annex,QC_SOP_370,1
uniform,QC_SOP_370,1
in-process,QC_SOP_370,1
inspect,QC_SOP_370,1
coating,QC_SOP_370,1
scope,QC_SOP_370,1
parameters,QC_SOP_370,1
color,QC_SOP_370,1
monitoring,QC_SOP_370,1
procedure,QC_SOP_370,1
title,QC_SOP_370,1
process,QC_SOP_370,1
record,QC_SOP_370,1
speed,QC_SOP_370,1
defects,QC_SOP_370,1
frequency,QC_SOP_370,1
spray,QC_SOP_370,1
under,QC_SOP_370,1
purpose,QC_SOP_370,1
adjust,QC_SOP_370,1
visually,QC_SOP_370,1
tablets,QC_SOP_370,1
detect,QC_SOP_370,1
finish,QC_SOP_370,1
lighting,QC_SOP_370,1
criteria,QC_SOP_370,1
defect,QC_SOP_370,1
needed,QC_SOP_370,1
references,QC_SOP_370,1
operations,QC_SOP_370,1
during,QC_SOP_371,1
sample,QC_SOP_371,1
acceptance,QC_SOP_371,1
dissolution,QC_SOP_371,1
batches,QC_SOP_371,1
control,QC_SOP_371,1
performance,QC_SOP_371,1
specified,QC_SOP_371,1
tablet,QC_SOP_371,1
medium,QC_SOP_371,1
minutes,QC_SOP_371,1
testing,QC_SOP_371,1
at-line,QC_SOP_371,1
in-process,QC_SOP_371,1
scope,QC_SOP_371,1
compression,QC_SOP_371,1
procedure,QC_SOP_371,1
title,QC_SOP_371,1
using,QC_SOP_371,1
record,QC_SOP_371,1
collect,QC_SOP_371,1
intervals,QC_SOP_371,1
monitor,QC_SOP_371,1
defined,QC_SOP_371,1
purpose,QC_SOP_371,1
perform,QC_SOP_371,1
immediate-release,QC_SOP_371,1
tablets,QC_SOP_371,1
dissolved,QC_SOP_371,1
point,QC_SOP_371,1
criteria,QC_SOP_371,1
apparatus,QC_SOP_371,1
manufacturing,QC_SOP_371,1
references,QC_SOP_371,1
analyze,QC_SOP_371,1
paddle,QC_SOP_371,1
before,QC_SOP_372,1
ratio,QC_SOP_372,1
funnel,QC_SOP_372,1
acceptance,QC_SOP_372,1
determine,QC_SOP_372,1
predefined,QC_SOP_372,1
compare,QC_SOP_372,1
control,QC_SOP_372,1
solid,QC_SOP_372,1
assess,QC_SOP_372,1
method,QC_SOP_372,1
density,QC_SOP_372,1
dosage,QC_SOP_372,1
granules,QC_SOP_372,1
testing,QC_SOP_372,1
granule,QC_SOP_372,1
in-process,QC_SOP_372,1
scope,QC_SOP_372,1
compression,QC_SOP_372,1
procedure,QC_SOP_372,1
title,QC_SOP_372,1
repose,QC_SOP_372,1
using,QC_SOP_372,1
calculate,QC_SOP_372,1
hausner,QC_SOP_372,1
purpose,QC_SOP_372,1
document,QC_SOP_372,1
results,QC_SOP_372,1
index,QC_SOP_372,1
measure,QC_SOP_372,1
limits,QC_SOP_372,1
criteria,QC_SOP_372,1
tapped,QC_SOP_372,1
angle,QC_SOP_372,1
manufacturing,QC_SOP_372,1
flowability,QC_SOP_372,1
references,QC_SOP_372,1
properties,QC_SOP_372,1
during,QC_SOP_373,1
sample,QC_SOP_373,1
before,QC_SOP_373,1
acceptance,QC_SOP_373,1
assay,QC_SOP_373,1
compare,QC_SOP_373,1
control,QC_SOP_373,1
significant,QC_SOP_373,1
annex,QC_SOP_373,1
in-process,QC_SOP_373,1
scope,QC_SOP_373,1
segregation,QC_SOP_373,1
procedure,QC_SOP_373,1
findings,QC_SOP_373,1
title,QC_SOP_373,1
distribution,QC_SOP_373,1
variability,QC_SOP_373,1
shift,QC_SOP_373,1
powder,QC_SOP_373,1
purpose,QC_SOP_373,1
blend,QC_SOP_373,1
handling,QC_SOP_373,1
after,QC_SOP_373,1
document,QC_SOP_373,1
transfer,QC_SOP_373,1
detect,QC_SOP_373,1
criteria,QC_SOP_373,1
evaluate,QC_SOP_373,1
blending,QC_SOP_373,1
references,QC_SOP_373,1
analyze,QC_SOP_373,1
operations,QC_SOP_373,1
assessment,QC_SOP_373,1
values,QC_SOP_374,1
acceptance,QC_SOP_374,1
within,QC_SOP_374,1
compare,QC_SOP_374,1
control,QC_SOP_374,1
tablet,QC_SOP_374,1
drift,QC_SOP_374,1
target,QC_SOP_374,1
in-process,QC_SOP_374,1
scope,QC_SOP_374,1
monitoring,QC_SOP_374,1
compression,QC_SOP_374,1
procedure,QC_SOP_374,1
title,QC_SOP_374,1
occurs,QC_SOP_374,1
trend,QC_SOP_374,1
record,QC_SOP_374,1
force,QC_SOP_374,1
intervals,QC_SOP_374,1
settings,QC_SOP_374,1
monitor,QC_SOP_374,1
defined,QC_SOP_374,1
purpose,QC_SOP_374,1
range,QC_SOP_374,1
adjust,QC_SOP_374,1
sensors,QC_SOP_374,1
consistent,QC_SOP_374,1
document,QC_SOP_374,1
results,QC_SOP_374,1
criteria,QC_SOP_374,1
deviation,QC_SOP_374,1
references,QC_SOP_374,1
properties,QC_SOP_374,1
machines,QC_SOP_374,1
machine,QC_SOP_374,1
sample,QC_SOP_375,1
acceptance,QC_SOP_375,1
content,QC_SOP_375,1
within,QC_SOP_375,1
compare,QC_SOP_375,1
control,QC_SOP_375,1
method,QC_SOP_375,1
uniform,QC_SOP_375,1
target,QC_SOP_375,1
in-process,QC_SOP_375,1
scope,QC_SOP_375,1
multiple,QC_SOP_375,1
procedure,QC_SOP_375,1
locations,QC_SOP_375,1
title,QC_SOP_375,1
specification,QC_SOP_375,1
using,QC_SOP_375,1
validated,QC_SOP_375,1
distribution,QC_SOP_375,1
calculate,QC_SOP_375,1
stage,QC_SOP_375,1
lubricant,QC_SOP_375,1
purpose,QC_SOP_375,1
blend,QC_SOP_375,1
document,QC_SOP_375,1
results,QC_SOP_375,1
criteria,QC_SOP_375,1
blending,QC_SOP_375,1
check,QC_SOP_375,1
ensure,QC_SOP_375,1
references,QC_SOP_375,1
analyze,QC_SOP_375,1
final,QC_SOP_375,1
during,QC_SOP_376,1
values,QC_SOP_376,1
acceptance,QC_SOP_376,1
within,QC_SOP_376,1
control,QC_SOP_376,1
probe,QC_SOP_376,1
calibrate,QC_SOP_376,1
in-process,QC_SOP_376,1
scope,QC_SOP_376,1
setpoint,QC_SOP_376,1
monitoring,QC_SOP_376,1
procedure,QC_SOP_376,1
daily,QC_SOP_376,1
bioprocesses,QC_SOP_376,1
units,QC_SOP_376,1
title,QC_SOP_376,1
fermentation,QC_SOP_376,1
using,QC_SOP_376,1
record,QC_SOP_376,1
monitor,QC_SOP_376,1
purpose,QC_SOP_376,1
adjust,QC_SOP_376,1
document,QC_SOP_376,1
criteria,QC_SOP_376,1
continuously,QC_SOP_376,1
references,QC_SOP_376,1
operations,QC_SOP_376,1
addition,QC_SOP_376,1
aeration,QC_SOP_377,1
acceptance,QC_SOP_377,1
levels,QC_SOP_377,1
control,QC_SOP_377,1
probe,QC_SOP_377,1
calibrate,QC_SOP_377,1
bioprocess,QC_SOP_377,1
agitation,QC_SOP_377,1
in-process,QC_SOP_377,1
scope,QC_SOP_377,1
monitoring,QC_SOP_377,1
procedure,QC_SOP_377,1
systems,QC_SOP_377,1
title,QC_SOP_377,1
saturation,QC_SOP_377,1
fermentation,QC_SOP_377,1
using,QC_SOP_377,1
record,QC_SOP_377,1
monitor,QC_SOP_377,1
purpose,QC_SOP_377,1
sensor,QC_SOP_377,1
adjust,QC_SOP_377,1
document,QC_SOP_377,1
dissolved,QC_SOP_377,1
criteria,QC_SOP_377,1
ensure,QC_SOP_377,1
references,QC_SOP_377,1
adequate,QC_SOP_377,1
oxygen,QC_SOP_377,1
values,QC_SOP_378,1
acceptance,QC_SOP_378,1
within,QC_SOP_378,1
compare,QC_SOP_378,1
control,QC_SOP_378,1
performance,QC_SOP_378,1
target,QC_SOP_378,1
in-process,QC_SOP_378,1
scope,QC_SOP_378,1
monitoring,QC_SOP_378,1
procedure,QC_SOP_378,1
title,QC_SOP_378,1
investigate,QC_SOP_378,1
record,QC_SOP_378,1
deviations,QC_SOP_378,1
purpose,QC_SOP_378,1
consistent,QC_SOP_378,1
document,QC_SOP_378,1
measure,QC_SOP_378,1
criteria,QC_SOP_378,1
filtration,QC_SOP_378,1
processes,QC_SOP_378,1
ensure,QC_SOP_378,1
references,QC_SOP_378,1
acceptance,QC_SOP_379,1
batches,QC_SOP_379,1
within,QC_SOP_379,1
compare,QC_SOP_379,1
control,QC_SOP_379,1
materials,QC_SOP_379,1
theoretical,QC_SOP_379,1
batch,QC_SOP_379,1
in-process,QC_SOP_379,1
yield,QC_SOP_379,1
scope,QC_SOP_379,1
procedure,QC_SOP_379,1
title,QC_SOP_379,1
process,QC_SOP_379,1
calculate,QC_SOP_379,1
calculation,QC_SOP_379,1
record,QC_SOP_379,1
quantity,QC_SOP_379,1
purpose,QC_SOP_379,1
document,QC_SOP_379,1
output,QC_SOP_379,1
measure,QC_SOP_379,1
criteria,QC_SOP_379,1
manufacturing,QC_SOP_379,1
references,QC_SOP_379,1
input,QC_SOP_379,1
expected,QC_SOP_379,1
during,QC_SOP_380,1
acceptance,QC_SOP_380,1
within,QC_SOP_380,1
control,QC_SOP_380,1
manage,QC_SOP_380,1
in-process,QC_SOP_380,1
scope,QC_SOP_380,1
procedure,QC_SOP_380,1
title,QC_SOP_380,1
investigate,QC_SOP_380,1
record,QC_SOP_380,1
close,QC_SOP_380,1
deviations,QC_SOP_380,1
implement,QC_SOP_380,1
purpose,QC_SOP_380,1
handling,QC_SOP_380,1
document,QC_SOP_380,1
investigation,QC_SOP_380,1
criteria,QC_SOP_380,1
deviation,QC_SOP_380,1
activities,QC_SOP_380,1
references,QC_SOP_380,1
cause,QC_SOP_380,1
compaction,QC_SOP_381,1
sample,QC_SOP_381,1
amplitude,QC_SOP_381,1
retained,QC_SOP_381,1
acceptance,QC_SOP_381,1
compare,QC_SOP_381,1
control,QC_SOP_381,1
solid,QC_SOP_381,1
dosage,QC_SOP_381,1
discharge,QC_SOP_381,1
minutes,QC_SOP_381,1
assemble,QC_SOP_381,1
profile,QC_SOP_381,1
granules,QC_SOP_381,1
analysis,QC_SOP_381,1
prior,QC_SOP_381,1
representative,QC_SOP_381,1
granule,QC_SOP_381,1
in-process,QC_SOP_381,1
stack,QC_SOP_381,1
target,QC_SOP_381,1
scope,QC_SOP_381,1
granulation,QC_SOP_381,1
material,QC_SOP_381,1
compression,QC_SOP_381,1
procedure,QC_SOP_381,1
title,QC_SOP_381,1
fines,QC_SOP_381,1
calculate,QC_SOP_381,1
distribution,QC_SOP_381,1
record,QC_SOP_381,1
collect,QC_SOP_381,1
particle,QC_SOP_381,1
cleanliness,QC_SOP_381,1
where,QC_SOP_381,1
monitor,QC_SOP_381,1
purpose,QC_SOP_381,1
shaker,QC_SOP_381,1
applicable,QC_SOP_381,1
forms,QC_SOP_381,1
consistent,QC_SOP_381,1
criteria,QC_SOP_381,1
replicate,QC_SOP_381,1
processes,QC_SOP_381,1
dryer,QC_SOP_381,1
ensure,QC_SOP_381,1
verify,QC_SOP_381,1
references,QC_SOP_381,1
sieve,QC_SOP_381,1
fraction,QC_SOP_381,1
standardized,QC_SOP_381,1
weigh,QC_SOP_381,1
during,QC_SOP_382,1
values,QC_SOP_382,1
calibration,QC_SOP_382,1
acceptance,QC_SOP_382,1
assay,QC_SOP_382,1
samples,QC_SOP_382,1
content,QC_SOP_382,1
within,QC_SOP_382,1
every,QC_SOP_382,1
claim,QC_SOP_382,1
control,QC_SOP_382,1
method,QC_SOP_382,1
specified,QC_SOP_382,1
tablet,QC_SOP_382,1
dosage,QC_SOP_382,1
drift,QC_SOP_382,1
minutes,QC_SOP_382,1
at-line,QC_SOP_382,1
prepare,QC_SOP_382,1
in-process,QC_SOP_382,1
rapid,QC_SOP_382,1
scope,QC_SOP_382,1
observed,QC_SOP_382,1
individual,QC_SOP_382,1
compression,QC_SOP_382,1
procedure,QC_SOP_382,1
title,QC_SOP_382,1
trend,QC_SOP_382,1
process,QC_SOP_382,1
label,QC_SOP_382,1
using,QC_SOP_382,1
validated,QC_SOP_382,1
wavelength,QC_SOP_382,1
calculate,QC_SOP_382,1
collect,QC_SOP_382,1
extraction,QC_SOP_382,1
purpose,QC_SOP_382,1
adjust,QC_SOP_382,1
immediate-release,QC_SOP_382,1
tablets,QC_SOP_382,1
results,QC_SOP_382,1
routine,QC_SOP_382,1
measure,QC_SOP_382,1
uv-vis,QC_SOP_382,1
absorbance,QC_SOP_382,1
evaluate,QC_SOP_382,1
criteria,QC_SOP_382,1
limits,QC_SOP_382,1
uniformity,QC_SOP_382,1
verify,QC_SOP_382,1
references,QC_SOP_382,1
maintain,QC_SOP_383,1
acceptance,QC_SOP_383,1
within,QC_SOP_383,1
every,QC_SOP_383,1
correlate,QC_SOP_383,1
control,QC_SOP_383,1
tablet,QC_SOP_383,1
minute,QC_SOP_383,1
changes,QC_SOP_383,1
minutes,QC_SOP_383,1
annex,QC_SOP_383,1
turret,QC_SOP_383,1
batch,QC_SOP_383,1
minimize,QC_SOP_383,1
in-process,QC_SOP_383,1
hardness,QC_SOP_383,1
scope,QC_SOP_383,1
rates,QC_SOP_383,1
increase,QC_SOP_383,1
monitoring,QC_SOP_383,1
compression,QC_SOP_383,1
rotary,QC_SOP_383,1
procedure,QC_SOP_383,1
start,QC_SOP_383,1
feeder,QC_SOP_383,1
title,QC_SOP_383,1
press,QC_SOP_383,1
speed,QC_SOP_383,1
record,QC_SOP_383,1
trends,QC_SOP_383,1
validated,QC_SOP_383,1
defects,QC_SOP_383,1
force,QC_SOP_383,1
deviations,QC_SOP_383,1
throughput,QC_SOP_383,1
settings,QC_SOP_383,1
purpose,QC_SOP_383,1
range,QC_SOP_383,1
quality,QC_SOP_383,1
adjust,QC_SOP_383,1
document,QC_SOP_383,1
presses,QC_SOP_383,1
tablets,QC_SOP_383,1
weight,QC_SOP_383,1
criteria,QC_SOP_383,1
defect,QC_SOP_383,1
references,QC_SOP_383,1
review,QC_SOP_383,1
occur,QC_SOP_383,1
during,QC_SOP_384,1
caliper,QC_SOP_384,1
separation,QC_SOP_384,1
acceptance,QC_SOP_384,1
within,QC_SOP_384,1
every,QC_SOP_384,1
control,QC_SOP_384,1
length,QC_SOP_384,1
integrity,QC_SOP_384,1
assess,QC_SOP_384,1
manual,QC_SOP_384,1
minutes,QC_SOP_384,1
sealed,QC_SOP_384,1
gelatin,QC_SOP_384,1
in-process,QC_SOP_384,1
target,QC_SOP_384,1
inspect,QC_SOP_384,1
scope,QC_SOP_384,1
failures,QC_SOP_384,1
procedure,QC_SOP_384,1
capsules,QC_SOP_384,1
title,QC_SOP_384,1
twist,QC_SOP_384,1
using,QC_SOP_384,1
dents,QC_SOP_384,1
record,QC_SOP_384,1
collect,QC_SOP_384,1
capsule,QC_SOP_384,1
digital,QC_SOP_384,1
settings,QC_SOP_384,1
purpose,QC_SOP_384,1
properly,QC_SOP_384,1
machine,QC_SOP_384,1
filling,QC_SOP_384,1
adjust,QC_SOP_384,1
perform,QC_SOP_384,1
results,QC_SOP_384,1
measure,QC_SOP_384,1
criteria,QC_SOP_384,1
defect,QC_SOP_384,1
needed,QC_SOP_384,1
ensure,QC_SOP_384,1
references,QC_SOP_384,1
operations,QC_SOP_384,1
locked,QC_SOP_384,1
closure,QC_SOP_384,1
acceptance,QC_SOP_385,1
avoid,QC_SOP_385,1
condition,QC_SOP_385,1
within,QC_SOP_385,1
every,QC_SOP_385,1
control,QC_SOP_385,1
performance,QC_SOP_385,1
tablet,QC_SOP_385,1
surface,QC_SOP_385,1
minutes,QC_SOP_385,1
annex,QC_SOP_385,1
batch,QC_SOP_385,1
uniform,QC_SOP_385,1
in-process,QC_SOP_385,1
coating,QC_SOP_385,1
scope,QC_SOP_385,1
parameters,QC_SOP_385,1
drying,QC_SOP_385,1
monitoring,QC_SOP_385,1
moisture,QC_SOP_385,1
procedure,QC_SOP_385,1
title,QC_SOP_385,1
formation,QC_SOP_385,1
record,QC_SOP_385,1
defects,QC_SOP_385,1
overwetting,QC_SOP_385,1
nozzle,QC_SOP_385,1
spray,QC_SOP_385,1
purpose,QC_SOP_385,1
adjust,QC_SOP_385,1
atomization,QC_SOP_385,1
criteria,QC_SOP_385,1
processes,QC_SOP_385,1
observe,QC_SOP_385,1
visible,QC_SOP_385,1
verify,QC_SOP_385,1
references,QC_SOP_385,1
droplet,QC_SOP_385,1
pressure,QC_SOP_385,1
fluid,QC_SOP_386,1
values,QC_SOP_386,1
maintain,QC_SOP_386,1
actions,QC_SOP_386,1
acceptance,QC_SOP_386,1
clean,QC_SOP_386,1
within,QC_SOP_386,1
every,QC_SOP_386,1
control,QC_SOP_386,1
minutes,QC_SOP_386,1
airflow,QC_SOP_386,1
profile,QC_SOP_386,1
temperature,QC_SOP_386,1
in-process,QC_SOP_386,1
inlet,QC_SOP_386,1
target,QC_SOP_386,1
parameters,QC_SOP_386,1
scope,QC_SOP_386,1
drying,QC_SOP_386,1
scada,QC_SOP_386,1
procedure,QC_SOP_386,1
title,QC_SOP_386,1
granulators,QC_SOP_386,1
conditions,QC_SOP_386,1
record,QC_SOP_386,1
filters,QC_SOP_386,1
validated,QC_SOP_386,1
exhaust,QC_SOP_386,1
monitor,QC_SOP_386,1
purpose,QC_SOP_386,1
curve,QC_SOP_386,1
excursions,QC_SOP_386,1
adjust,QC_SOP_386,1
document,QC_SOP_386,1
limits,QC_SOP_386,1
criteria,QC_SOP_386,1
filter,QC_SOP_386,1
stable,QC_SOP_386,1
dryers,QC_SOP_386,1
ensure,QC_SOP_386,1
verify,QC_SOP_386,1
references,QC_SOP_386,1
operations,QC_SOP_386,1
pressure,QC_SOP_386,1
during,QC_SOP_387,1
sample,QC_SOP_387,1
calibration,QC_SOP_387,1
acceptance,QC_SOP_387,1
within,QC_SOP_387,1
compare,QC_SOP_387,1
control,QC_SOP_387,1
polymer,QC_SOP_387,1
calibrate,QC_SOP_387,1
sugar,QC_SOP_387,1
mixing,QC_SOP_387,1
target,QC_SOP_387,1
in-process,QC_SOP_387,1
vessel,QC_SOP_387,1
value,QC_SOP_387,1
scope,QC_SOP_387,1
coating,QC_SOP_387,1
granulation,QC_SOP_387,1
liquid,QC_SOP_387,1
procedure,QC_SOP_387,1
title,QC_SOP_387,1
solution,QC_SOP_387,1
process,QC_SOP_387,1
concentration,QC_SOP_387,1
solutions,QC_SOP_387,1
using,QC_SOP_387,1
record,QC_SOP_387,1
collect,QC_SOP_387,1
refractometer,QC_SOP_387,1
purpose,QC_SOP_387,1
after,QC_SOP_387,1
curve,QC_SOP_387,1
refractometry,QC_SOP_387,1
triplicate,QC_SOP_387,1
index,QC_SOP_387,1
measure,QC_SOP_387,1
criteria,QC_SOP_387,1
confirm,QC_SOP_387,1
refractive,QC_SOP_387,1
verification,QC_SOP_387,1
steps,QC_SOP_387,1
references,QC_SOP_387,1
preparation,QC_SOP_387,1
convert,QC_SOP_387,1
homogenization,QC_SOP_387,1
rejection,QC_SOP_388,1
mechanism,QC_SOP_388,1
pieces,QC_SOP_388,1
acceptance,QC_SOP_388,1
control,QC_SOP_388,1
detection,QC_SOP_388,1
tablet,QC_SOP_388,1
non-fe,QC_SOP_388,1
challenge,QC_SOP_388,1
through,QC_SOP_388,1
detections,QC_SOP_388,1
functions,QC_SOP_388,1
in-process,QC_SOP_388,1
scope,QC_SOP_388,1
certified,QC_SOP_388,1
edges,QC_SOP_388,1
lines,QC_SOP_388,1
hourly,QC_SOP_388,1
failures,QC_SOP_388,1
procedure,QC_SOP_388,1
start,QC_SOP_388,1
units,QC_SOP_388,1
title,QC_SOP_388,1
sensitivity,QC_SOP_388,1
investigate,QC_SOP_388,1
record,QC_SOP_388,1
metal,QC_SOP_388,1
detector,QC_SOP_388,1
capsule,QC_SOP_388,1
purpose,QC_SOP_388,1
results,QC_SOP_388,1
criteria,QC_SOP_388,1
confirm,QC_SOP_388,1
detectors,QC_SOP_388,1
product,QC_SOP_388,1
check,QC_SOP_388,1
finished,QC_SOP_388,1
packaging,QC_SOP_388,1
verify,QC_SOP_388,1
missed,QC_SOP_388,1
references,QC_SOP_388,1
center,QC_SOP_388,1
aperture,QC_SOP_388,1
sample,QC_SOP_389,1
blister,QC_SOP_389,1
sealing,QC_SOP_389,1
acceptance,QC_SOP_389,1
samples,QC_SOP_389,1
within,QC_SOP_389,1
every,QC_SOP_389,1
control,QC_SOP_389,1
integrity,QC_SOP_389,1
bubble,QC_SOP_389,1
vacuum,QC_SOP_389,1
temperature,QC_SOP_389,1
in-process,QC_SOP_389,1
scope,QC_SOP_389,1
parameters,QC_SOP_389,1
failures,QC_SOP_389,1
moisture,QC_SOP_389,1
procedure,QC_SOP_389,1
title,QC_SOP_389,1
seconds,QC_SOP_389,1
preventing,QC_SOP_389,1
formation,QC_SOP_389,1
record,QC_SOP_389,1
validated,QC_SOP_389,1
collect,QC_SOP_389,1
purpose,QC_SOP_389,1
range,QC_SOP_389,1
adjust,QC_SOP_389,1
packs,QC_SOP_389,1
perform,QC_SOP_389,1
ingress,QC_SOP_389,1
results,QC_SOP_389,1
criteria,QC_SOP_389,1
observe,QC_SOP_389,1
packaging,QC_SOP_389,1
ensure,QC_SOP_389,1
leaks,QC_SOP_389,1
references,QC_SOP_389,1
operations,QC_SOP_389,1
occur,QC_SOP_389,1
oxygen,QC_SOP_389,1
pressure,QC_SOP_389,1
during,QC_SOP_390,1
correct,QC_SOP_390,1
acceptance,QC_SOP_390,1
segregate,QC_SOP_390,1
every,QC_SOP_390,1
errors,QC_SOP_390,1
performed,QC_SOP_390,1
control,QC_SOP_390,1
minutes,QC_SOP_390,1
batch,QC_SOP_390,1
barcode,QC_SOP_390,1
in-process,QC_SOP_390,1
scope,QC_SOP_390,1
expiry,QC_SOP_390,1
lines,QC_SOP_390,1
labeling,QC_SOP_390,1
correctness,QC_SOP_390,1
procedure,QC_SOP_390,1
start,QC_SOP_390,1
title,QC_SOP_390,1
label,QC_SOP_390,1
investigate,QC_SOP_390,1
mismatches,QC_SOP_390,1
record,QC_SOP_390,1
number,QC_SOP_390,1
applied,QC_SOP_390,1
checks,QC_SOP_390,1
artwork,QC_SOP_390,1
readability,QC_SOP_390,1
where,QC_SOP_390,1
purpose,QC_SOP_390,1
applicable,QC_SOP_390,1
products,QC_SOP_390,1
perform,QC_SOP_390,1
document,QC_SOP_390,1
criteria,QC_SOP_390,1
confirm,QC_SOP_390,1
verification,QC_SOP_390,1
scanner,QC_SOP_390,1
packaging,QC_SOP_390,1
ensure,QC_SOP_390,1
verify,QC_SOP_390,1
labels,QC_SOP_390,1
references,QC_SOP_390,1
schedule,QC_SOP_390,1
before,QC_SOP_391,1
correct,QC_SOP_391,1
acceptance,QC_SOP_391,1
light,QC_SOP_391,1
milling,QC_SOP_391,1
control,QC_SOP_391,1
integrity,QC_SOP_391,1
matter,QC_SOP_391,1
intact,QC_SOP_391,1
prevent,QC_SOP_391,1
foreign,QC_SOP_391,1
annex,QC_SOP_391,1
in-process,QC_SOP_391,1
inspect,QC_SOP_391,1
scope,QC_SOP_391,1
sieving,QC_SOP_391,1
procedure,QC_SOP_391,1
sieves,QC_SOP_391,1
tears,QC_SOP_391,1
title,QC_SOP_391,1
specification,QC_SOP_391,1
using,QC_SOP_391,1
replace,QC_SOP_391,1
checks,QC_SOP_391,1
documented,QC_SOP_391,1
inspection,QC_SOP_391,1
oversized,QC_SOP_391,1
against,QC_SOP_391,1
purpose,QC_SOP_391,1
after,QC_SOP_391,1
perform,QC_SOP_391,1
visually,QC_SOP_391,1
document,QC_SOP_391,1
results,QC_SOP_391,1
immediately,QC_SOP_391,1
criteria,QC_SOP_391,1
deformation,QC_SOP_391,1
particles,QC_SOP_391,1
check,QC_SOP_391,1
damaged,QC_SOP_391,1
ensure,QC_SOP_391,1
verify,QC_SOP_391,1
references,QC_SOP_391,1
sieve,QC_SOP_391,1
operations,QC_SOP_391,1
before,QC_SOP_392,1
documents,QC_SOP_392,1
cross-check,QC_SOP_392,1
present,QC_SOP_392,1
acceptance,QC_SOP_392,1
control,QC_SOP_392,1
independent,QC_SOP_392,1
foreign,QC_SOP_392,1
materials,QC_SOP_392,1
sign-off,QC_SOP_392,1
completion,QC_SOP_392,1
previous,QC_SOP_392,1
batch,QC_SOP_392,1
clearance,QC_SOP_392,1
equipment,QC_SOP_392,1
prior,QC_SOP_392,1
in-process,QC_SOP_392,1
scope,QC_SOP_392,1
lines,QC_SOP_392,1
components,QC_SOP_392,1
performs,QC_SOP_392,1
procedure,QC_SOP_392,1
start,QC_SOP_392,1
title,QC_SOP_392,1
removal,QC_SOP_392,1
inspection,QC_SOP_392,1
against,QC_SOP_392,1
visual,QC_SOP_392,1
purpose,QC_SOP_392,1
perform,QC_SOP_392,1
document,QC_SOP_392,1
criteria,QC_SOP_392,1
confirm,QC_SOP_392,1
product,QC_SOP_392,1
checklist,QC_SOP_392,1
verification,QC_SOP_392,1
manufacturing,QC_SOP_392,1
packaging,QC_SOP_392,1
verify,QC_SOP_392,1
approval,QC_SOP_392,1
labels,QC_SOP_392,1
references,QC_SOP_392,1
maintain,QC_SOP_393,1
acceptance,QC_SOP_393,1
within,QC_SOP_393,1
control,QC_SOP_393,1
assess,QC_SOP_393,1
minutes,QC_SOP_393,1
impact,QC_SOP_393,1
annex,QC_SOP_393,1
calibrated,QC_SOP_393,1
environmental,QC_SOP_393,1
alarms,QC_SOP_393,1
temperature,QC_SOP_393,1
in-process,QC_SOP_393,1
scope,QC_SOP_393,1
setpoint,QC_SOP_393,1
areas,QC_SOP_393,1
monitoring,QC_SOP_393,1
procedure,QC_SOP_393,1
title,QC_SOP_393,1
trend,QC_SOP_393,1
investigate,QC_SOP_393,1
conditions,QC_SOP_393,1
using,QC_SOP_393,1
record,QC_SOP_393,1
humidity,QC_SOP_393,1
deviations,QC_SOP_393,1
intervals,QC_SOP_393,1
monitor,QC_SOP_393,1
defined,QC_SOP_393,1
purpose,QC_SOP_393,1
affecting,QC_SOP_393,1
excursions,QC_SOP_393,1
quality,QC_SOP_393,1
sensors,QC_SOP_393,1
document,QC_SOP_393,1
limits,QC_SOP_393,1
criteria,QC_SOP_393,1
product,QC_SOP_393,1
continuously,QC_SOP_393,1
uninvestigated,QC_SOP_393,1
manufacturing,QC_SOP_393,1
packaging,QC_SOP_393,1
references,QC_SOP_393,1
review,QC_SOP_393,1
during,QC_SOP_394,1
sample,QC_SOP_394,1
acceptance,QC_SOP_394,1
assay,QC_SOP_394,1
compare,QC_SOP_394,1
control,QC_SOP_394,1
method,QC_SOP_394,1
assess,QC_SOP_394,1
systematic,QC_SOP_394,1
annex,QC_SOP_394,1
hopper,QC_SOP_394,1
in-process,QC_SOP_394,1
gravity,QC_SOP_394,1
scope,QC_SOP_394,1
parameters,QC_SOP_394,1
segregation,QC_SOP_394,1
procedure,QC_SOP_394,1
findings,QC_SOP_394,1
locations,QC_SOP_394,1
blender,QC_SOP_394,1
title,QC_SOP_394,1
using,QC_SOP_394,1
validated,QC_SOP_394,1
variability,QC_SOP_394,1
shift,QC_SOP_394,1
powder,QC_SOP_394,1
purpose,QC_SOP_394,1
blend,QC_SOP_394,1
adjust,QC_SOP_394,1
document,QC_SOP_394,1
transfer,QC_SOP_394,1
index,QC_SOP_394,1
criteria,QC_SOP_394,1
evaluate,QC_SOP_394,1
pneumatic,QC_SOP_394,1
needed,QC_SOP_394,1
blends,QC_SOP_394,1
references,QC_SOP_394,1
analyze,QC_SOP_394,1
post-transfer,QC_SOP_394,1
quantities,QC_SOP_395,1
during,QC_SOP_395,1
returned,QC_SOP_395,1
acceptance,QC_SOP_395,1
investigated,QC_SOP_395,1
leaflets,QC_SOP_395,1
control,QC_SOP_395,1
reconciliation,QC_SOP_395,1
discrepancies,QC_SOP_395,1
accurate,QC_SOP_395,1
in-process,QC_SOP_395,1
scope,QC_SOP_395,1
approved,QC_SOP_395,1
components,QC_SOP_395,1
issued,QC_SOP_395,1
procedure,QC_SOP_395,1
start,QC_SOP_395,1
title,QC_SOP_395,1
justified,QC_SOP_395,1
investigate,QC_SOP_395,1
discrepancy,QC_SOP_395,1
cartons,QC_SOP_395,1
purpose,QC_SOP_395,1
perform,QC_SOP_395,1
document,QC_SOP_395,1
immediately,QC_SOP_395,1
criteria,QC_SOP_395,1
printed,QC_SOP_395,1
variances,QC_SOP_395,1
accounting,QC_SOP_395,1
packaging,QC_SOP_395,1
ensure,QC_SOP_395,1
references,QC_SOP_395,1
labels,QC_SOP_395,1
track,QC_SOP_395,1
count,QC_SOP_395,1
final,QC_SOP_395,1
rejected,QC_SOP_395,1
sample,QC_SOP_396,1
values,QC_SOP_396,1
acceptance,QC_SOP_396,1
assay,QC_SOP_396,1
within,QC_SOP_396,1
compare,QC_SOP_396,1
control,QC_SOP_396,1
store,QC_SOP_396,1
impacting,QC_SOP_396,1
minute,QC_SOP_396,1
intermediate,QC_SOP_396,1
materials,QC_SOP_396,1
completion,QC_SOP_396,1
environmental,QC_SOP_396,1
initial,QC_SOP_396,1
temperature,QC_SOP_396,1
in-process,QC_SOP_396,1
attributes,QC_SOP_396,1
maximum,QC_SOP_396,1
scope,QC_SOP_396,1
without,QC_SOP_396,1
material,QC_SOP_396,1
moisture,QC_SOP_396,1
procedure,QC_SOP_396,1
timepoints,QC_SOP_396,1
start,QC_SOP_396,1
remain,QC_SOP_396,1
title,QC_SOP_396,1
change,QC_SOP_396,1
conditions,QC_SOP_396,1
validated,QC_SOP_396,1
record,QC_SOP_396,1
humidity,QC_SOP_396,1
intervals,QC_SOP_396,1
defined,QC_SOP_396,1
monitor,QC_SOP_396,1
under,QC_SOP_396,1
purpose,QC_SOP_396,1
after,QC_SOP_396,1
between,QC_SOP_396,1
quality,QC_SOP_396,1
results,QC_SOP_396,1
limits,QC_SOP_396,1
criteria,QC_SOP_396,1
hours,QC_SOP_396,1
verification,QC_SOP_396,1
manufacturing,QC_SOP_396,1
steps,QC_SOP_396,1
ensure,QC_SOP_396,1
references,QC_SOP_396,1
intermediates,QC_SOP_396,1
processing,QC_SOP_396,1
times,QC_SOP_396,1
minimal,QC_SOP_397,1
acceptance,QC_SOP_397,1
avoid,QC_SOP_397,1
dissolution,QC_SOP_397,1
samples,QC_SOP_397,1
within,QC_SOP_397,1
control,QC_SOP_397,1
solid,QC_SOP_397,1
tablet,QC_SOP_397,1
optimization,QC_SOP_397,1
dosage,QC_SOP_397,1
minutes,QC_SOP_397,1
impact,QC_SOP_397,1
batch,QC_SOP_397,1
lubrication,QC_SOP_397,1
initial,QC_SOP_397,1
in-process,QC_SOP_397,1
hardness,QC_SOP_397,1
scope,QC_SOP_397,1
based,QC_SOP_397,1
procedure,QC_SOP_397,1
title,QC_SOP_397,1
trend,QC_SOP_397,1
record,QC_SOP_397,1
optimal,QC_SOP_397,1
collect,QC_SOP_397,1
validation,QC_SOP_397,1
over-lubrication,QC_SOP_397,1
intervals,QC_SOP_397,1
compressed,QC_SOP_397,1
defined,QC_SOP_397,1
stage,QC_SOP_397,1
purpose,QC_SOP_397,1
lubricant,QC_SOP_397,1
affecting,QC_SOP_397,1
blend,QC_SOP_397,1
q-time,QC_SOP_397,1
document,QC_SOP_397,1
tablets,QC_SOP_397,1
criteria,QC_SOP_397,1
blending,QC_SOP_397,1
manufacturing,QC_SOP_397,1
references,QC_SOP_397,1
analyze,QC_SOP_397,1
identify,QC_SOP_397,1
final,QC_SOP_397,1
parameter,QC_SOP_397,1
during,QC_SOP_398,1
capacity,QC_SOP_398,1
maintain,QC_SOP_398,1
acceptance,QC_SOP_398,1
avoid,QC_SOP_398,1
correlation,QC_SOP_398,1
within,QC_SOP_398,1
manner,QC_SOP_398,1
fluctuations,QC_SOP_398,1
control,QC_SOP_398,1
impacting,QC_SOP_398,1
tablet,QC_SOP_398,1
indicator,QC_SOP_398,1
hopper,QC_SOP_398,1
maintained,QC_SOP_398,1
in-process,QC_SOP_398,1
scope,QC_SOP_398,1
segregation,QC_SOP_398,1
monitoring,QC_SOP_398,1
compression,QC_SOP_398,1
procedure,QC_SOP_398,1
title,QC_SOP_398,1
press,QC_SOP_398,1
investigate,QC_SOP_398,1
level,QC_SOP_398,1
using,QC_SOP_398,1
record,QC_SOP_398,1
variability,QC_SOP_398,1
intervals,QC_SOP_398,1
monitor,QC_SOP_398,1
visual,QC_SOP_398,1
defined,QC_SOP_398,1
purpose,QC_SOP_398,1
blend,QC_SOP_398,1
range,QC_SOP_398,1
sensor,QC_SOP_398,1
consistent,QC_SOP_398,1
weight,QC_SOP_398,1
criteria,QC_SOP_398,1
ensure,QC_SOP_398,1
references,QC_SOP_398,1
refill,QC_SOP_398,1
controlled,QC_SOP_398,1
operations,QC_SOP_398,1
retained,QC_SOP_399,1
before,QC_SOP_399,1
acceptance,QC_SOP_399,1
samples,QC_SOP_399,1
milling,QC_SOP_399,1
reduced,QC_SOP_399,1
compare,QC_SOP_399,1
control,QC_SOP_399,1
calibrated,QC_SOP_399,1
analysis,QC_SOP_399,1
stack,QC_SOP_399,1
target,QC_SOP_399,1
in-process,QC_SOP_399,1
scope,QC_SOP_399,1
sieving,QC_SOP_399,1
procedure,QC_SOP_399,1
efficiency,QC_SOP_399,1
title,QC_SOP_399,1
oversize,QC_SOP_399,1
using,QC_SOP_399,1
calculate,QC_SOP_399,1
removal,QC_SOP_399,1
collect,QC_SOP_399,1
oversized,QC_SOP_399,1
purpose,QC_SOP_399,1
after,QC_SOP_399,1
perform,QC_SOP_399,1
document,QC_SOP_399,1
results,QC_SOP_399,1
criteria,QC_SOP_399,1
particles,QC_SOP_399,1
removing,QC_SOP_399,1
processes,QC_SOP_399,1
check,QC_SOP_399,1
verify,QC_SOP_399,1
references,QC_SOP_399,1
sieve,QC_SOP_399,1
fraction,QC_SOP_399,1
above,QC_SOP_399,1
before,QC_SOP_400,1
required,QC_SOP_400,1
acceptance,QC_SOP_400,1
clean,QC_SOP_400,1
compare,QC_SOP_400,1
control,QC_SOP_400,1
release,QC_SOP_400,1
logbook,QC_SOP_400,1
batch,QC_SOP_400,1
equipment,QC_SOP_400,1
prior,QC_SOP_400,1
complete,QC_SOP_400,1
in-process,QC_SOP_400,1
scope,QC_SOP_400,1
procedure,QC_SOP_400,1
status,QC_SOP_400,1
start,QC_SOP_400,1
locations,QC_SOP_400,1
title,QC_SOP_400,1
label,QC_SOP_400,1
inspection,QC_SOP_400,1
cleanliness,QC_SOP_400,1
cleaning,QC_SOP_400,1
residue,QC_SOP_400,1
visual,QC_SOP_400,1
under,QC_SOP_400,1
purpose,QC_SOP_400,1
perform,QC_SOP_400,1
results,QC_SOP_400,1
document,QC_SOP_400,1
critical,QC_SOP_400,1
limits,QC_SOP_400,1
criteria,QC_SOP_400,1
verification,QC_SOP_400,1
manufacturing,QC_SOP_400,1
visible,QC_SOP_400,1
ensure,QC_SOP_400,1
verify,QC_SOP_400,1
references,QC_SOP_400,1
established,QC_SOP_400,1
documentation,QC_SOP_400,1
during,QC_SOP_401,1
acceptance,QC_SOP_401,1
required,QC_SOP_401,1
result,QC_SOP_401,1
within,QC_SOP_401,1
outcome,QC_SOP_401,1
assign,QC_SOP_401,1
major,QC_SOP_401,1
classify,QC_SOP_401,1
severity,QC_SOP_401,1
significant,QC_SOP_401,1
impact,QC_SOP_401,1
batch,QC_SOP_401,1
including,QC_SOP_401,1
owner,QC_SOP_401,1
unexpected,QC_SOP_401,1
location,QC_SOP_401,1
identify,QC_SOP_401,1
timeline,QC_SOP_401,1
initial,QC_SOP_401,1
scope,QC_SOP_401,1
observed,QC_SOP_401,1
event,QC_SOP_401,1
timely,QC_SOP_401,1
based,QC_SOP_401,1
notify,QC_SOP_401,1
procedure,QC_SOP_401,1
define,QC_SOP_401,1
description,QC_SOP_401,1
system,QC_SOP_401,1
title,QC_SOP_401,1
justified,QC_SOP_401,1
fields,QC_SOP_401,1
record,QC_SOP_401,1
completed,QC_SOP_401,1
affected,QC_SOP_401,1
business,QC_SOP_401,1
purpose,QC_SOP_401,1
atypical,QC_SOP_401,1
quality,QC_SOP_401,1
document,QC_SOP_401,1
immediately,QC_SOP_401,1
minor,QC_SOP_401,1
critical,QC_SOP_401,1
hours,QC_SOP_401,1
investigation,QC_SOP_401,1
criteria,QC_SOP_401,1
deviation,QC_SOP_401,1
initiation,QC_SOP_401,1
excursion,QC_SOP_401,1
non-conformance,QC_SOP_401,1
events,QC_SOP_401,1
classification,QC_SOP_401,1
manufacturing,QC_SOP_401,1
ensure,QC_SOP_401,1
activities,QC_SOP_401,1
references,QC_SOP_401,1
initiated,QC_SOP_401,1
operations,QC_SOP_401,1
documentation,QC_SOP_401,1
records,QC_SOP_402,1
safety,QC_SOP_402,1
evaluation,QC_SOP_402,1
acceptance,QC_SOP_402,1
determine,QC_SOP_402,1
investigations,QC_SOP_402,1
result,QC_SOP_402,1
batches,QC_SOP_402,1
within,QC_SOP_402,1
decide,QC_SOP_402,1
obtained,QC_SOP_402,1
analytical,QC_SOP_402,1
assess,QC_SOP_402,1
integrity,QC_SOP_402,1
materials,QC_SOP_402,1
impact,QC_SOP_402,1
batch,QC_SOP_402,1
disposition,QC_SOP_402,1
initial,QC_SOP_402,1
scope,QC_SOP_402,1
event,QC_SOP_402,1
potential,QC_SOP_402,1
procedure,QC_SOP_402,1
title,QC_SOP_402,1
out-of-specification,QC_SOP_402,1
justified,QC_SOP_402,1
completed,QC_SOP_402,1
affected,QC_SOP_402,1
compliance,QC_SOP_402,1
purpose,QC_SOP_402,1
quality,QC_SOP_402,1
clearly,QC_SOP_402,1
document,QC_SOP_402,1
criteria,QC_SOP_402,1
quarantine,QC_SOP_402,1
deviation,QC_SOP_402,1
product,QC_SOP_402,1
details,QC_SOP_402,1
approval,QC_SOP_402,1
references,QC_SOP_402,1
review,QC_SOP_402,1
identify,QC_SOP_402,1
assessment,QC_SOP_402,1
acceptance,QC_SOP_403,1
investigations,QC_SOP_403,1
obtained,QC_SOP_403,1
statement,QC_SOP_403,1
outcome,QC_SOP_403,1
method,QC_SOP_403,1
contributing,QC_SOP_403,1
unexpected,QC_SOP_403,1
analysis,QC_SOP_403,1
apply,QC_SOP_403,1
scope,QC_SOP_403,1
unresolved,QC_SOP_403,1
procedure,QC_SOP_403,1
define,QC_SOP_403,1
findings,QC_SOP_403,1
system,QC_SOP_403,1
title,QC_SOP_403,1
supported,QC_SOP_403,1
using,QC_SOP_403,1
factors,QC_SOP_403,1
purpose,QC_SOP_403,1
problem,QC_SOP_403,1
causal,QC_SOP_403,1
clearly,QC_SOP_403,1
weaknesses,QC_SOP_403,1
requiring,QC_SOP_403,1
document,QC_SOP_403,1
criteria,QC_SOP_403,1
deviation,QC_SOP_403,1
evidence,QC_SOP_403,1
approval,QC_SOP_403,1
verify,QC_SOP_403,1
references,QC_SOP_403,1
cause,QC_SOP_403,1
identify,QC_SOP_403,1
trace,QC_SOP_403,1
ishikawa,QC_SOP_404,1
considered,QC_SOP_404,1
acceptance,QC_SOP_404,1
complex,QC_SOP_404,1
investigations,QC_SOP_404,1
method,QC_SOP_404,1
contributing,QC_SOP_404,1
likelihood,QC_SOP_404,1
analysis,QC_SOP_404,1
scope,QC_SOP_404,1
potential,QC_SOP_404,1
material,QC_SOP_404,1
brainstorm,QC_SOP_404,1
procedure,QC_SOP_404,1
define,QC_SOP_404,1
fishbone,QC_SOP_404,1
title,QC_SOP_404,1
factors,QC_SOP_404,1
documented,QC_SOP_404,1
causes,QC_SOP_404,1
purpose,QC_SOP_404,1
problem,QC_SOP_404,1
environment,QC_SOP_404,1
relevant,QC_SOP_404,1
document,QC_SOP_404,1
systematically,QC_SOP_404,1
criteria,QC_SOP_404,1
evaluate,QC_SOP_404,1
deviation,QC_SOP_404,1
non-conformance,QC_SOP_404,1
references,QC_SOP_404,1
identify,QC_SOP_404,1
categorize,QC_SOP_404,1
machine,QC_SOP_404,1
acceptance,QC_SOP_405,1
result,QC_SOP_405,1
within,QC_SOP_405,1
analytical,QC_SOP_405,1
impact,QC_SOP_405,1
failure,QC_SOP_405,1
laboratory,QC_SOP_405,1
testing,QC_SOP_405,1
error,QC_SOP_405,1
scope,QC_SOP_405,1
procedure,QC_SOP_405,1
title,QC_SOP_405,1
out-of-specification,QC_SOP_405,1
justified,QC_SOP_405,1
investigate,QC_SOP_405,1
hypothesis,QC_SOP_405,1
completed,QC_SOP_405,1
instrument,QC_SOP_405,1
conclusions,QC_SOP_405,1
guidance,QC_SOP_405,1
purpose,QC_SOP_405,1
perform,QC_SOP_405,1
results,QC_SOP_405,1
document,QC_SOP_405,1
investigation,QC_SOP_405,1
criteria,QC_SOP_405,1
evaluate,QC_SOP_405,1
scientifically,QC_SOP_405,1
deviation,QC_SOP_405,1
confirm,QC_SOP_405,1
analyst,QC_SOP_405,1
manufacturing,QC_SOP_405,1
references,QC_SOP_405,1
review,QC_SOP_405,1
re-test,QC_SOP_405,1
before,QC_SOP_406,1
actions,QC_SOP_406,1
avoid,QC_SOP_406,1
timelines,QC_SOP_406,1
preventive,QC_SOP_406,1
acceptance,QC_SOP_406,1
confirmed,QC_SOP_406,1
recurrence,QC_SOP_406,1
development,QC_SOP_406,1
scope,QC_SOP_406,1
responsibilities,QC_SOP_406,1
eliminate,QC_SOP_406,1
approved,QC_SOP_406,1
obtain,QC_SOP_406,1
define,QC_SOP_406,1
procedure,QC_SOP_406,1
title,QC_SOP_406,1
deviations,QC_SOP_406,1
defined,QC_SOP_406,1
implementation,QC_SOP_406,1
purpose,QC_SOP_406,1
document,QC_SOP_406,1
criteria,QC_SOP_406,1
deviation,QC_SOP_406,1
action,QC_SOP_406,1
approval,QC_SOP_406,1
corrective,QC_SOP_406,1
references,QC_SOP_406,1
cause,QC_SOP_406,1
addresses,QC_SOP_406,1
assign,QC_SOP_406,1
addressing,QC_SOP_406,1
records,QC_SOP_407,1
progress,QC_SOP_407,1
actions,QC_SOP_407,1
acceptance,QC_SOP_407,1
within,QC_SOP_407,1
completion,QC_SOP_407,1
tracked,QC_SOP_407,1
regularly,QC_SOP_407,1
tracking,QC_SOP_407,1
timeline,QC_SOP_407,1
execute,QC_SOP_407,1
scope,QC_SOP_407,1
procedure,QC_SOP_407,1
status,QC_SOP_407,1
system,QC_SOP_407,1
title,QC_SOP_407,1
completed,QC_SOP_407,1
documented,QC_SOP_407,1
implementation,QC_SOP_407,1
defined,QC_SOP_407,1
purpose,QC_SOP_407,1
document,QC_SOP_407,1
criteria,QC_SOP_407,1
deviation,QC_SOP_407,1
evidence,QC_SOP_407,1
ensure,QC_SOP_407,1
verify,QC_SOP_407,1
update,QC_SOP_407,1
references,QC_SOP_407,1
track,QC_SOP_407,1
implemented,QC_SOP_407,1
actions,QC_SOP_408,1
acceptance,QC_SOP_408,1
preventive,QC_SOP_408,1
within,QC_SOP_408,1
follow-up,QC_SOP_408,1
effectiveness,QC_SOP_408,1
outcome,QC_SOP_408,1
metrics,QC_SOP_408,1
recurrence,QC_SOP_408,1
scope,QC_SOP_408,1
procedure,QC_SOP_408,1
define,QC_SOP_408,1
title,QC_SOP_408,1
checks,QC_SOP_408,1
monitor,QC_SOP_408,1
defined,QC_SOP_408,1
purpose,QC_SOP_408,1
relevant,QC_SOP_408,1
perform,QC_SOP_408,1
document,QC_SOP_408,1
criteria,QC_SOP_408,1
evaluate,QC_SOP_408,1
deviation,QC_SOP_408,1
closed,QC_SOP_408,1
check,QC_SOP_408,1
period,QC_SOP_408,1
verify,QC_SOP_408,1
corrective,QC_SOP_408,1
references,QC_SOP_408,1
records,QC_SOP_409,1
trending,QC_SOP_409,1
acceptance,QC_SOP_409,1
actions,QC_SOP_409,1
compile,QC_SOP_409,1
quarterly,QC_SOP_409,1
analysis,QC_SOP_409,1
scope,QC_SOP_409,1
recurring,QC_SOP_409,1
procedure,QC_SOP_409,1
findings,QC_SOP_409,1
title,QC_SOP_409,1
trend,QC_SOP_409,1
reviewed,QC_SOP_409,1
trends,QC_SOP_409,1
deviations,QC_SOP_409,1
issues,QC_SOP_409,1
defined,QC_SOP_409,1
purpose,QC_SOP_409,1
excursions,QC_SOP_409,1
perform,QC_SOP_409,1
patterns,QC_SOP_409,1
criteria,QC_SOP_409,1
deviation,QC_SOP_409,1
report,QC_SOP_409,1
references,QC_SOP_409,1
cause,QC_SOP_409,1
identify,QC_SOP_409,1
categorize,QC_SOP_409,1
records,QC_SOP_410,1
acceptance,QC_SOP_410,1
actions,QC_SOP_410,1
investigations,QC_SOP_410,1
identified,QC_SOP_410,1
obtained,QC_SOP_410,1
implemented,QC_SOP_410,1
scope,QC_SOP_410,1
procedure,QC_SOP_410,1
archive,QC_SOP_410,1
title,QC_SOP_410,1
record,QC_SOP_410,1
purpose,QC_SOP_410,1
criteria,QC_SOP_410,1
deviation,QC_SOP_410,1
confirm,QC_SOP_410,1
approval,QC_SOP_410,1
ensure,QC_SOP_410,1
verify,QC_SOP_410,1
approve,QC_SOP_410,1
references,QC_SOP_410,1
cause,QC_SOP_410,1
review,QC_SOP_410,1
documentation,QC_SOP_410,1
proper,QC_SOP_410,1
closure,QC_SOP_410,1
safety,QC_SOP_411,1
non-conformances,QC_SOP_411,1
initiate,QC_SOP_411,1
acceptance,QC_SOP_411,1
actions,QC_SOP_411,1
necessary,QC_SOP_411,1
batches,QC_SOP_411,1
predefined,QC_SOP_411,1
within,QC_SOP_411,1
identified,QC_SOP_411,1
implemented,QC_SOP_411,1
classify,QC_SOP_411,1
materials,QC_SOP_411,1
breach,QC_SOP_411,1
impact,QC_SOP_411,1
sterility,QC_SOP_411,1
confirmed,QC_SOP_411,1
scope,QC_SOP_411,1
event,QC_SOP_411,1
based,QC_SOP_411,1
timely,QC_SOP_411,1
cross-functional,QC_SOP_411,1
notify,QC_SOP_411,1
procedure,QC_SOP_411,1
patient,QC_SOP_411,1
title,QC_SOP_411,1
escalation,QC_SOP_411,1
across,QC_SOP_411,1
affected,QC_SOP_411,1
deviations,QC_SOP_411,1
leadership,QC_SOP_411,1
purpose,QC_SOP_411,1
excursions,QC_SOP_411,1
quality,QC_SOP_411,1
document,QC_SOP_411,1
formal,QC_SOP_411,1
interim,QC_SOP_411,1
immediately,QC_SOP_411,1
critical,QC_SOP_411,1
criteria,QC_SOP_411,1
hours,QC_SOP_411,1
quarantine,QC_SOP_411,1
deviation,QC_SOP_411,1
related,QC_SOP_411,1
investigation,QC_SOP_411,1
controls,QC_SOP_411,1
product,QC_SOP_411,1
containment,QC_SOP_411,1
manufacturing,QC_SOP_411,1
ensure,QC_SOP_411,1
activities,QC_SOP_411,1
references,QC_SOP_411,1
operations,QC_SOP_411,1
assign,QC_SOP_411,1
impacted,QC_SOP_411,1
during,QC_SOP_412,1
temporary,QC_SOP_412,1
actions,QC_SOP_412,1
acceptance,QC_SOP_412,1
investigations,QC_SOP_412,1
result,QC_SOP_412,1
within,QC_SOP_412,1
effectiveness,QC_SOP_412,1
post-investigation,QC_SOP_412,1
impact,QC_SOP_412,1
unexpected,QC_SOP_412,1
laboratory,QC_SOP_412,1
testing,QC_SOP_412,1
scope,QC_SOP_412,1
potential,QC_SOP_412,1
observed,QC_SOP_412,1
sampling,QC_SOP_412,1
define,QC_SOP_412,1
procedure,QC_SOP_412,1
title,QC_SOP_412,1
associated,QC_SOP_412,1
additional,QC_SOP_412,1
process,QC_SOP_412,1
remove,QC_SOP_412,1
justified,QC_SOP_412,1
teams,QC_SOP_412,1
removal,QC_SOP_412,1
risks,QC_SOP_412,1
resolution,QC_SOP_412,1
implement,QC_SOP_412,1
monitor,QC_SOP_412,1
guidance,QC_SOP_412,1
purpose,QC_SOP_412,1
atypical,QC_SOP_412,1
while,QC_SOP_412,1
relevant,QC_SOP_412,1
after,QC_SOP_412,1
document,QC_SOP_412,1
outcomes,QC_SOP_412,1
results,QC_SOP_412,1
interim,QC_SOP_412,1
investigation,QC_SOP_412,1
criteria,QC_SOP_412,1
deviation,QC_SOP_412,1
further,QC_SOP_412,1
controls,QC_SOP_412,1
investigating,QC_SOP_412,1
communicate,QC_SOP_412,1
manufacturing,QC_SOP_412,1
references,QC_SOP_412,1
identify,QC_SOP_412,1
implemented,QC_SOP_412,1
increased,QC_SOP_412,1
records,QC_SOP_413,1
framework,QC_SOP_413,1
considered,QC_SOP_413,1
required,QC_SOP_413,1
avoid,QC_SOP_413,1
determine,QC_SOP_413,1
investigations,QC_SOP_413,1
acceptance,QC_SOP_413,1
assess,QC_SOP_413,1
assigning,QC_SOP_413,1
design,QC_SOP_413,1
contributing,QC_SOP_413,1
unjustified,QC_SOP_413,1
training,QC_SOP_413,1
human,QC_SOP_413,1
error,QC_SOP_413,1
attribution,QC_SOP_413,1
scope,QC_SOP_413,1
systemic,QC_SOP_413,1
without,QC_SOP_413,1
supporting,QC_SOP_413,1
procedure,QC_SOP_413,1
isolated,QC_SOP_413,1
findings,QC_SOP_413,1
system,QC_SOP_413,1
title,QC_SOP_413,1
supported,QC_SOP_413,1
factors,QC_SOP_413,1
workload,QC_SOP_413,1
purpose,QC_SOP_413,1
environment,QC_SOP_413,1
document,QC_SOP_413,1
criteria,QC_SOP_413,1
evaluate,QC_SOP_413,1
deviation,QC_SOP_413,1
non-conformance,QC_SOP_413,1
evidence,QC_SOP_413,1
factor,QC_SOP_413,1
blame,QC_SOP_413,1
clarity,QC_SOP_413,1
references,QC_SOP_413,1
cause,QC_SOP_413,1
review,QC_SOP_413,1
whether,QC_SOP_413,1
assessment,QC_SOP_413,1
malfunction,QC_SOP_414,1
records,QC_SOP_414,1
qualified,QC_SOP_414,1
calibration,QC_SOP_414,1
actions,QC_SOP_414,1
linked,QC_SOP_414,1
acceptance,QC_SOP_414,1
identified,QC_SOP_414,1
requalification,QC_SOP_414,1
drift,QC_SOP_414,1
equipment,QC_SOP_414,1
state,QC_SOP_414,1
scope,QC_SOP_414,1
recurring,QC_SOP_414,1
restored,QC_SOP_414,1
failures,QC_SOP_414,1
alarm,QC_SOP_414,1
remediation,QC_SOP_414,1
procedure,QC_SOP_414,1
title,QC_SOP_414,1
investigate,QC_SOP_414,1
factors,QC_SOP_414,1
checks,QC_SOP_414,1
variability,QC_SOP_414,1
deviations,QC_SOP_414,1
conclusions,QC_SOP_414,1
issues,QC_SOP_414,1
equipment-related,QC_SOP_414,1
purpose,QC_SOP_414,1
excursions,QC_SOP_414,1
maintenance,QC_SOP_414,1
sensor,QC_SOP_414,1
history,QC_SOP_414,1
causal,QC_SOP_414,1
perform,QC_SOP_414,1
document,QC_SOP_414,1
investigation,QC_SOP_414,1
criteria,QC_SOP_414,1
deviation,QC_SOP_414,1
functional,QC_SOP_414,1
needed,QC_SOP_414,1
verify,QC_SOP_414,1
references,QC_SOP_414,1
cause,QC_SOP_414,1
review,QC_SOP_414,1
identify,QC_SOP_414,1
sample,QC_SOP_415,1
assignable,QC_SOP_415,1
acceptance,QC_SOP_415,1
obtained,QC_SOP_415,1
within,QC_SOP_415,1
errors,QC_SOP_415,1
analytical,QC_SOP_415,1
performance,QC_SOP_415,1
method,QC_SOP_415,1
integrity,QC_SOP_415,1
technique,QC_SOP_415,1
laboratory,QC_SOP_415,1
testing,QC_SOP_415,1
error,QC_SOP_415,1
justification,QC_SOP_415,1
scope,QC_SOP_415,1
potential,QC_SOP_415,1
escalate,QC_SOP_415,1
procedure,QC_SOP_415,1
re-sample,QC_SOP_415,1
findings,QC_SOP_415,1
title,QC_SOP_415,1
phase,QC_SOP_415,1
justified,QC_SOP_415,1
investigate,QC_SOP_415,1
completed,QC_SOP_415,1
instrument,QC_SOP_415,1
conclusions,QC_SOP_415,1
guidance,QC_SOP_415,1
purpose,QC_SOP_415,1
document,QC_SOP_415,1
results,QC_SOP_415,1
calculations,QC_SOP_415,1
found,QC_SOP_415,1
investigation,QC_SOP_415,1
systematically,QC_SOP_415,1
evaluate,QC_SOP_415,1
suitability,QC_SOP_415,1
deviation,QC_SOP_415,1
criteria,QC_SOP_415,1
scientifically,QC_SOP_415,1
leading,QC_SOP_415,1
analyst,QC_SOP_415,1
approval,QC_SOP_415,1
expand,QC_SOP_415,1
references,QC_SOP_415,1
cause,QC_SOP_415,1
review,QC_SOP_415,1
re-test,QC_SOP_415,1
actions,QC_SOP_416,1
acceptance,QC_SOP_416,1
assess,QC_SOP_416,1
high-risk,QC_SOP_416,1
detection,QC_SOP_416,1
severity,QC_SOP_416,1
significant,QC_SOP_416,1
priority,QC_SOP_416,1
failure,QC_SOP_416,1
identify,QC_SOP_416,1
addressed,QC_SOP_416,1
scope,QC_SOP_416,1
potential,QC_SOP_416,1
based,QC_SOP_416,1
items,QC_SOP_416,1
approved,QC_SOP_416,1
procedure,QC_SOP_416,1
first,QC_SOP_416,1
title,QC_SOP_416,1
associated,QC_SOP_416,1
using,QC_SOP_416,1
calculate,QC_SOP_416,1
scores,QC_SOP_416,1
number,QC_SOP_416,1
deviations,QC_SOP_416,1
defined,QC_SOP_416,1
purpose,QC_SOP_416,1
excursions,QC_SOP_416,1
occurrence,QC_SOP_416,1
document,QC_SOP_416,1
modes,QC_SOP_416,1
criteria,QC_SOP_416,1
deviation,QC_SOP_416,1
prioritize,QC_SOP_416,1
thresholds,QC_SOP_416,1
references,QC_SOP_416,1
effects,QC_SOP_416,1
assign,QC_SOP_416,1
assessment,QC_SOP_416,1
records,QC_SOP_417,1
consistency,QC_SOP_417,1
traceable,QC_SOP_417,1
acceptance,QC_SOP_417,1
investigations,QC_SOP_417,1
obtained,QC_SOP_417,1
impact,QC_SOP_417,1
batch,QC_SOP_417,1
scope,QC_SOP_417,1
clear,QC_SOP_417,1
templates,QC_SOP_417,1
procedure,QC_SOP_417,1
description,QC_SOP_417,1
title,QC_SOP_417,1
archive,QC_SOP_417,1
include,QC_SOP_417,1
purpose,QC_SOP_417,1
standards,QC_SOP_417,1
missing,QC_SOP_417,1
investigation,QC_SOP_417,1
criteria,QC_SOP_417,1
deviation,QC_SOP_417,1
non-conformance,QC_SOP_417,1
reports,QC_SOP_417,1
traceability,QC_SOP_417,1
approval,QC_SOP_417,1
ensure,QC_SOP_417,1
clarity,QC_SOP_417,1
references,QC_SOP_417,1
cause,QC_SOP_417,1
review,QC_SOP_417,1
sections,QC_SOP_417,1
documentation,QC_SOP_417,1
standardized,QC_SOP_417,1
completeness,QC_SOP_417,1
engineering,QC_SOP_418,1
required,QC_SOP_418,1
complex,QC_SOP_418,1
acceptance,QC_SOP_418,1
actions,QC_SOP_418,1
functions,QC_SOP_418,1
scope,QC_SOP_418,1
agree,QC_SOP_418,1
cross-functional,QC_SOP_418,1
consensus,QC_SOP_418,1
systemic,QC_SOP_418,1
procedure,QC_SOP_418,1
findings,QC_SOP_418,1
conduct,QC_SOP_418,1
title,QC_SOP_418,1
assigned,QC_SOP_418,1
process,QC_SOP_418,1
comprehensive,QC_SOP_418,1
involved,QC_SOP_418,1
deviations,QC_SOP_418,1
issues,QC_SOP_418,1
purpose,QC_SOP_418,1
relevant,QC_SOP_418,1
document,QC_SOP_418,1
outcomes,QC_SOP_418,1
production,QC_SOP_418,1
departments,QC_SOP_418,1
share,QC_SOP_418,1
meetings,QC_SOP_418,1
investigation,QC_SOP_418,1
criteria,QC_SOP_418,1
deviation,QC_SOP_418,1
involving,QC_SOP_418,1
ensure,QC_SOP_418,1
references,QC_SOP_418,1
cause,QC_SOP_418,1
stakeholders,QC_SOP_418,1
identify,QC_SOP_418,1
progress,QC_SOP_419,1
acceptance,QC_SOP_419,1
investigations,QC_SOP_419,1
within,QC_SOP_419,1
extend,QC_SOP_419,1
delays,QC_SOP_419,1
completion,QC_SOP_419,1
timeline,QC_SOP_419,1
justification,QC_SOP_419,1
scope,QC_SOP_419,1
timely,QC_SOP_419,1
escalate,QC_SOP_419,1
management,QC_SOP_419,1
procedure,QC_SOP_419,1
define,QC_SOP_419,1
system,QC_SOP_419,1
title,QC_SOP_419,1
justified,QC_SOP_419,1
purpose,QC_SOP_419,1
quality,QC_SOP_419,1
document,QC_SOP_419,1
investigation,QC_SOP_419,1
criteria,QC_SOP_419,1
deviation,QC_SOP_419,1
closed,QC_SOP_419,1
needed,QC_SOP_419,1
ensure,QC_SOP_419,1
references,QC_SOP_419,1
track,QC_SOP_419,1
closure,QC_SOP_419,1
initiate,QC_SOP_420,1
acceptance,QC_SOP_420,1
obtained,QC_SOP_420,1
control,QC_SOP_420,1
changes,QC_SOP_420,1
through,QC_SOP_420,1
tracked,QC_SOP_420,1
request,QC_SOP_420,1
scope,QC_SOP_420,1
based,QC_SOP_420,1
systemic,QC_SOP_420,1
procedure,QC_SOP_420,1
system,QC_SOP_420,1
title,QC_SOP_420,1
fixes,QC_SOP_420,1
process,QC_SOP_420,1
change,QC_SOP_420,1
record,QC_SOP_420,1
documented,QC_SOP_420,1
deviations,QC_SOP_420,1
implement,QC_SOP_420,1
purpose,QC_SOP_420,1
between,QC_SOP_420,1
document,QC_SOP_420,1
requiring,QC_SOP_420,1
criteria,QC_SOP_420,1
deviation,QC_SOP_420,1
linkage,QC_SOP_420,1
approval,QC_SOP_420,1
ensure,QC_SOP_420,1
verify,QC_SOP_420,1
references,QC_SOP_420,1
cause,QC_SOP_420,1
identify,QC_SOP_420,1
implemented,QC_SOP_420,1
improvements,QC_SOP_421,1
trending,QC_SOP_421,1
acceptance,QC_SOP_421,1
actions,QC_SOP_421,1
investigations,QC_SOP_421,1
compile,QC_SOP_421,1
method,QC_SOP_421,1
quarterly,QC_SOP_421,1
contributing,QC_SOP_421,1
equipment,QC_SOP_421,1
human,QC_SOP_421,1
scope,QC_SOP_421,1
recurring,QC_SOP_421,1
systemic,QC_SOP_421,1
procedure,QC_SOP_421,1
title,QC_SOP_421,1
reviewed,QC_SOP_421,1
factors,QC_SOP_421,1
trends,QC_SOP_421,1
across,QC_SOP_421,1
frequency,QC_SOP_421,1
deviations,QC_SOP_421,1
issues,QC_SOP_421,1
causes,QC_SOP_421,1
defined,QC_SOP_421,1
purpose,QC_SOP_421,1
causal,QC_SOP_421,1
patterns,QC_SOP_421,1
criteria,QC_SOP_421,1
deviation,QC_SOP_421,1
closed,QC_SOP_421,1
recommend,QC_SOP_421,1
references,QC_SOP_421,1
cause,QC_SOP_421,1
analyze,QC_SOP_421,1
identify,QC_SOP_421,1
categorize,QC_SOP_421,1
acceptance,QC_SOP_422,1
effectiveness,QC_SOP_422,1
targets,QC_SOP_422,1
metrics,QC_SOP_422,1
recurrence,QC_SOP_422,1
scope,QC_SOP_422,1
monitoring,QC_SOP_422,1
define,QC_SOP_422,1
procedure,QC_SOP_422,1
reduction,QC_SOP_422,1
title,QC_SOP_422,1
collect,QC_SOP_422,1
documented,QC_SOP_422,1
against,QC_SOP_422,1
purpose,QC_SOP_422,1
definition,QC_SOP_422,1
measurable,QC_SOP_422,1
document,QC_SOP_422,1
results,QC_SOP_422,1
criteria,QC_SOP_422,1
months,QC_SOP_422,1
evaluate,QC_SOP_422,1
deviation,QC_SOP_422,1
defect,QC_SOP_422,1
evidence,QC_SOP_422,1
achieved,QC_SOP_422,1
period,QC_SOP_422,1
references,QC_SOP_422,1
analyze,QC_SOP_422,1
plans,QC_SOP_422,1
improvements,QC_SOP_423,1
present,QC_SOP_423,1
actions,QC_SOP_423,1
acceptance,QC_SOP_423,1
compile,QC_SOP_423,1
effectiveness,QC_SOP_423,1
follow-up,QC_SOP_423,1
quarterly,QC_SOP_423,1
minutes,QC_SOP_423,1
tracked,QC_SOP_423,1
scope,QC_SOP_423,1
oversight,QC_SOP_423,1
provide,QC_SOP_423,1
management,QC_SOP_423,1
procedure,QC_SOP_423,1
define,QC_SOP_423,1
title,QC_SOP_423,1
assigned,QC_SOP_423,1
meeting,QC_SOP_423,1
level,QC_SOP_423,1
trends,QC_SOP_423,1
risks,QC_SOP_423,1
deviations,QC_SOP_423,1
purpose,QC_SOP_423,1
strategic,QC_SOP_423,1
quality,QC_SOP_423,1
conducted,QC_SOP_423,1
document,QC_SOP_423,1
summary,QC_SOP_423,1
criteria,QC_SOP_423,1
deviation,QC_SOP_423,1
events,QC_SOP_423,1
references,QC_SOP_423,1
review,QC_SOP_423,1
records,QC_SOP_424,1
organism,QC_SOP_424,1
acceptance,QC_SOP_424,1
batches,QC_SOP_424,1
result,QC_SOP_424,1
within,QC_SOP_424,1
assess,QC_SOP_424,1
impact,QC_SOP_424,1
annex,QC_SOP_424,1
environmental,QC_SOP_424,1
location,QC_SOP_424,1
scope,QC_SOP_424,1
em-related,QC_SOP_424,1
monitoring,QC_SOP_424,1
procedure,QC_SOP_424,1
title,QC_SOP_424,1
justified,QC_SOP_424,1
completed,QC_SOP_424,1
deviations,QC_SOP_424,1
implement,QC_SOP_424,1
cleaning,QC_SOP_424,1
purpose,QC_SOP_424,1
excursions,QC_SOP_424,1
quality,QC_SOP_424,1
investigation,QC_SOP_424,1
criteria,QC_SOP_424,1
deviation,QC_SOP_424,1
confirm,QC_SOP_424,1
excursion,QC_SOP_424,1
product,QC_SOP_424,1
recent,QC_SOP_424,1
activities,QC_SOP_424,1
references,QC_SOP_424,1
review,QC_SOP_424,1
identify,QC_SOP_424,1
records,QC_SOP_425,1
acceptance,QC_SOP_425,1
investigations,QC_SOP_425,1
retrievability,QC_SOP_425,1
within,QC_SOP_425,1
effective,QC_SOP_425,1
complete,QC_SOP_425,1
documentation,QC_SOP_425,1
scope,QC_SOP_425,1
obtain,QC_SOP_425,1
procedure,QC_SOP_425,1
archiving,QC_SOP_425,1
system,QC_SOP_425,1
title,QC_SOP_425,1
archive,QC_SOP_425,1
completed,QC_SOP_425,1
retrievable,QC_SOP_425,1
purpose,QC_SOP_425,1
quality,QC_SOP_425,1
criteria,QC_SOP_425,1
hours,QC_SOP_425,1
deviation,QC_SOP_425,1
closed,QC_SOP_425,1
confirm,QC_SOP_425,1
approval,QC_SOP_425,1
ensure,QC_SOP_425,1
verify,QC_SOP_425,1
references,QC_SOP_425,1
sections,QC_SOP_425,1
implemented,QC_SOP_425,1
proper,QC_SOP_425,1
closure,QC_SOP_425,1
sample,QC_SOP_426,1
recheck,QC_SOP_426,1
acceptance,QC_SOP_426,1
investigations,QC_SOP_426,1
statement,QC_SOP_426,1
method,QC_SOP_426,1
testable,QC_SOP_426,1
design,QC_SOP_426,1
unjustified,QC_SOP_426,1
conclude,QC_SOP_426,1
equipment,QC_SOP_426,1
unexpected,QC_SOP_426,1
execute,QC_SOP_426,1
elimination,QC_SOP_426,1
scope,QC_SOP_426,1
based,QC_SOP_426,1
clear,QC_SOP_426,1
eliminate,QC_SOP_426,1
material,QC_SOP_426,1
supporting,QC_SOP_426,1
procedure,QC_SOP_426,1
define,QC_SOP_426,1
re-prep,QC_SOP_426,1
system,QC_SOP_426,1
title,QC_SOP_426,1
targeted,QC_SOP_426,1
supported,QC_SOP_426,1
using,QC_SOP_426,1
instrument,QC_SOP_426,1
evidence-based,QC_SOP_426,1
conclusions,QC_SOP_426,1
structure,QC_SOP_426,1
guidance,QC_SOP_426,1
purpose,QC_SOP_426,1
atypical,QC_SOP_426,1
hypothesis-driven,QC_SOP_426,1
problem,QC_SOP_426,1
generate,QC_SOP_426,1
outcomes,QC_SOP_426,1
results,QC_SOP_426,1
document,QC_SOP_426,1
investigation,QC_SOP_426,1
criteria,QC_SOP_426,1
suitability,QC_SOP_426,1
deviation,QC_SOP_426,1
confirm,QC_SOP_426,1
controls,QC_SOP_426,1
evidence,QC_SOP_426,1
check,QC_SOP_426,1
manufacturing,QC_SOP_426,1
plausible,QC_SOP_426,1
tests,QC_SOP_426,1
references,QC_SOP_426,1
cause,QC_SOP_426,1
tested,QC_SOP_426,1
hypotheses,QC_SOP_426,1
absent,QC_SOP_427,1
acceptance,QC_SOP_427,1
identified,QC_SOP_427,1
failed,QC_SOP_427,1
method,QC_SOP_427,1
major,QC_SOP_427,1
classify,QC_SOP_427,1
contributing,QC_SOP_427,1
least,QC_SOP_427,1
equipment,QC_SOP_427,1
human,QC_SOP_427,1
analysis,QC_SOP_427,1
scope,QC_SOP_427,1
barriers,QC_SOP_427,1
remediation,QC_SOP_427,1
procedure,QC_SOP_427,1
title,QC_SOP_427,1
process,QC_SOP_427,1
using,QC_SOP_427,1
factors,QC_SOP_427,1
deviations,QC_SOP_427,1
where,QC_SOP_427,1
strengthen,QC_SOP_427,1
purpose,QC_SOP_427,1
excursions,QC_SOP_427,1
environment,QC_SOP_427,1
document,QC_SOP_427,1
categorized,QC_SOP_427,1
critical,QC_SOP_427,1
criteria,QC_SOP_427,1
deviation,QC_SOP_427,1
leading,QC_SOP_427,1
non-conformance,QC_SOP_427,1
controls,QC_SOP_427,1
linkage,QC_SOP_427,1
factor,QC_SOP_427,1
propose,QC_SOP_427,1
steps,QC_SOP_427,1
references,QC_SOP_427,1
barrier,QC_SOP_427,1
identify,QC_SOP_427,1
addresses,QC_SOP_427,1
model,QC_SOP_427,1
existing,QC_SOP_427,1
deletion,QC_SOP_428,1
cross-check,QC_SOP_428,1
suspected,QC_SOP_428,1
acceptance,QC_SOP_428,1
contemporaneous,QC_SOP_428,1
investigations,QC_SOP_428,1
investigated,QC_SOP_428,1
within,QC_SOP_428,1
attributable,QC_SOP_428,1
integrity,QC_SOP_428,1
assess,QC_SOP_428,1
paper,QC_SOP_428,1
trails,QC_SOP_428,1
changes,QC_SOP_428,1
breach,QC_SOP_428,1
audit,QC_SOP_428,1
accurate,QC_SOP_428,1
trail,QC_SOP_428,1
attributes,QC_SOP_428,1
scope,QC_SOP_428,1
potential,QC_SOP_428,1
legible,QC_SOP_428,1
escalate,QC_SOP_428,1
procedure,QC_SOP_428,1
findings,QC_SOP_428,1
reported,QC_SOP_428,1
title,QC_SOP_428,1
associated,QC_SOP_428,1
unauthorized,QC_SOP_428,1
unexplained,QC_SOP_428,1
electronic,QC_SOP_428,1
deviations,QC_SOP_428,1
issues,QC_SOP_428,1
modification,QC_SOP_428,1
purpose,QC_SOP_428,1
document,QC_SOP_428,1
results,QC_SOP_428,1
criteria,QC_SOP_428,1
alcoa,QC_SOP_428,1
deviation,QC_SOP_428,1
involving,QC_SOP_428,1
original,QC_SOP_428,1
events,QC_SOP_428,1
traceability,QC_SOP_428,1
verify,QC_SOP_428,1
references,QC_SOP_428,1
creation,QC_SOP_428,1
review,QC_SOP_428,1
identify,QC_SOP_428,1
assessment,QC_SOP_428,1
quantities,QC_SOP_429,1
assignable,QC_SOP_429,1
re-sampling,QC_SOP_429,1
acceptance,QC_SOP_429,1
following,QC_SOP_429,1
result,QC_SOP_429,1
investigations,QC_SOP_429,1
outcome,QC_SOP_429,1
compare,QC_SOP_429,1
integrity,QC_SOP_429,1
conclude,QC_SOP_429,1
laboratory,QC_SOP_429,1
error,QC_SOP_429,1
justification,QC_SOP_429,1
execute,QC_SOP_429,1
scope,QC_SOP_429,1
based,QC_SOP_429,1
sampling,QC_SOP_429,1
define,QC_SOP_429,1
procedure,QC_SOP_429,1
locations,QC_SOP_429,1
title,QC_SOP_429,1
justified,QC_SOP_429,1
conditions,QC_SOP_429,1
justify,QC_SOP_429,1
representativeness,QC_SOP_429,1
documented,QC_SOP_429,1
guidance,QC_SOP_429,1
under,QC_SOP_429,1
purpose,QC_SOP_429,1
atypical,QC_SOP_429,1
consistent,QC_SOP_429,1
results,QC_SOP_429,1
investigation,QC_SOP_429,1
criteria,QC_SOP_429,1
evaluate,QC_SOP_429,1
deviation,QC_SOP_429,1
original,QC_SOP_429,1
approval,QC_SOP_429,1
references,QC_SOP_429,1
cause,QC_SOP_429,1
controlled,QC_SOP_429,1
sample,QC_SOP_430,1
considered,QC_SOP_430,1
acceptance,QC_SOP_430,1
avoid,QC_SOP_430,1
control,QC_SOP_430,1
analytical,QC_SOP_430,1
unjustified,QC_SOP_430,1
protocol,QC_SOP_430,1
testing,QC_SOP_430,1
maximum,QC_SOP_430,1
scope,QC_SOP_430,1
policy,QC_SOP_430,1
allow,QC_SOP_430,1
procedure,QC_SOP_430,1
define,QC_SOP_430,1
rationale,QC_SOP_430,1
title,QC_SOP_430,1
out-of-specification,QC_SOP_430,1
justified,QC_SOP_430,1
conclusion,QC_SOP_430,1
decision,QC_SOP_430,1
number,QC_SOP_430,1
documented,QC_SOP_430,1
where,QC_SOP_430,1
compliance,QC_SOP_430,1
practices,QC_SOP_430,1
guidance,QC_SOP_430,1
purpose,QC_SOP_430,1
applicable,QC_SOP_430,1
re-tests,QC_SOP_430,1
document,QC_SOP_430,1
results,QC_SOP_430,1
criteria,QC_SOP_430,1
scientifically,QC_SOP_430,1
evaluate,QC_SOP_430,1
deviation,QC_SOP_430,1
original,QC_SOP_430,1
references,QC_SOP_430,1
preparation,QC_SOP_430,1
cause,QC_SOP_430,1
re-testing,QC_SOP_430,1
final,QC_SOP_430,1
re-test,QC_SOP_430,1
safety,QC_SOP_431,1
required,QC_SOP_431,1
acceptance,QC_SOP_431,1
batches,QC_SOP_431,1
obtained,QC_SOP_431,1
within,QC_SOP_431,1
assess,QC_SOP_431,1
release,QC_SOP_431,1
impact,QC_SOP_431,1
batch,QC_SOP_431,1
disposition,QC_SOP_431,1
testing,QC_SOP_431,1
attributes,QC_SOP_431,1
scope,QC_SOP_431,1
rework,QC_SOP_431,1
procedure,QC_SOP_431,1
patient,QC_SOP_431,1
title,QC_SOP_431,1
associated,QC_SOP_431,1
additional,QC_SOP_431,1
justified,QC_SOP_431,1
stages,QC_SOP_431,1
completed,QC_SOP_431,1
decision,QC_SOP_431,1
affected,QC_SOP_431,1
deviations,QC_SOP_431,1
purpose,QC_SOP_431,1
excursions,QC_SOP_431,1
reject,QC_SOP_431,1
quality,QC_SOP_431,1
perform,QC_SOP_431,1
critical,QC_SOP_431,1
criteria,QC_SOP_431,1
evaluate,QC_SOP_431,1
deviation,QC_SOP_431,1
product,QC_SOP_431,1
recommend,QC_SOP_431,1
approval,QC_SOP_431,1
references,QC_SOP_431,1
processing,QC_SOP_431,1
review,QC_SOP_431,1
identify,QC_SOP_431,1
assessment,QC_SOP_431,1
actions,QC_SOP_432,1
acceptance,QC_SOP_432,1
x-bar,QC_SOP_432,1
effectiveness,QC_SOP_432,1
compare,QC_SOP_432,1
control,QC_SOP_432,1
performance,QC_SOP_432,1
variation,QC_SOP_432,1
shifts,QC_SOP_432,1
metrics,QC_SOP_432,1
special-cause,QC_SOP_432,1
recurrence,QC_SOP_432,1
scope,QC_SOP_432,1
improvement,QC_SOP_432,1
monitoring,QC_SOP_432,1
procedure,QC_SOP_432,1
define,QC_SOP_432,1
title,QC_SOP_432,1
process,QC_SOP_432,1
using,QC_SOP_432,1
post-capa,QC_SOP_432,1
trends,QC_SOP_432,1
collect,QC_SOP_432,1
conclusion,QC_SOP_432,1
metric,QC_SOP_432,1
where,QC_SOP_432,1
defined,QC_SOP_432,1
purpose,QC_SOP_432,1
relevant,QC_SOP_432,1
applicable,QC_SOP_432,1
document,QC_SOP_432,1
outliers,QC_SOP_432,1
criteria,QC_SOP_432,1
months,QC_SOP_432,1
deviation,QC_SOP_432,1
statistical,QC_SOP_432,1
confirm,QC_SOP_432,1
charts,QC_SOP_432,1
verification,QC_SOP_432,1
period,QC_SOP_432,1
references,QC_SOP_432,1
analyze,QC_SOP_432,1
implemented,QC_SOP_432,1
revisions,QC_SOP_433,1
acceptance,QC_SOP_433,1
reduces,QC_SOP_433,1
preventive,QC_SOP_433,1
within,QC_SOP_433,1
effectiveness,QC_SOP_433,1
reduced,QC_SOP_433,1
training,QC_SOP_433,1
repeat,QC_SOP_433,1
recurrence,QC_SOP_433,1
personnel,QC_SOP_433,1
error,QC_SOP_433,1
scope,QC_SOP_433,1
rates,QC_SOP_433,1
interview,QC_SOP_433,1
procedure,QC_SOP_433,1
conduct,QC_SOP_433,1
title,QC_SOP_433,1
targeted,QC_SOP_433,1
deliver,QC_SOP_433,1
record,QC_SOP_433,1
human-factor,QC_SOP_433,1
deviations,QC_SOP_433,1
issues,QC_SOP_433,1
monitor,QC_SOP_433,1
comprehension,QC_SOP_433,1
purpose,QC_SOP_433,1
adjust,QC_SOP_433,1
document,QC_SOP_433,1
outcomes,QC_SOP_433,1
post-training,QC_SOP_433,1
related,QC_SOP_433,1
criteria,QC_SOP_433,1
months,QC_SOP_433,1
deviation,QC_SOP_433,1
involving,QC_SOP_433,1
operators,QC_SOP_433,1
needed,QC_SOP_433,1
training-based,QC_SOP_433,1
action,QC_SOP_433,1
verify,QC_SOP_433,1
references,QC_SOP_433,1
attendance,QC_SOP_433,1
questions,QC_SOP_433,1
score,QC_SOP_433,1
assessment,QC_SOP_433,1
initiate,QC_SOP_434,1
acceptance,QC_SOP_434,1
linked,QC_SOP_434,1
assay,QC_SOP_434,1
identified,QC_SOP_434,1
within,QC_SOP_434,1
performance,QC_SOP_434,1
materials,QC_SOP_434,1
changes,QC_SOP_434,1
received,QC_SOP_434,1
including,QC_SOP_434,1
notification,QC_SOP_434,1
testing,QC_SOP_434,1
disposition,QC_SOP_434,1
supplier-related,QC_SOP_434,1
request,QC_SOP_434,1
impurities,QC_SOP_434,1
scope,QC_SOP_434,1
material,QC_SOP_434,1
procedure,QC_SOP_434,1
define,QC_SOP_434,1
confirmatory,QC_SOP_434,1
supplier,QC_SOP_434,1
title,QC_SOP_434,1
justified,QC_SOP_434,1
investigate,QC_SOP_434,1
versus,QC_SOP_434,1
deviations,QC_SOP_434,1
internal,QC_SOP_434,1
qualification,QC_SOP_434,1
purpose,QC_SOP_434,1
excursions,QC_SOP_434,1
history,QC_SOP_434,1
perform,QC_SOP_434,1
results,QC_SOP_434,1
investigation,QC_SOP_434,1
criteria,QC_SOP_434,1
evaluate,QC_SOP_434,1
deviation,QC_SOP_434,1
non-conformance,QC_SOP_434,1
recent,QC_SOP_434,1
updates,QC_SOP_434,1
references,QC_SOP_434,1
cause,QC_SOP_434,1
review,QC_SOP_434,1
identity,QC_SOP_434,1
incoming,QC_SOP_434,1
sites,QC_SOP_435,1
organisms,QC_SOP_435,1
indicating,QC_SOP_435,1
correlation,QC_SOP_435,1
actions,QC_SOP_435,1
acceptance,QC_SOP_435,1
preventive,QC_SOP_435,1
within,QC_SOP_435,1
limit,QC_SOP_435,1
viable,QC_SOP_435,1
annex,QC_SOP_435,1
environmental,QC_SOP_435,1
complete,QC_SOP_435,1
personnel,QC_SOP_435,1
scope,QC_SOP_435,1
potential,QC_SOP_435,1
sampling,QC_SOP_435,1
increase,QC_SOP_435,1
areas,QC_SOP_435,1
reversed,QC_SOP_435,1
monitoring,QC_SOP_435,1
procedure,QC_SOP_435,1
classified,QC_SOP_435,1
title,QC_SOP_435,1
trend,QC_SOP_435,1
investigate,QC_SOP_435,1
versus,QC_SOP_435,1
trends,QC_SOP_435,1
affected,QC_SOP_435,1
frequency,QC_SOP_435,1
implement,QC_SOP_435,1
cleaning,QC_SOP_435,1
purpose,QC_SOP_435,1
atypical,QC_SOP_435,1
maintenance,QC_SOP_435,1
document,QC_SOP_435,1
investigation,QC_SOP_435,1
limits,QC_SOP_435,1
criteria,QC_SOP_435,1
deviation,QC_SOP_435,1
recent,QC_SOP_435,1
baseline,QC_SOP_435,1
upward,QC_SOP_435,1
events,QC_SOP_435,1
non-viable,QC_SOP_435,1
action,QC_SOP_435,1
historical,QC_SOP_435,1
exceeding,QC_SOP_435,1
references,QC_SOP_435,1
review,QC_SOP_435,1
identify,QC_SOP_435,1
documentation,QC_SOP_435,1
breaches,QC_SOP_435,1
records,QC_SOP_436,1
during,QC_SOP_436,1
actions,QC_SOP_436,1
acceptance,QC_SOP_436,1
investigations,QC_SOP_436,1
within,QC_SOP_436,1
effectiveness,QC_SOP_436,1
assign,QC_SOP_436,1
mitigation,QC_SOP_436,1
shift-wise,QC_SOP_436,1
justification,QC_SOP_436,1
scope,QC_SOP_436,1
responsibilities,QC_SOP_436,1
approved,QC_SOP_436,1
remediation,QC_SOP_436,1
procedure,QC_SOP_436,1
define,QC_SOP_436,1
start,QC_SOP_436,1
dates,QC_SOP_436,1
daily,QC_SOP_436,1
title,QC_SOP_436,1
remove,QC_SOP_436,1
ongoing,QC_SOP_436,1
additional,QC_SOP_436,1
record,QC_SOP_436,1
removal,QC_SOP_436,1
demonstrated,QC_SOP_436,1
documented,QC_SOP_436,1
resolution,QC_SOP_436,1
cleaning,QC_SOP_436,1
active,QC_SOP_436,1
monitor,QC_SOP_436,1
adjustments,QC_SOP_436,1
purpose,QC_SOP_436,1
outcomes,QC_SOP_436,1
interim,QC_SOP_436,1
criteria,QC_SOP_436,1
hours,QC_SOP_436,1
deviation,QC_SOP_436,1
controls,QC_SOP_436,1
enhanced,QC_SOP_436,1
references,QC_SOP_436,1
documentation,QC_SOP_436,1
final,QC_SOP_436,1
records,QC_SOP_437,1
indicating,QC_SOP_437,1
acceptance,QC_SOP_437,1
batches,QC_SOP_437,1
within,QC_SOP_437,1
reduced,QC_SOP_437,1
control,QC_SOP_437,1
aggregate,QC_SOP_437,1
severity,QC_SOP_437,1
redesign,QC_SOP_437,1
analysis,QC_SOP_437,1
recurrence,QC_SOP_437,1
scope,QC_SOP_437,1
recurring,QC_SOP_437,1
systemic,QC_SOP_437,1
management,QC_SOP_437,1
procedure,QC_SOP_437,1
multi-batch,QC_SOP_437,1
title,QC_SOP_437,1
similar,QC_SOP_437,1
trend,QC_SOP_437,1
process,QC_SOP_437,1
timing,QC_SOP_437,1
factors,QC_SOP_437,1
post-capa,QC_SOP_437,1
completed,QC_SOP_437,1
across,QC_SOP_437,1
frequency,QC_SOP_437,1
deviations,QC_SOP_437,1
issues,QC_SOP_437,1
purpose,QC_SOP_437,1
causal,QC_SOP_437,1
products,QC_SOP_437,1
document,QC_SOP_437,1
detect,QC_SOP_437,1
criteria,QC_SOP_437,1
months,QC_SOP_437,1
enhancement,QC_SOP_437,1
deviation,QC_SOP_437,1
non-conformance,QC_SOP_437,1
common,QC_SOP_437,1
propose,QC_SOP_437,1
approval,QC_SOP_437,1
references,QC_SOP_437,1
cause,QC_SOP_437,1
analyze,QC_SOP_437,1
identify,QC_SOP_437,1
categorize,QC_SOP_437,1
alignment,QC_SOP_438,1
assesses,QC_SOP_438,1
evaluation,QC_SOP_438,1
acceptance,QC_SOP_438,1
investigations,QC_SOP_438,1
major,QC_SOP_438,1
independent,QC_SOP_438,1
objective,QC_SOP_438,1
independently,QC_SOP_438,1
challenge,QC_SOP_438,1
reviewer,QC_SOP_438,1
request,QC_SOP_438,1
scope,QC_SOP_438,1
unresolved,QC_SOP_438,1
undergo,QC_SOP_438,1
procedure,QC_SOP_438,1
rationale,QC_SOP_438,1
cases,QC_SOP_438,1
title,QC_SOP_438,1
additional,QC_SOP_438,1
deviations,QC_SOP_438,1
conclusions,QC_SOP_438,1
comments,QC_SOP_438,1
purpose,QC_SOP_438,1
reject,QC_SOP_438,1
document,QC_SOP_438,1
outcomes,QC_SOP_438,1
assumptions,QC_SOP_438,1
investigation,QC_SOP_438,1
critical,QC_SOP_438,1
criteria,QC_SOP_438,1
deviation,QC_SOP_438,1
evidence,QC_SOP_438,1
regulations,QC_SOP_438,1
needed,QC_SOP_438,1
ensure,QC_SOP_438,1
verify,QC_SOP_438,1
approve,QC_SOP_438,1
procedures,QC_SOP_438,1
references,QC_SOP_438,1
review,QC_SOP_438,1
closure,QC_SOP_438,1
records,QC_SOP_439,1
traceable,QC_SOP_439,1
acceptance,QC_SOP_439,1
timestamps,QC_SOP_439,1
actions,QC_SOP_439,1
within,QC_SOP_439,1
trails,QC_SOP_439,1
role-based,QC_SOP_439,1
changes,QC_SOP_439,1
workflow,QC_SOP_439,1
capture,QC_SOP_439,1
quarterly,QC_SOP_439,1
audit,QC_SOP_439,1
manage,QC_SOP_439,1
trail,QC_SOP_439,1
scope,QC_SOP_439,1
management,QC_SOP_439,1
unique,QC_SOP_439,1
procedure,QC_SOP_439,1
status,QC_SOP_439,1
edits,QC_SOP_439,1
title,QC_SOP_439,1
anomalies,QC_SOP_439,1
unauthorized,QC_SOP_439,1
periodically,QC_SOP_439,1
workflows,QC_SOP_439,1
electronic,QC_SOP_439,1
completed,QC_SOP_439,1
create,QC_SOP_439,1
identifiers,QC_SOP_439,1
deviations,QC_SOP_439,1
purpose,QC_SOP_439,1
criteria,QC_SOP_439,1
deviation,QC_SOP_439,1
access,QC_SOP_439,1
traceability,QC_SOP_439,1
approval,QC_SOP_439,1
ensuring,QC_SOP_439,1
route,QC_SOP_439,1
references,QC_SOP_439,1
review,QC_SOP_439,1
closure,QC_SOP_439,1
records,QC_SOP_440,1
acceptance,QC_SOP_440,1
required,QC_SOP_440,1
batches,QC_SOP_440,1
following,QC_SOP_440,1
within,QC_SOP_440,1
compile,QC_SOP_440,1
analytical,QC_SOP_440,1
final,QC_SOP_440,1
release,QC_SOP_440,1
certification,QC_SOP_440,1
completion,QC_SOP_440,1
impact,QC_SOP_440,1
batch,QC_SOP_440,1
disposition,QC_SOP_440,1
complete,QC_SOP_440,1
justification,QC_SOP_440,1
scope,QC_SOP_440,1
rework,QC_SOP_440,1
obtain,QC_SOP_440,1
procedure,QC_SOP_440,1
formalize,QC_SOP_440,1
title,QC_SOP_440,1
archive,QC_SOP_440,1
supported,QC_SOP_440,1
completed,QC_SOP_440,1
decision,QC_SOP_440,1
where,QC_SOP_440,1
retrievable,QC_SOP_440,1
purpose,QC_SOP_440,1
reject,QC_SOP_440,1
applicable,QC_SOP_440,1
document,QC_SOP_440,1
investigation,QC_SOP_440,1
criteria,QC_SOP_440,1
hours,QC_SOP_440,1
deviation,QC_SOP_440,1
report,QC_SOP_440,1
recommend,QC_SOP_440,1
evidence,QC_SOP_440,1
approval,QC_SOP_440,1
references,QC_SOP_440,1
review,QC_SOP_440,1
subject,QC_SOP_440,1
impacted,QC_SOP_440,1
assessment,QC_SOP_440,1
sites,QC_SOP_441,1
actions,QC_SOP_441,1
signals,QC_SOP_441,1
acceptance,QC_SOP_441,1
identified,QC_SOP_441,1
result,QC_SOP_441,1
within,QC_SOP_441,1
globally,QC_SOP_441,1
detection,QC_SOP_441,1
aggregate,QC_SOP_441,1
cross-site,QC_SOP_441,1
significant,QC_SOP_441,1
global,QC_SOP_441,1
analysis,QC_SOP_441,1
scope,QC_SOP_441,1
categories,QC_SOP_441,1
multiple,QC_SOP_441,1
recurring,QC_SOP_441,1
systemic,QC_SOP_441,1
escalate,QC_SOP_441,1
monthly,QC_SOP_441,1
remediation,QC_SOP_441,1
procedure,QC_SOP_441,1
define,QC_SOP_441,1
governance,QC_SOP_441,1
title,QC_SOP_441,1
comparability,QC_SOP_441,1
trend,QC_SOP_441,1
factors,QC_SOP_441,1
escalation,QC_SOP_441,1
risks,QC_SOP_441,1
across,QC_SOP_441,1
documented,QC_SOP_441,1
deviations,QC_SOP_441,1
purpose,QC_SOP_441,1
excursions,QC_SOP_441,1
normalize,QC_SOP_441,1
quality,QC_SOP_441,1
atypical,QC_SOP_441,1
causal,QC_SOP_441,1
perform,QC_SOP_441,1
criteria,QC_SOP_441,1
signal,QC_SOP_441,1
deviation,QC_SOP_441,1
non-conformance,QC_SOP_441,1
events,QC_SOP_441,1
manufacturing,QC_SOP_441,1
corrective,QC_SOP_441,1
references,QC_SOP_441,1
identify,QC_SOP_441,1
implemented,QC_SOP_441,1
before,QC_SOP_442,1
actions,QC_SOP_442,1
acceptance,QC_SOP_442,1
gradual,QC_SOP_442,1
preventive,QC_SOP_442,1
identified,QC_SOP_442,1
within,QC_SOP_442,1
correlate,QC_SOP_442,1
drift,QC_SOP_442,1
contributing,QC_SOP_442,1
variation,QC_SOP_442,1
shifts,QC_SOP_442,1
batch,QC_SOP_442,1
variables,QC_SOP_442,1
scope,QC_SOP_442,1
parameters,QC_SOP_442,1
without,QC_SOP_442,1
procedure,QC_SOP_442,1
define,QC_SOP_442,1
title,QC_SOP_442,1
process,QC_SOP_442,1
factors,QC_SOP_442,1
trends,QC_SOP_442,1
implement,QC_SOP_442,1
purpose,QC_SOP_442,1
excursions,QC_SOP_442,1
atypical,QC_SOP_442,1
occurrence,QC_SOP_442,1
results,QC_SOP_442,1
immediate,QC_SOP_442,1
investigation,QC_SOP_442,1
criteria,QC_SOP_442,1
deviation,QC_SOP_442,1
leading,QC_SOP_442,1
processes,QC_SOP_442,1
historical,QC_SOP_442,1
references,QC_SOP_442,1
continuous,QC_SOP_442,1
cause,QC_SOP_442,1
analyze,QC_SOP_442,1
identify,QC_SOP_442,1
controlled,QC_SOP_442,1
parameter,QC_SOP_442,1
records,QC_SOP_443,1
before,QC_SOP_443,1
acceptance,QC_SOP_443,1
required,QC_SOP_443,1
outcome,QC_SOP_443,1
evaluated,QC_SOP_443,1
contributing,QC_SOP_443,1
adequacy,QC_SOP_443,1
completion,QC_SOP_443,1
justification,QC_SOP_443,1
scope,QC_SOP_443,1
procedure,QC_SOP_443,1
title,QC_SOP_443,1
supported,QC_SOP_443,1
factors,QC_SOP_443,1
completed,QC_SOP_443,1
defined,QC_SOP_443,1
purpose,QC_SOP_443,1
quality,QC_SOP_443,1
clearly,QC_SOP_443,1
document,QC_SOP_443,1
missing,QC_SOP_443,1
investigation,QC_SOP_443,1
criteria,QC_SOP_443,1
robustness,QC_SOP_443,1
deviation,QC_SOP_443,1
confirm,QC_SOP_443,1
linkage,QC_SOP_443,1
checklist,QC_SOP_443,1
reports,QC_SOP_443,1
check,QC_SOP_443,1
approval,QC_SOP_443,1
ensure,QC_SOP_443,1
verify,QC_SOP_443,1
references,QC_SOP_443,1
cause,QC_SOP_443,1
review,QC_SOP_443,1
sections,QC_SOP_443,1
completeness,QC_SOP_443,1
closure,QC_SOP_443,1
non-conformances,QC_SOP_444,1
indicating,QC_SOP_444,1
trending,QC_SOP_444,1
tools,QC_SOP_444,1
acceptance,QC_SOP_444,1
within,QC_SOP_444,1
reduced,QC_SOP_444,1
detection,QC_SOP_444,1
re-evaluation,QC_SOP_444,1
failure,QC_SOP_444,1
repeated,QC_SOP_444,1
recurrence,QC_SOP_444,1
decisions,QC_SOP_444,1
board,QC_SOP_444,1
scope,QC_SOP_444,1
recurring,QC_SOP_444,1
systemic,QC_SOP_444,1
escalate,QC_SOP_444,1
management,QC_SOP_444,1
procedure,QC_SOP_444,1
define,QC_SOP_444,1
title,QC_SOP_444,1
process,QC_SOP_444,1
using,QC_SOP_444,1
comprehensive,QC_SOP_444,1
post-capa,QC_SOP_444,1
escalation,QC_SOP_444,1
deviations,QC_SOP_444,1
purpose,QC_SOP_444,1
perform,QC_SOP_444,1
strategy,QC_SOP_444,1
document,QC_SOP_444,1
criteria,QC_SOP_444,1
months,QC_SOP_444,1
deviation,QC_SOP_444,1
enhanced,QC_SOP_444,1
references,QC_SOP_444,1
recurrent,QC_SOP_444,1
cause,QC_SOP_444,1
review,QC_SOP_444,1
identify,QC_SOP_444,1
times,QC_SOP_444,1
assignable,QC_SOP_445,1
acceptance,QC_SOP_445,1
detected,QC_SOP_445,1
analytical,QC_SOP_445,1
assess,QC_SOP_445,1
included,QC_SOP_445,1
method,QC_SOP_445,1
dataset,QC_SOP_445,1
through,QC_SOP_445,1
unexpected,QC_SOP_445,1
analysis,QC_SOP_445,1
scope,QC_SOP_445,1
datasets,QC_SOP_445,1
procedure,QC_SOP_445,1
status,QC_SOP_445,1
title,QC_SOP_445,1
anomalies,QC_SOP_445,1
justified,QC_SOP_445,1
using,QC_SOP_445,1
decision,QC_SOP_445,1
instrument,QC_SOP_445,1
documented,QC_SOP_445,1
purpose,QC_SOP_445,1
reject,QC_SOP_445,1
document,QC_SOP_445,1
outcomes,QC_SOP_445,1
outliers,QC_SOP_445,1
investigation,QC_SOP_445,1
criteria,QC_SOP_445,1
deviation,QC_SOP_445,1
statistical,QC_SOP_445,1
grubbs,QC_SOP_445,1
confirm,QC_SOP_445,1
tests,QC_SOP_445,1
references,QC_SOP_445,1
outlier,QC_SOP_445,1
cause,QC_SOP_445,1
review,QC_SOP_445,1
identify,QC_SOP_445,1
actions,QC_SOP_446,1
acceptance,QC_SOP_446,1
follow-up,QC_SOP_446,1
effective,QC_SOP_446,1
subsequent,QC_SOP_446,1
testing,QC_SOP_446,1
recurrence,QC_SOP_446,1
supplier-related,QC_SOP_446,1
scope,QC_SOP_446,1
material,QC_SOP_446,1
procedure,QC_SOP_446,1
supplier,QC_SOP_446,1
future,QC_SOP_446,1
title,QC_SOP_446,1
deviations,QC_SOP_446,1
implementation,QC_SOP_446,1
monitor,QC_SOP_446,1
purpose,QC_SOP_446,1
perform,QC_SOP_446,1
document,QC_SOP_446,1
criteria,QC_SOP_446,1
deviation,QC_SOP_446,1
confirmation,QC_SOP_446,1
evidence,QC_SOP_446,1
verification,QC_SOP_446,1
ensure,QC_SOP_446,1
corrective,QC_SOP_446,1
verify,QC_SOP_446,1
references,QC_SOP_446,1
review,QC_SOP_446,1
documentation,QC_SOP_446,1
incoming,QC_SOP_446,1
closure,QC_SOP_446,1
acceptance,QC_SOP_447,1
investigations,QC_SOP_447,1
contributing,QC_SOP_447,1
distinction,QC_SOP_447,1
scope,QC_SOP_447,1
potential,QC_SOP_447,1
clear,QC_SOP_447,1
procedure,QC_SOP_447,1
define,QC_SOP_447,1
title,QC_SOP_447,1
supported,QC_SOP_447,1
factors,QC_SOP_447,1
distinguish,QC_SOP_447,1
documented,QC_SOP_447,1
causes,QC_SOP_447,1
purpose,QC_SOP_447,1
causal,QC_SOP_447,1
clearly,QC_SOP_447,1
document,QC_SOP_447,1
primary,QC_SOP_447,1
criteria,QC_SOP_447,1
evaluate,QC_SOP_447,1
deviation,QC_SOP_447,1
evidence,QC_SOP_447,1
references,QC_SOP_447,1
cause,QC_SOP_447,1
relationships,QC_SOP_447,1
identify,QC_SOP_447,1
documentation,QC_SOP_447,1
during,QC_SOP_448,1
modifications,QC_SOP_448,1
acceptance,QC_SOP_448,1
investigations,QC_SOP_448,1
compare,QC_SOP_448,1
integrity,QC_SOP_448,1
changes,QC_SOP_448,1
audit,QC_SOP_448,1
analysis,QC_SOP_448,1
complete,QC_SOP_448,1
trail,QC_SOP_448,1
scope,QC_SOP_448,1
procedure,QC_SOP_448,1
systems,QC_SOP_448,1
findings,QC_SOP_448,1
reported,QC_SOP_448,1
title,QC_SOP_448,1
anomalies,QC_SOP_448,1
unauthorized,QC_SOP_448,1
unexplained,QC_SOP_448,1
electronic,QC_SOP_448,1
purpose,QC_SOP_448,1
extract,QC_SOP_448,1
document,QC_SOP_448,1
criteria,QC_SOP_448,1
deviation,QC_SOP_448,1
verify,QC_SOP_448,1
references,QC_SOP_448,1
review,QC_SOP_448,1
identify,QC_SOP_448,1
actions,QC_SOP_449,1
acceptance,QC_SOP_449,1
within,QC_SOP_449,1
assess,QC_SOP_449,1
high-risk,QC_SOP_449,1
severity,QC_SOP_449,1
addressed,QC_SOP_449,1
timeline,QC_SOP_449,1
scope,QC_SOP_449,1
based,QC_SOP_449,1
procedure,QC_SOP_449,1
first,QC_SOP_449,1
title,QC_SOP_449,1
risk-based,QC_SOP_449,1
justified,QC_SOP_449,1
calculate,QC_SOP_449,1
detectability,QC_SOP_449,1
high-priority,QC_SOP_449,1
implement,QC_SOP_449,1
prioritization,QC_SOP_449,1
defined,QC_SOP_449,1
purpose,QC_SOP_449,1
occurrence,QC_SOP_449,1
document,QC_SOP_449,1
criteria,QC_SOP_449,1
deviation,QC_SOP_449,1
prioritize,QC_SOP_449,1
corrective,QC_SOP_449,1
references,QC_SOP_449,1
score,QC_SOP_449,1
plans,QC_SOP_449,1
knowledge,QC_SOP_450,1
acceptance,QC_SOP_450,1
effectiveness,QC_SOP_450,1
materials,QC_SOP_450,1
shared,QC_SOP_450,1
training,QC_SOP_450,1
recurrence,QC_SOP_450,1
improvement,QC_SOP_450,1
scope,QC_SOP_450,1
management,QC_SOP_450,1
procedure,QC_SOP_450,1
title,QC_SOP_450,1
archive,QC_SOP_450,1
record,QC_SOP_450,1
completed,QC_SOP_450,1
across,QC_SOP_450,1
documented,QC_SOP_450,1
learned,QC_SOP_450,1
purpose,QC_SOP_450,1
document,QC_SOP_450,1
outcomes,QC_SOP_450,1
lessons,QC_SOP_450,1
share,QC_SOP_450,1
departments,QC_SOP_450,1
criteria,QC_SOP_450,1
deviation,QC_SOP_450,1
closed,QC_SOP_450,1
captured,QC_SOP_450,1
ensure,QC_SOP_450,1
verify,QC_SOP_450,1
continuous,QC_SOP_450,1
update,QC_SOP_450,1
references,QC_SOP_450,1
final,QC_SOP_450,1
closure,QC_SOP_450,1
documents,QC_SOP_451,1
initiate,QC_SOP_451,1
acceptance,QC_SOP_451,1
within,QC_SOP_451,1
control,QC_SOP_451,1
impacting,QC_SOP_451,1
changes,QC_SOP_451,1
priority,QC_SOP_451,1
complete,QC_SOP_451,1
initial,QC_SOP_451,1
request,QC_SOP_451,1
scope,QC_SOP_451,1
procedure,QC_SOP_451,1
description,QC_SOP_451,1
rationale,QC_SOP_451,1
systems,QC_SOP_451,1
title,QC_SOP_451,1
change,QC_SOP_451,1
submit,QC_SOP_451,1
record,QC_SOP_451,1
purpose,QC_SOP_451,1
quality,QC_SOP_451,1
document,QC_SOP_451,1
criteria,QC_SOP_451,1
formally,QC_SOP_451,1
initiation,QC_SOP_451,1
processes,QC_SOP_451,1
category,QC_SOP_451,1
route,QC_SOP_451,1
references,QC_SOP_451,1
initiated,QC_SOP_451,1
review,QC_SOP_451,1
assign,QC_SOP_451,1
impacted,QC_SOP_451,1
evaluation,QC_SOP_452,1
actions,QC_SOP_452,1
acceptance,QC_SOP_452,1
obtained,QC_SOP_452,1
requests,QC_SOP_452,1
control,QC_SOP_452,1
assess,QC_SOP_452,1
mitigation,QC_SOP_452,1
impact,QC_SOP_452,1
proposed,QC_SOP_452,1
scope,QC_SOP_452,1
procedure,QC_SOP_452,1
define,QC_SOP_452,1
systems,QC_SOP_452,1
title,QC_SOP_452,1
change,QC_SOP_452,1
affected,QC_SOP_452,1
defined,QC_SOP_452,1
purpose,QC_SOP_452,1
quality,QC_SOP_452,1
perform,QC_SOP_452,1
document,QC_SOP_452,1
criteria,QC_SOP_452,1
evaluate,QC_SOP_452,1
regulatory,QC_SOP_452,1
assessed,QC_SOP_452,1
product,QC_SOP_452,1
processes,QC_SOP_452,1
approval,QC_SOP_452,1
references,QC_SOP_452,1
identify,QC_SOP_452,1
assessment,QC_SOP_452,1
acceptance,QC_SOP_453,1
obtained,QC_SOP_453,1
control,QC_SOP_453,1
changes,QC_SOP_453,1
workflow,QC_SOP_453,1
decisions,QC_SOP_453,1
scope,QC_SOP_453,1
management,QC_SOP_453,1
procedure,QC_SOP_453,1
title,QC_SOP_453,1
archive,QC_SOP_453,1
unauthorized,QC_SOP_453,1
change,QC_SOP_453,1
record,QC_SOP_453,1
approvals,QC_SOP_453,1
implementation,QC_SOP_453,1
purpose,QC_SOP_453,1
reject,QC_SOP_453,1
production,QC_SOP_453,1
criteria,QC_SOP_453,1
controls,QC_SOP_453,1
approval,QC_SOP_453,1
ensure,QC_SOP_453,1
route,QC_SOP_453,1
approve,QC_SOP_453,1
references,QC_SOP_453,1
review,QC_SOP_453,1
documentation,QC_SOP_453,1
proper,QC_SOP_453,1
acceptance,QC_SOP_454,1
execution,QC_SOP_454,1
control,QC_SOP_454,1
changes,QC_SOP_454,1
completion,QC_SOP_454,1
training,QC_SOP_454,1
personnel,QC_SOP_454,1
execute,QC_SOP_454,1
scope,QC_SOP_454,1
approved,QC_SOP_454,1
procedure,QC_SOP_454,1
systems,QC_SOP_454,1
title,QC_SOP_454,1
change,QC_SOP_454,1
train,QC_SOP_454,1
completed,QC_SOP_454,1
implementation,QC_SOP_454,1
purpose,QC_SOP_454,1
document,QC_SOP_454,1
criteria,QC_SOP_454,1
ensure,QC_SOP_454,1
verify,QC_SOP_454,1
update,QC_SOP_454,1
references,QC_SOP_454,1
controlled,QC_SOP_454,1
implemented,QC_SOP_454,1
acceptance,QC_SOP_455,1
effectiveness,QC_SOP_455,1
control,QC_SOP_455,1
performance,QC_SOP_455,1
unintended,QC_SOP_455,1
changes,QC_SOP_455,1
impact,QC_SOP_455,1
consequences,QC_SOP_455,1
adverse,QC_SOP_455,1
scope,QC_SOP_455,1
procedure,QC_SOP_455,1
title,QC_SOP_455,1
archive,QC_SOP_455,1
change,QC_SOP_455,1
completed,QC_SOP_455,1
objectives,QC_SOP_455,1
against,QC_SOP_455,1
purpose,QC_SOP_455,1
outcomes,QC_SOP_455,1
criteria,QC_SOP_455,1
confirm,QC_SOP_455,1
verification,QC_SOP_455,1
verify,QC_SOP_455,1
approve,QC_SOP_455,1
references,QC_SOP_455,1
review,QC_SOP_455,1
implemented,QC_SOP_455,1
closure,QC_SOP_455,1
acceptance,QC_SOP_456,1
obtained,QC_SOP_456,1
within,QC_SOP_456,1
requests,QC_SOP_456,1
predefined,QC_SOP_456,1
control,QC_SOP_456,1
major,QC_SOP_456,1
assess,QC_SOP_456,1
classify,QC_SOP_456,1
changes,QC_SOP_456,1
impact,QC_SOP_456,1
proposed,QC_SOP_456,1
prior,QC_SOP_456,1
state,QC_SOP_456,1
scope,QC_SOP_456,1
potential,QC_SOP_456,1
based,QC_SOP_456,1
pathway,QC_SOP_456,1
procedure,QC_SOP_456,1
description,QC_SOP_456,1
filings,QC_SOP_456,1
systems,QC_SOP_456,1
rationale,QC_SOP_456,1
appropriate,QC_SOP_456,1
title,QC_SOP_456,1
justified,QC_SOP_456,1
change,QC_SOP_456,1
using,QC_SOP_456,1
validated,QC_SOP_456,1
types,QC_SOP_456,1
affected,QC_SOP_456,1
documented,QC_SOP_456,1
compliance,QC_SOP_456,1
purpose,QC_SOP_456,1
quality,QC_SOP_456,1
document,QC_SOP_456,1
minor,QC_SOP_456,1
critical,QC_SOP_456,1
criteria,QC_SOP_456,1
regulatory,QC_SOP_456,1
further,QC_SOP_456,1
product,QC_SOP_456,1
classification,QC_SOP_456,1
approval,QC_SOP_456,1
route,QC_SOP_456,1
references,QC_SOP_456,1
processing,QC_SOP_456,1
review,QC_SOP_456,1
categorize,QC_SOP_456,1
before,QC_SOP_457,1
consult,QC_SOP_457,1
required,QC_SOP_457,1
timelines,QC_SOP_457,1
determine,QC_SOP_457,1
obtained,QC_SOP_457,1
acceptance,QC_SOP_457,1
submission,QC_SOP_457,1
control,QC_SOP_457,1
changes,QC_SOP_457,1
registered,QC_SOP_457,1
impact,QC_SOP_457,1
notification,QC_SOP_457,1
proposed,QC_SOP_457,1
prior,QC_SOP_457,1
affairs,QC_SOP_457,1
scope,QC_SOP_457,1
requires,QC_SOP_457,1
filings,QC_SOP_457,1
procedure,QC_SOP_457,1
title,QC_SOP_457,1
change,QC_SOP_457,1
regional,QC_SOP_457,1
completed,QC_SOP_457,1
submissions,QC_SOP_457,1
documented,QC_SOP_457,1
where,QC_SOP_457,1
guidelines,QC_SOP_457,1
implementation,QC_SOP_457,1
purpose,QC_SOP_457,1
affecting,QC_SOP_457,1
products,QC_SOP_457,1
document,QC_SOP_457,1
criteria,QC_SOP_457,1
regulatory,QC_SOP_457,1
evaluate,QC_SOP_457,1
requirements,QC_SOP_457,1
category,QC_SOP_457,1
classification,QC_SOP_457,1
approval,QC_SOP_457,1
ensure,QC_SOP_457,1
references,QC_SOP_457,1
sections,QC_SOP_457,1
review,QC_SOP_457,1
current,QC_SOP_457,1
impacted,QC_SOP_457,1
whether,QC_SOP_457,1
assessment,QC_SOP_457,1
acceptance,QC_SOP_458,1
determine,QC_SOP_458,1
control,QC_SOP_458,1
analytical,QC_SOP_458,1
requalification,QC_SOP_458,1
assess,QC_SOP_458,1
partial,QC_SOP_458,1
release,QC_SOP_458,1
changes,QC_SOP_458,1
impact,QC_SOP_458,1
annex,QC_SOP_458,1
equipment,QC_SOP_458,1
prior,QC_SOP_458,1
execute,QC_SOP_458,1
scope,QC_SOP_458,1
procedure,QC_SOP_458,1
define,QC_SOP_458,1
status,QC_SOP_458,1
systems,QC_SOP_458,1
title,QC_SOP_458,1
process,QC_SOP_458,1
change,QC_SOP_458,1
validated,QC_SOP_458,1
completed,QC_SOP_458,1
validation,QC_SOP_458,1
cleaning,QC_SOP_458,1
extent,QC_SOP_458,1
resulting,QC_SOP_458,1
purpose,QC_SOP_458,1
affecting,QC_SOP_458,1
document,QC_SOP_458,1
outcomes,QC_SOP_458,1
results,QC_SOP_458,1
criteria,QC_SOP_458,1
processes,QC_SOP_458,1
methods,QC_SOP_458,1
requirements,QC_SOP_458,1
revalidation,QC_SOP_458,1
activities,QC_SOP_458,1
update,QC_SOP_458,1
references,QC_SOP_458,1
identify,QC_SOP_458,1
impacted,QC_SOP_458,1
assessment,QC_SOP_458,1
documents,QC_SOP_459,1
correct,QC_SOP_459,1
acceptance,QC_SOP_459,1
following,QC_SOP_459,1
content,QC_SOP_459,1
users,QC_SOP_459,1
removed,QC_SOP_459,1
control,QC_SOP_459,1
implemented,QC_SOP_459,1
changes,QC_SOP_459,1
revision,QC_SOP_459,1
audit,QC_SOP_459,1
tracked,QC_SOP_459,1
maintained,QC_SOP_459,1
trail,QC_SOP_459,1
scope,QC_SOP_459,1
procedure,QC_SOP_459,1
title,QC_SOP_459,1
archive,QC_SOP_459,1
change,QC_SOP_459,1
number,QC_SOP_459,1
affected,QC_SOP_459,1
implement,QC_SOP_459,1
version,QC_SOP_459,1
distribute,QC_SOP_459,1
purpose,QC_SOP_459,1
requiring,QC_SOP_459,1
superseded,QC_SOP_459,1
criteria,QC_SOP_459,1
updated,QC_SOP_459,1
versions,QC_SOP_459,1
approval,QC_SOP_459,1
obsolete,QC_SOP_459,1
ensure,QC_SOP_459,1
route,QC_SOP_459,1
update,QC_SOP_459,1
references,QC_SOP_459,1
controlled,QC_SOP_459,1
review,QC_SOP_459,1
identify,QC_SOP_459,1
documentation,QC_SOP_459,1
records,QC_SOP_460,1
before,QC_SOP_460,1
documents,QC_SOP_460,1
acceptance,QC_SOP_460,1
following,QC_SOP_460,1
execution,QC_SOP_460,1
control,QC_SOP_460,1
employees,QC_SOP_460,1
changes,QC_SOP_460,1
materials,QC_SOP_460,1
completion,QC_SOP_460,1
trained,QC_SOP_460,1
training,QC_SOP_460,1
competency,QC_SOP_460,1
personnel,QC_SOP_460,1
scope,QC_SOP_460,1
procedure,QC_SOP_460,1
assessments,QC_SOP_460,1
conduct,QC_SOP_460,1
title,QC_SOP_460,1
understanding,QC_SOP_460,1
process,QC_SOP_460,1
change,QC_SOP_460,1
record,QC_SOP_460,1
affected,QC_SOP_460,1
documented,QC_SOP_460,1
implementation,QC_SOP_460,1
purpose,QC_SOP_460,1
reflecting,QC_SOP_460,1
results,QC_SOP_460,1
changed,QC_SOP_460,1
criteria,QC_SOP_460,1
updated,QC_SOP_460,1
processes,QC_SOP_460,1
develop,QC_SOP_460,1
ensure,QC_SOP_460,1
verify,QC_SOP_460,1
references,QC_SOP_460,1
attendance,QC_SOP_460,1
score,QC_SOP_460,1
identify,QC_SOP_460,1
sessions,QC_SOP_460,1
impacted,QC_SOP_460,1
assessment,QC_SOP_460,1
during,QC_SOP_461,1
temporary,QC_SOP_461,1
initiate,QC_SOP_461,1
acceptance,QC_SOP_461,1
control,QC_SOP_461,1
performance,QC_SOP_461,1
assess,QC_SOP_461,1
changes,QC_SOP_461,1
impact,QC_SOP_461,1
manage,QC_SOP_461,1
describing,QC_SOP_461,1
revert,QC_SOP_461,1
adverse,QC_SOP_461,1
state,QC_SOP_461,1
scope,QC_SOP_461,1
duration,QC_SOP_461,1
observed,QC_SOP_461,1
procedure,QC_SOP_461,1
define,QC_SOP_461,1
formalize,QC_SOP_461,1
title,QC_SOP_461,1
change,QC_SOP_461,1
documented,QC_SOP_461,1
implement,QC_SOP_461,1
implementation,QC_SOP_461,1
monitor,QC_SOP_461,1
defined,QC_SOP_461,1
purpose,QC_SOP_461,1
deviation-based,QC_SOP_461,1
criteria,QC_SOP_461,1
deviation,QC_SOP_461,1
excursion,QC_SOP_461,1
intended,QC_SOP_461,1
controls,QC_SOP_461,1
original,QC_SOP_461,1
period,QC_SOP_461,1
references,QC_SOP_461,1
short-term,QC_SOP_461,1
permanent,QC_SOP_461,1
implemented,QC_SOP_461,1
closure,QC_SOP_461,1
minimal,QC_SOP_462,1
required,QC_SOP_462,1
actions,QC_SOP_462,1
acceptance,QC_SOP_462,1
within,QC_SOP_462,1
control,QC_SOP_462,1
impacting,QC_SOP_462,1
changes,QC_SOP_462,1
address,QC_SOP_462,1
impact,QC_SOP_462,1
manage,QC_SOP_462,1
post-implementation,QC_SOP_462,1
scope,QC_SOP_462,1
operations,QC_SOP_462,1
obtain,QC_SOP_462,1
management,QC_SOP_462,1
procedure,QC_SOP_462,1
expedited,QC_SOP_462,1
conduct,QC_SOP_462,1
urgent,QC_SOP_462,1
title,QC_SOP_462,1
justified,QC_SOP_462,1
change,QC_SOP_462,1
justify,QC_SOP_462,1
completed,QC_SOP_462,1
implement,QC_SOP_462,1
issues,QC_SOP_462,1
purpose,QC_SOP_462,1
emergency,QC_SOP_462,1
delay,QC_SOP_462,1
document,QC_SOP_462,1
immediate,QC_SOP_462,1
retrospectively,QC_SOP_462,1
critical,QC_SOP_462,1
criteria,QC_SOP_462,1
assessment,QC_SOP_462,1
uncontrolled,QC_SOP_462,1
action,QC_SOP_462,1
approval,QC_SOP_462,1
references,QC_SOP_462,1
identify,QC_SOP_462,1
documentation,QC_SOP_462,1
situations,QC_SOP_462,1
post-change,QC_SOP_463,1
evaluation,QC_SOP_463,1
acceptance,QC_SOP_463,1
obtained,QC_SOP_463,1
effectiveness,QC_SOP_463,1
reduced,QC_SOP_463,1
compare,QC_SOP_463,1
control,QC_SOP_463,1
performance,QC_SOP_463,1
changes,QC_SOP_463,1
scope,QC_SOP_463,1
procedure,QC_SOP_463,1
define,QC_SOP_463,1
achieve,QC_SOP_463,1
title,QC_SOP_463,1
process,QC_SOP_463,1
change,QC_SOP_463,1
trends,QC_SOP_463,1
objectives,QC_SOP_463,1
monitor,QC_SOP_463,1
defined,QC_SOP_463,1
purpose,QC_SOP_463,1
document,QC_SOP_463,1
outcomes,QC_SOP_463,1
criteria,QC_SOP_463,1
closed,QC_SOP_463,1
confirm,QC_SOP_463,1
intended,QC_SOP_463,1
controls,QC_SOP_463,1
deviation,QC_SOP_463,1
verification,QC_SOP_463,1
period,QC_SOP_463,1
approval,QC_SOP_463,1
approve,QC_SOP_463,1
references,QC_SOP_463,1
negative,QC_SOP_463,1
implemented,QC_SOP_463,1
records,QC_SOP_464,1
periodic,QC_SOP_464,1
maintain,QC_SOP_464,1
acceptance,QC_SOP_464,1
timelines,QC_SOP_464,1
within,QC_SOP_464,1
requests,QC_SOP_464,1
control,QC_SOP_464,1
changes,QC_SOP_464,1
tracking,QC_SOP_464,1
scope,QC_SOP_464,1
unique,QC_SOP_464,1
procedure,QC_SOP_464,1
status,QC_SOP_464,1
system,QC_SOP_464,1
title,QC_SOP_464,1
archive,QC_SOP_464,1
overdue,QC_SOP_464,1
change,QC_SOP_464,1
record,QC_SOP_464,1
approvals,QC_SOP_464,1
monitor,QC_SOP_464,1
purpose,QC_SOP_464,1
generate,QC_SOP_464,1
criteria,QC_SOP_464,1
hours,QC_SOP_464,1
closed,QC_SOP_464,1
updated,QC_SOP_464,1
reports,QC_SOP_464,1
centralized,QC_SOP_464,1
updates,QC_SOP_464,1
traceability,QC_SOP_464,1
references,QC_SOP_464,1
assign,QC_SOP_464,1
acceptance,QC_SOP_465,1
requests,QC_SOP_465,1
control,QC_SOP_465,1
assess,QC_SOP_465,1
high-risk,QC_SOP_465,1
changes,QC_SOP_465,1
severity,QC_SOP_465,1
priority,QC_SOP_465,1
scope,QC_SOP_465,1
based,QC_SOP_465,1
procedure,QC_SOP_465,1
rationale,QC_SOP_465,1
title,QC_SOP_465,1
risk-based,QC_SOP_465,1
change,QC_SOP_465,1
level,QC_SOP_465,1
using,QC_SOP_465,1
detectability,QC_SOP_465,1
documented,QC_SOP_465,1
prioritization,QC_SOP_465,1
implementation,QC_SOP_465,1
monitor,QC_SOP_465,1
purpose,QC_SOP_465,1
quality,QC_SOP_465,1
occurrence,QC_SOP_465,1
document,QC_SOP_465,1
closely,QC_SOP_465,1
criteria,QC_SOP_465,1
prioritized,QC_SOP_465,1
prioritize,QC_SOP_465,1
product,QC_SOP_465,1
references,QC_SOP_465,1
accordingly,QC_SOP_465,1
schedule,QC_SOP_465,1
assign,QC_SOP_465,1
initiate,QC_SOP_466,1
required,QC_SOP_466,1
acceptance,QC_SOP_466,1
receive,QC_SOP_466,1
control,QC_SOP_466,1
assess,QC_SOP_466,1
changes,QC_SOP_466,1
impact,QC_SOP_466,1
manage,QC_SOP_466,1
notification,QC_SOP_466,1
testing,QC_SOP_466,1
supplier-related,QC_SOP_466,1
scope,QC_SOP_466,1
management,QC_SOP_466,1
procedure,QC_SOP_466,1
supplier,QC_SOP_466,1
title,QC_SOP_466,1
additional,QC_SOP_466,1
change,QC_SOP_466,1
internal,QC_SOP_466,1
purpose,QC_SOP_466,1
reject,QC_SOP_466,1
quality,QC_SOP_466,1
suppliers,QC_SOP_466,1
perform,QC_SOP_466,1
criteria,QC_SOP_466,1
assessed,QC_SOP_466,1
product,QC_SOP_466,1
approve,QC_SOP_466,1
references,QC_SOP_466,1
initiated,QC_SOP_466,1
implemented,QC_SOP_466,1
unapproved,QC_SOP_466,1
progress,QC_SOP_467,1
acceptance,QC_SOP_467,1
within,QC_SOP_467,1
execution,QC_SOP_467,1
control,QC_SOP_467,1
delays,QC_SOP_467,1
changes,QC_SOP_467,1
completion,QC_SOP_467,1
timeline,QC_SOP_467,1
scope,QC_SOP_467,1
timely,QC_SOP_467,1
approved,QC_SOP_467,1
escalate,QC_SOP_467,1
management,QC_SOP_467,1
procedure,QC_SOP_467,1
define,QC_SOP_467,1
status,QC_SOP_467,1
title,QC_SOP_467,1
change,QC_SOP_467,1
completed,QC_SOP_467,1
implementation,QC_SOP_467,1
purpose,QC_SOP_467,1
document,QC_SOP_467,1
criteria,QC_SOP_467,1
controls,QC_SOP_467,1
ensure,QC_SOP_467,1
references,QC_SOP_467,1
update,QC_SOP_467,1
track,QC_SOP_467,1
actions,QC_SOP_468,1
acceptance,QC_SOP_468,1
within,QC_SOP_468,1
control,QC_SOP_468,1
performance,QC_SOP_468,1
unintended,QC_SOP_468,1
changes,QC_SOP_468,1
impact,QC_SOP_468,1
post-implementation,QC_SOP_468,1
identify,QC_SOP_468,1
adverse,QC_SOP_468,1
scope,QC_SOP_468,1
procedure,QC_SOP_468,1
findings,QC_SOP_468,1
title,QC_SOP_468,1
process,QC_SOP_468,1
change,QC_SOP_468,1
completed,QC_SOP_468,1
close,QC_SOP_468,1
implement,QC_SOP_468,1
purpose,QC_SOP_468,1
document,QC_SOP_468,1
criteria,QC_SOP_468,1
evaluate,QC_SOP_468,1
needed,QC_SOP_468,1
corrective,QC_SOP_468,1
references,QC_SOP_468,1
review,QC_SOP_468,1
effects,QC_SOP_468,1
implemented,QC_SOP_468,1
records,QC_SOP_469,1
maintain,QC_SOP_469,1
acceptance,QC_SOP_469,1
within,QC_SOP_469,1
control,QC_SOP_469,1
changes,QC_SOP_469,1
available,QC_SOP_469,1
complete,QC_SOP_469,1
scope,QC_SOP_469,1
procedure,QC_SOP_469,1
retrieve,QC_SOP_469,1
systems,QC_SOP_469,1
archive,QC_SOP_469,1
title,QC_SOP_469,1
change,QC_SOP_469,1
record,QC_SOP_469,1
version,QC_SOP_469,1
retrievable,QC_SOP_469,1
purpose,QC_SOP_469,1
history,QC_SOP_469,1
criteria,QC_SOP_469,1
hours,QC_SOP_469,1
details,QC_SOP_469,1
needed,QC_SOP_469,1
traceability,QC_SOP_469,1
historical,QC_SOP_469,1
ensure,QC_SOP_469,1
references,QC_SOP_469,1
documentation,QC_SOP_469,1
records,QC_SOP_470,1
actions,QC_SOP_470,1
acceptance,QC_SOP_470,1
retrievability,QC_SOP_470,1
effectiveness,QC_SOP_470,1
control,QC_SOP_470,1
archival,QC_SOP_470,1
scope,QC_SOP_470,1
obtain,QC_SOP_470,1
procedure,QC_SOP_470,1
archiving,QC_SOP_470,1
title,QC_SOP_470,1
archive,QC_SOP_470,1
change,QC_SOP_470,1
record,QC_SOP_470,1
completed,QC_SOP_470,1
retrievable,QC_SOP_470,1
purpose,QC_SOP_470,1
criteria,QC_SOP_470,1
confirm,QC_SOP_470,1
controls,QC_SOP_470,1
approval,QC_SOP_470,1
ensure,QC_SOP_470,1
verify,QC_SOP_470,1
references,QC_SOP_470,1
final,QC_SOP_470,1
proper,QC_SOP_470,1
closure,QC_SOP_470,1
records,QC_SOP_471,1
periodic,QC_SOP_471,1
actions,QC_SOP_471,1
acceptance,QC_SOP_471,1
within,QC_SOP_471,1
control,QC_SOP_471,1
changes,QC_SOP_471,1
progression,QC_SOP_471,1
timeline,QC_SOP_471,1
scope,QC_SOP_471,1
timely,QC_SOP_471,1
oversight,QC_SOP_471,1
escalate,QC_SOP_471,1
items,QC_SOP_471,1
management,QC_SOP_471,1
procedure,QC_SOP_471,1
status,QC_SOP_471,1
taken,QC_SOP_471,1
title,QC_SOP_471,1
remove,QC_SOP_471,1
overdue,QC_SOP_471,1
change,QC_SOP_471,1
reviewed,QC_SOP_471,1
documented,QC_SOP_471,1
blockers,QC_SOP_471,1
active,QC_SOP_471,1
purpose,QC_SOP_471,1
weekly,QC_SOP_471,1
generate,QC_SOP_471,1
document,QC_SOP_471,1
outcomes,QC_SOP_471,1
bottlenecks,QC_SOP_471,1
critical,QC_SOP_471,1
criteria,QC_SOP_471,1
report,QC_SOP_471,1
controls,QC_SOP_471,1
owners,QC_SOP_471,1
action,QC_SOP_471,1
ensure,QC_SOP_471,1
references,QC_SOP_471,1
update,QC_SOP_471,1
review,QC_SOP_471,1
identify,QC_SOP_471,1
aging,QC_SOP_471,1
plans,QC_SOP_471,1
contact,QC_SOP_471,1
during,QC_SOP_472,1
acceptance,QC_SOP_472,1
control,QC_SOP_472,1
integrity,QC_SOP_472,1
checksums,QC_SOP_472,1
changes,QC_SOP_472,1
reconciliation,QC_SOP_472,1
discrepancies,QC_SOP_472,1
mapping,QC_SOP_472,1
testing,QC_SOP_472,1
counts,QC_SOP_472,1
execute,QC_SOP_472,1
scope,QC_SOP_472,1
finalize,QC_SOP_472,1
procedure,QC_SOP_472,1
define,QC_SOP_472,1
systems,QC_SOP_472,1
system,QC_SOP_472,1
title,QC_SOP_472,1
change,QC_SOP_472,1
fields,QC_SOP_472,1
record,QC_SOP_472,1
validation,QC_SOP_472,1
purpose,QC_SOP_472,1
environment,QC_SOP_472,1
perform,QC_SOP_472,1
migrations,QC_SOP_472,1
document,QC_SOP_472,1
critical,QC_SOP_472,1
criteria,QC_SOP_472,1
migration,QC_SOP_472,1
upgrade,QC_SOP_472,1
verification,QC_SOP_472,1
go-live,QC_SOP_472,1
approval,QC_SOP_472,1
verify,QC_SOP_472,1
references,QC_SOP_472,1
subject,QC_SOP_472,1
computerized,QC_SOP_472,1
completeness,QC_SOP_472,1
acceptance,QC_SOP_473,1
characteristics,QC_SOP_473,1
precision,QC_SOP_473,1
control,QC_SOP_473,1
analytical,QC_SOP_473,1
method,QC_SOP_473,1
performance,QC_SOP_473,1
assess,QC_SOP_473,1
changes,QC_SOP_473,1
impact,QC_SOP_473,1
column,QC_SOP_473,1
analysis,QC_SOP_473,1
execute,QC_SOP_473,1
parameters,QC_SOP_473,1
scope,QC_SOP_473,1
accuracy,QC_SOP_473,1
procedure,QC_SOP_473,1
comparative,QC_SOP_473,1
gradient,QC_SOP_473,1
title,QC_SOP_473,1
system,QC_SOP_473,1
change,QC_SOP_473,1
train,QC_SOP_473,1
validated,QC_SOP_473,1
validation,QC_SOP_473,1
resolution,QC_SOP_473,1
implementation,QC_SOP_473,1
purpose,QC_SOP_473,1
document,QC_SOP_473,1
criteria,QC_SOP_473,1
robustness,QC_SOP_473,1
suitability,QC_SOP_473,1
original,QC_SOP_473,1
configuration,QC_SOP_473,1
methods,QC_SOP_473,1
bridging,QC_SOP_473,1
propose,QC_SOP_473,1
ensuring,QC_SOP_473,1
study,QC_SOP_473,1
update,QC_SOP_473,1
analysts,QC_SOP_473,1
references,QC_SOP_473,1
initiate,QC_SOP_474,1
acceptance,QC_SOP_474,1
content,QC_SOP_474,1
leaflets,QC_SOP_474,1
errors,QC_SOP_474,1
control,QC_SOP_474,1
prevent,QC_SOP_474,1
release,QC_SOP_474,1
revision,QC_SOP_474,1
component,QC_SOP_474,1
manage,QC_SOP_474,1
disposition,QC_SOP_474,1
barcode,QC_SOP_474,1
justification,QC_SOP_474,1
stock,QC_SOP_474,1
scope,QC_SOP_474,1
grade,QC_SOP_474,1
print,QC_SOP_474,1
labeling,QC_SOP_474,1
specifications,QC_SOP_474,1
procedure,QC_SOP_474,1
medical,QC_SOP_474,1
conduct,QC_SOP_474,1
title,QC_SOP_474,1
change,QC_SOP_474,1
readability,QC_SOP_474,1
revised,QC_SOP_474,1
checks,QC_SOP_474,1
artwork,QC_SOP_474,1
documented,QC_SOP_474,1
version,QC_SOP_474,1
cartons,QC_SOP_474,1
purpose,QC_SOP_474,1
quality,QC_SOP_474,1
perform,QC_SOP_474,1
criteria,QC_SOP_474,1
regulatory,QC_SOP_474,1
trial,QC_SOP_474,1
updates,QC_SOP_474,1
packaging,QC_SOP_474,1
verify,QC_SOP_474,1
mislabeling,QC_SOP_474,1
labels,QC_SOP_474,1
approve,QC_SOP_474,1
controlled,QC_SOP_474,1
review,QC_SOP_474,1
obsolete,QC_SOP_474,1
references,QC_SOP_474,1
cycles,QC_SOP_475,1
acceptance,QC_SOP_475,1
detected,QC_SOP_475,1
control,QC_SOP_475,1
assess,QC_SOP_475,1
changes,QC_SOP_475,1
established,QC_SOP_475,1
impact,QC_SOP_475,1
annex,QC_SOP_475,1
equipment,QC_SOP_475,1
proposed,QC_SOP_475,1
scope,QC_SOP_475,1
sampling,QC_SOP_475,1
residues,QC_SOP_475,1
procedure,QC_SOP_475,1
recovery,QC_SOP_475,1
detergent,QC_SOP_475,1
title,QC_SOP_475,1
process,QC_SOP_475,1
concentration,QC_SOP_475,1
change,QC_SOP_475,1
train,QC_SOP_475,1
validated,QC_SOP_475,1
agents,QC_SOP_475,1
validation,QC_SOP_475,1
cleaning,QC_SOP_475,1
cycle,QC_SOP_475,1
residue,QC_SOP_475,1
under,QC_SOP_475,1
purpose,QC_SOP_475,1
rinse,QC_SOP_475,1
perform,QC_SOP_475,1
worst-case,QC_SOP_475,1
limits,QC_SOP_475,1
criteria,QC_SOP_475,1
evaluate,QC_SOP_475,1
carryover,QC_SOP_475,1
processes,QC_SOP_475,1
methods,QC_SOP_475,1
operators,QC_SOP_475,1
verification,QC_SOP_475,1
references,QC_SOP_475,1
update,QC_SOP_475,1
analyze,QC_SOP_475,1
identify,QC_SOP_475,1
assessment,QC_SOP_475,1
post-change,QC_SOP_476,1
acceptance,QC_SOP_476,1
control,QC_SOP_476,1
assess,QC_SOP_476,1
changes,QC_SOP_476,1
impact,QC_SOP_476,1
viable,QC_SOP_476,1
annex,QC_SOP_476,1
environmental,QC_SOP_476,1
manage,QC_SOP_476,1
location,QC_SOP_476,1
program,QC_SOP_476,1
analysis,QC_SOP_476,1
meets,QC_SOP_476,1
personnel,QC_SOP_476,1
justification,QC_SOP_476,1
scope,QC_SOP_476,1
based,QC_SOP_476,1
sampling,QC_SOP_476,1
increase,QC_SOP_476,1
monitoring,QC_SOP_476,1
procedure,QC_SOP_476,1
locations,QC_SOP_476,1
title,QC_SOP_476,1
trend,QC_SOP_476,1
change,QC_SOP_476,1
train,QC_SOP_476,1
facility,QC_SOP_476,1
studies,QC_SOP_476,1
implement,QC_SOP_476,1
qualification,QC_SOP_476,1
action-level,QC_SOP_476,1
purpose,QC_SOP_476,1
perform,QC_SOP_476,1
strategy,QC_SOP_476,1
limits,QC_SOP_476,1
frequencies,QC_SOP_476,1
criteria,QC_SOP_476,1
programs,QC_SOP_476,1
contamination,QC_SOP_476,1
smoke,QC_SOP_476,1
needed,QC_SOP_476,1
non-viable,QC_SOP_476,1
propose,QC_SOP_476,1
references,QC_SOP_476,1
update,QC_SOP_476,1
plans,QC_SOP_476,1
modification,QC_SOP_476,1
breaches,QC_SOP_476,1
evaluation,QC_SOP_477,1
acceptance,QC_SOP_477,1
assay,QC_SOP_477,1
compare,QC_SOP_477,1
control,QC_SOP_477,1
assess,QC_SOP_477,1
changes,QC_SOP_477,1
impact,QC_SOP_477,1
meets,QC_SOP_477,1
testing,QC_SOP_477,1
adverse,QC_SOP_477,1
excipients,QC_SOP_477,1
impurities,QC_SOP_477,1
notice,QC_SOP_477,1
scope,QC_SOP_477,1
material,QC_SOP_477,1
specifications,QC_SOP_477,1
notify,QC_SOP_477,1
procedure,QC_SOP_477,1
confirmatory,QC_SOP_477,1
supplier,QC_SOP_477,1
title,QC_SOP_477,1
supplier-initiated,QC_SOP_477,1
process,QC_SOP_477,1
change,QC_SOP_477,1
specification,QC_SOP_477,1
validated,QC_SOP_477,1
decision,QC_SOP_477,1
specs,QC_SOP_477,1
documented,QC_SOP_477,1
internal,QC_SOP_477,1
ranges,QC_SOP_477,1
purpose,QC_SOP_477,1
reject,QC_SOP_477,1
perform,QC_SOP_477,1
document,QC_SOP_477,1
critical,QC_SOP_477,1
limits,QC_SOP_477,1
stakeholders,QC_SOP_477,1
criteria,QC_SOP_477,1
product,QC_SOP_477,1
approval,QC_SOP_477,1
references,QC_SOP_477,1
update,QC_SOP_477,1
review,QC_SOP_477,1
identity,QC_SOP_477,1
qualified,QC_SOP_478,1
initiate,QC_SOP_478,1
required,QC_SOP_478,1
relocation,QC_SOP_478,1
calibration,QC_SOP_478,1
acceptance,QC_SOP_478,1
within,QC_SOP_478,1
control,QC_SOP_478,1
performance,QC_SOP_478,1
release,QC_SOP_478,1
space,QC_SOP_478,1
annex,QC_SOP_478,1
equipment,QC_SOP_478,1
location,QC_SOP_478,1
degradation,QC_SOP_478,1
transport,QC_SOP_478,1
deinstallation,QC_SOP_478,1
execute,QC_SOP_478,1
movement,QC_SOP_478,1
scope,QC_SOP_478,1
observed,QC_SOP_478,1
procedure,QC_SOP_478,1
define,QC_SOP_478,1
system,QC_SOP_478,1
title,QC_SOP_478,1
associated,QC_SOP_478,1
change,QC_SOP_478,1
conditions,QC_SOP_478,1
risks,QC_SOP_478,1
under,QC_SOP_478,1
purpose,QC_SOP_478,1
reinstallation,QC_SOP_478,1
perform,QC_SOP_478,1
reinstall,QC_SOP_478,1
relocating,QC_SOP_478,1
limits,QC_SOP_478,1
criteria,QC_SOP_478,1
suitability,QC_SOP_478,1
utilities,QC_SOP_478,1
requirements,QC_SOP_478,1
manufacturing,QC_SOP_478,1
approval,QC_SOP_478,1
verify,QC_SOP_478,1
references,QC_SOP_478,1
controlled,QC_SOP_478,1
notes,QC_SOP_479,1
post-change,QC_SOP_479,1
acceptance,QC_SOP_479,1
passed,QC_SOP_479,1
control,QC_SOP_479,1
assess,QC_SOP_479,1
trails,QC_SOP_479,1
release,QC_SOP_479,1
patch,QC_SOP_479,1
impact,QC_SOP_479,1
post-installation,QC_SOP_479,1
audit,QC_SOP_479,1
manage,QC_SOP_479,1
compromising,QC_SOP_479,1
testing,QC_SOP_479,1
upgrades,QC_SOP_479,1
trail,QC_SOP_479,1
execute,QC_SOP_479,1
state,QC_SOP_479,1
scope,QC_SOP_479,1
without,QC_SOP_479,1
management,QC_SOP_479,1
scada,QC_SOP_479,1
procedure,QC_SOP_479,1
define,QC_SOP_479,1
systems,QC_SOP_479,1
system,QC_SOP_479,1
title,QC_SOP_479,1
backup,QC_SOP_479,1
anomalies,QC_SOP_479,1
deployment,QC_SOP_479,1
change,QC_SOP_479,1
validated,QC_SOP_479,1
validation,QC_SOP_479,1
purpose,QC_SOP_479,1
patches,QC_SOP_479,1
environment,QC_SOP_479,1
critical,QC_SOP_479,1
criteria,QC_SOP_479,1
regression,QC_SOP_479,1
upgrade,QC_SOP_479,1
verify,QC_SOP_479,1
tests,QC_SOP_479,1
references,QC_SOP_479,1
controlled,QC_SOP_479,1
review,QC_SOP_479,1
schedule,QC_SOP_479,1
vendor,QC_SOP_479,1
functionality,QC_SOP_479,1
uptime,QC_SOP_479,1
computerized,QC_SOP_479,1
acknowledgments,QC_SOP_480,1
engineering,QC_SOP_480,1
acceptance,QC_SOP_480,1
informed,QC_SOP_480,1
receipt,QC_SOP_480,1
channels,QC_SOP_480,1
execution,QC_SOP_480,1
control,QC_SOP_480,1
effective,QC_SOP_480,1
changes,QC_SOP_480,1
communication,QC_SOP_480,1
notification,QC_SOP_480,1
prior,QC_SOP_480,1
prepare,QC_SOP_480,1
scope,QC_SOP_480,1
approved,QC_SOP_480,1
operations,QC_SOP_480,1
procedure,QC_SOP_480,1
recorded,QC_SOP_480,1
title,QC_SOP_480,1
understanding,QC_SOP_480,1
change,QC_SOP_480,1
record,QC_SOP_480,1
distribute,QC_SOP_480,1
purpose,QC_SOP_480,1
affecting,QC_SOP_480,1
production,QC_SOP_480,1
departments,QC_SOP_480,1
summary,QC_SOP_480,1
criteria,QC_SOP_480,1
confirm,QC_SOP_480,1
stakeholder,QC_SOP_480,1
evidence,QC_SOP_480,1
ensure,QC_SOP_480,1
references,QC_SOP_480,1
controlled,QC_SOP_480,1
stakeholders,QC_SOP_480,1
identify,QC_SOP_480,1
impacted,QC_SOP_480,1
records,QC_SOP_481,1
present,QC_SOP_481,1
actions,QC_SOP_481,1
acceptance,QC_SOP_481,1
on-time,QC_SOP_481,1
effectiveness,QC_SOP_481,1
control,QC_SOP_481,1
performance,QC_SOP_481,1
scope,QC_SOP_481,1
rework,QC_SOP_481,1
improvement,QC_SOP_481,1
monthly,QC_SOP_481,1
management,QC_SOP_481,1
monitoring,QC_SOP_481,1
procedure,QC_SOP_481,1
define,QC_SOP_481,1
system,QC_SOP_481,1
title,QC_SOP_481,1
change,QC_SOP_481,1
review,QC_SOP_481,1
trends,QC_SOP_481,1
monitor,QC_SOP_481,1
purpose,QC_SOP_481,1
extract,QC_SOP_481,1
results,QC_SOP_481,1
criteria,QC_SOP_481,1
references,QC_SOP_481,1
analyze,QC_SOP_481,1
identify,QC_SOP_481,1
closure,QC_SOP_481,1
records,QC_SOP_482,1
initiate,QC_SOP_482,1
actions,QC_SOP_482,1
acceptance,QC_SOP_482,1
linked,QC_SOP_482,1
identified,QC_SOP_482,1
investigations,QC_SOP_482,1
effectiveness,QC_SOP_482,1
control,QC_SOP_482,1
verified,QC_SOP_482,1
changes,QC_SOP_482,1
equipment,QC_SOP_482,1
cross-reference,QC_SOP_482,1
scope,QC_SOP_482,1
systemic,QC_SOP_482,1
procedure,QC_SOP_482,1
define,QC_SOP_482,1
title,QC_SOP_482,1
fixes,QC_SOP_482,1
process,QC_SOP_482,1
change,QC_SOP_482,1
close,QC_SOP_482,1
documented,QC_SOP_482,1
deviations,QC_SOP_482,1
implement,QC_SOP_482,1
issues,QC_SOP_482,1
purpose,QC_SOP_482,1
arising,QC_SOP_482,1
document,QC_SOP_482,1
formal,QC_SOP_482,1
investigation,QC_SOP_482,1
recommended,QC_SOP_482,1
criteria,QC_SOP_482,1
deviation,QC_SOP_482,1
linkage,QC_SOP_482,1
ensure,QC_SOP_482,1
verify,QC_SOP_482,1
references,QC_SOP_482,1
cause,QC_SOP_482,1
review,QC_SOP_482,1
resolved,QC_SOP_482,1
addresses,QC_SOP_482,1
documents,QC_SOP_483,1
correct,QC_SOP_483,1
acceptance,QC_SOP_483,1
revise,QC_SOP_483,1
control,QC_SOP_483,1
analytical,QC_SOP_483,1
changes,QC_SOP_483,1
revision,QC_SOP_483,1
annex,QC_SOP_483,1
complete,QC_SOP_483,1
protocols,QC_SOP_483,1
documentation,QC_SOP_483,1
scope,QC_SOP_483,1
procedure,QC_SOP_483,1
title,QC_SOP_483,1
archive,QC_SOP_483,1
process,QC_SOP_483,1
change,QC_SOP_483,1
affected,QC_SOP_483,1
validation,QC_SOP_483,1
documented,QC_SOP_483,1
cleaning,QC_SOP_483,1
version,QC_SOP_483,1
distribute,QC_SOP_483,1
purpose,QC_SOP_483,1
history,QC_SOP_483,1
reflect,QC_SOP_483,1
superseded,QC_SOP_483,1
criteria,QC_SOP_483,1
updated,QC_SOP_483,1
methods,QC_SOP_483,1
reports,QC_SOP_483,1
needed,QC_SOP_483,1
approval,QC_SOP_483,1
versions,QC_SOP_483,1
ensure,QC_SOP_483,1
route,QC_SOP_483,1
update,QC_SOP_483,1
references,QC_SOP_483,1
identify,QC_SOP_483,1
implemented,QC_SOP_483,1
records,QC_SOP_484,1
non-conformances,QC_SOP_484,1
initiate,QC_SOP_484,1
required,QC_SOP_484,1
acceptance,QC_SOP_484,1
within,QC_SOP_484,1
control,QC_SOP_484,1
major,QC_SOP_484,1
changes,QC_SOP_484,1
audit,QC_SOP_484,1
post-implementation,QC_SOP_484,1
identify,QC_SOP_484,1
addressed,QC_SOP_484,1
personnel,QC_SOP_484,1
scope,QC_SOP_484,1
interview,QC_SOP_484,1
approved,QC_SOP_484,1
procedure,QC_SOP_484,1
adherence,QC_SOP_484,1
findings,QC_SOP_484,1
title,QC_SOP_484,1
understanding,QC_SOP_484,1
process,QC_SOP_484,1
change,QC_SOP_484,1
compliance,QC_SOP_484,1
implementation,QC_SOP_484,1
purpose,QC_SOP_484,1
after,QC_SOP_484,1
document,QC_SOP_484,1
minor,QC_SOP_484,1
critical,QC_SOP_484,1
criteria,QC_SOP_484,1
report,QC_SOP_484,1
updated,QC_SOP_484,1
verify,QC_SOP_484,1
references,QC_SOP_484,1
review,QC_SOP_484,1
schedule,QC_SOP_484,1
records,QC_SOP_485,1
present,QC_SOP_485,1
documents,QC_SOP_485,1
knowledge,QC_SOP_485,1
acceptance,QC_SOP_485,1
retrievability,QC_SOP_485,1
within,QC_SOP_485,1
compile,QC_SOP_485,1
control,QC_SOP_485,1
store,QC_SOP_485,1
intact,QC_SOP_485,1
impact,QC_SOP_485,1
assemble,QC_SOP_485,1
audit,QC_SOP_485,1
archival,QC_SOP_485,1
training,QC_SOP_485,1
inspections,QC_SOP_485,1
complete,QC_SOP_485,1
indexed,QC_SOP_485,1
trail,QC_SOP_485,1
readiness,QC_SOP_485,1
request,QC_SOP_485,1
scope,QC_SOP_485,1
procedure,QC_SOP_485,1
repository,QC_SOP_485,1
title,QC_SOP_485,1
convert,QC_SOP_485,1
archive,QC_SOP_485,1
change,QC_SOP_485,1
electronic,QC_SOP_485,1
approvals,QC_SOP_485,1
compilation,QC_SOP_485,1
validation,QC_SOP_485,1
dossier,QC_SOP_485,1
against,QC_SOP_485,1
retrievable,QC_SOP_485,1
indexing,QC_SOP_485,1
purpose,QC_SOP_485,1
format,QC_SOP_485,1
retention,QC_SOP_485,1
criteria,QC_SOP_485,1
hours,QC_SOP_485,1
closed,QC_SOP_485,1
controls,QC_SOP_485,1
access,QC_SOP_485,1
checklist,QC_SOP_485,1
verify,QC_SOP_485,1
ensure,QC_SOP_485,1
references,QC_SOP_485,1
controlled,QC_SOP_485,1
final,QC_SOP_485,1
completeness,QC_SOP_485,1
assessment,QC_SOP_485,1
during,QC_SOP_486,1
acceptance,QC_SOP_486,1
control,QC_SOP_486,1
release,QC_SOP_486,1
changes,QC_SOP_486,1
non-critical,QC_SOP_486,1
inspections,QC_SOP_486,1
campaigns,QC_SOP_486,1
maintained,QC_SOP_486,1
scope,QC_SOP_486,1
items,QC_SOP_486,1
approved,QC_SOP_486,1
management,QC_SOP_486,1
pending,QC_SOP_486,1
window,QC_SOP_486,1
procedure,QC_SOP_486,1
define,QC_SOP_486,1
allow,QC_SOP_486,1
systems,QC_SOP_486,1
title,QC_SOP_486,1
change,QC_SOP_486,1
review,QC_SOP_486,1
defer,QC_SOP_486,1
validation,QC_SOP_486,1
executed,QC_SOP_486,1
implementation,QC_SOP_486,1
defined,QC_SOP_486,1
compliance,QC_SOP_486,1
purpose,QC_SOP_486,1
emergency,QC_SOP_486,1
after,QC_SOP_486,1
critical,QC_SOP_486,1
criteria,QC_SOP_486,1
regulatory,QC_SOP_486,1
communicate,QC_SOP_486,1
freeze,QC_SOP_486,1
traceability,QC_SOP_486,1
manufacturing,QC_SOP_486,1
approval,QC_SOP_486,1
references,QC_SOP_486,1
stakeholders,QC_SOP_486,1
track,QC_SOP_486,1
implemented,QC_SOP_486,1
periods,QC_SOP_486,1
alignment,QC_SOP_487,1
acceptance,QC_SOP_487,1
following,QC_SOP_487,1
within,QC_SOP_487,1
control,QC_SOP_487,1
major,QC_SOP_487,1
impacting,QC_SOP_487,1
changes,QC_SOP_487,1
significant,QC_SOP_487,1
annex,QC_SOP_487,1
identify,QC_SOP_487,1
state,QC_SOP_487,1
scope,QC_SOP_487,1
procedure,QC_SOP_487,1
schedules,QC_SOP_487,1
master,QC_SOP_487,1
title,QC_SOP_487,1
change,QC_SOP_487,1
validated,QC_SOP_487,1
validation,QC_SOP_487,1
documented,QC_SOP_487,1
qualification,QC_SOP_487,1
version,QC_SOP_487,1
reflects,QC_SOP_487,1
distribute,QC_SOP_487,1
purpose,QC_SOP_487,1
after,QC_SOP_487,1
align,QC_SOP_487,1
strategy,QC_SOP_487,1
critical,QC_SOP_487,1
criteria,QC_SOP_487,1
updated,QC_SOP_487,1
approval,QC_SOP_487,1
ensure,QC_SOP_487,1
route,QC_SOP_487,1
update,QC_SOP_487,1
references,QC_SOP_487,1
sections,QC_SOP_487,1
current,QC_SOP_487,1
implemented,QC_SOP_487,1
impacted,QC_SOP_487,1
records,QC_SOP_488,1
during,QC_SOP_488,1
acceptance,QC_SOP_488,1
timelines,QC_SOP_488,1
implementations,QC_SOP_488,1
execution,QC_SOP_488,1
control,QC_SOP_488,1
interactions,QC_SOP_488,1
changes,QC_SOP_488,1
sequence,QC_SOP_488,1
concurrent,QC_SOP_488,1
manage,QC_SOP_488,1
complete,QC_SOP_488,1
interdependencies,QC_SOP_488,1
managed,QC_SOP_488,1
dependencies,QC_SOP_488,1
scope,QC_SOP_488,1
potential,QC_SOP_488,1
multiple,QC_SOP_488,1
procedure,QC_SOP_488,1
title,QC_SOP_488,1
change,QC_SOP_488,1
simultaneous,QC_SOP_488,1
implementation,QC_SOP_488,1
conflicts,QC_SOP_488,1
monitor,QC_SOP_488,1
purpose,QC_SOP_488,1
adjustments,QC_SOP_488,1
document,QC_SOP_488,1
outcomes,QC_SOP_488,1
parallel,QC_SOP_488,1
related,QC_SOP_488,1
criteria,QC_SOP_488,1
coordinate,QC_SOP_488,1
references,QC_SOP_488,1
identify,QC_SOP_488,1
documentation,QC_SOP_488,1
conflicting,QC_SOP_488,1
authorities,QC_SOP_489,1
required,QC_SOP_489,1
acceptance,QC_SOP_489,1
within,QC_SOP_489,1
submission,QC_SOP_489,1
control,QC_SOP_489,1
high-risk,QC_SOP_489,1
impacting,QC_SOP_489,1
changes,QC_SOP_489,1
address,QC_SOP_489,1
communication,QC_SOP_489,1
notification,QC_SOP_489,1
complete,QC_SOP_489,1
timeline,QC_SOP_489,1
prepare,QC_SOP_489,1
accepted,QC_SOP_489,1
scope,QC_SOP_489,1
interaction,QC_SOP_489,1
filings,QC_SOP_489,1
procedure,QC_SOP_489,1
title,QC_SOP_489,1
draft,QC_SOP_489,1
change,QC_SOP_489,1
submit,QC_SOP_489,1
compliance,QC_SOP_489,1
purpose,QC_SOP_489,1
document,QC_SOP_489,1
requiring,QC_SOP_489,1
queries,QC_SOP_489,1
summary,QC_SOP_489,1
criteria,QC_SOP_489,1
regulatory,QC_SOP_489,1
communicate,QC_SOP_489,1
references,QC_SOP_489,1
authority,QC_SOP_489,1
assessment,QC_SOP_489,1
post-change,QC_SOP_490,1
acceptance,QC_SOP_490,1
following,QC_SOP_490,1
segregate,QC_SOP_490,1
destroy,QC_SOP_490,1
decide,QC_SOP_490,1
control,QC_SOP_490,1
prevent,QC_SOP_490,1
unintended,QC_SOP_490,1
changes,QC_SOP_490,1
materials,QC_SOP_490,1
disposition,QC_SOP_490,1
inventory,QC_SOP_490,1
scope,QC_SOP_490,1
rework,QC_SOP_490,1
components,QC_SOP_490,1
segregated,QC_SOP_490,1
procedure,QC_SOP_490,1
title,QC_SOP_490,1
return,QC_SOP_490,1
process,QC_SOP_490,1
label,QC_SOP_490,1
change,QC_SOP_490,1
specification,QC_SOP_490,1
record,QC_SOP_490,1
removal,QC_SOP_490,1
adjustments,QC_SOP_490,1
purpose,QC_SOP_490,1
criteria,QC_SOP_490,1
obsolete,QC_SOP_490,1
packaging,QC_SOP_490,1
verify,QC_SOP_490,1
intermediates,QC_SOP_490,1
references,QC_SOP_490,1
identify,QC_SOP_490,1
initiate,QC_SOP_491,1
acceptance,QC_SOP_491,1
product-related,QC_SOP_491,1
within,QC_SOP_491,1
compare,QC_SOP_491,1
control,QC_SOP_491,1
changes,QC_SOP_491,1
significant,QC_SOP_491,1
impact,QC_SOP_491,1
profile,QC_SOP_491,1
degradation,QC_SOP_491,1
attributes,QC_SOP_491,1
scope,QC_SOP_491,1
stability-indicating,QC_SOP_491,1
procedure,QC_SOP_491,1
timepoints,QC_SOP_491,1
stability,QC_SOP_491,1
title,QC_SOP_491,1
change,QC_SOP_491,1
specification,QC_SOP_491,1
conclusions,QC_SOP_491,1
monitor,QC_SOP_491,1
purpose,QC_SOP_491,1
after,QC_SOP_491,1
document,QC_SOP_491,1
results,QC_SOP_491,1
criteria,QC_SOP_491,1
evaluate,QC_SOP_491,1
product,QC_SOP_491,1
accelerated,QC_SOP_491,1
study,QC_SOP_491,1
historical,QC_SOP_491,1
references,QC_SOP_491,1
identify,QC_SOP_491,1
assessment,QC_SOP_491,1
long-term,QC_SOP_491,1
acceptance,QC_SOP_492,1
following,QC_SOP_492,1
within,QC_SOP_492,1
precision,QC_SOP_492,1
control,QC_SOP_492,1
analytical,QC_SOP_492,1
method,QC_SOP_492,1
performance,QC_SOP_492,1
protocol,QC_SOP_492,1
transferred,QC_SOP_492,1
testing,QC_SOP_492,1
reproducibility,QC_SOP_492,1
scope,QC_SOP_492,1
accuracy,QC_SOP_492,1
procedure,QC_SOP_492,1
define,QC_SOP_492,1
comparative,QC_SOP_492,1
title,QC_SOP_492,1
change,QC_SOP_492,1
purpose,QC_SOP_492,1
after,QC_SOP_492,1
between,QC_SOP_492,1
perform,QC_SOP_492,1
transfer,QC_SOP_492,1
document,QC_SOP_492,1
results,QC_SOP_492,1
criteria,QC_SOP_492,1
evaluate,QC_SOP_492,1
sending,QC_SOP_492,1
methods,QC_SOP_492,1
receiving,QC_SOP_492,1
ensure,QC_SOP_492,1
approve,QC_SOP_492,1
references,QC_SOP_492,1
acceptance,QC_SOP_493,1
compare,QC_SOP_493,1
control,QC_SOP_493,1
established,QC_SOP_493,1
annex,QC_SOP_493,1
equipment,QC_SOP_493,1
scope,QC_SOP_493,1
reassessment,QC_SOP_493,1
residues,QC_SOP_493,1
procedure,QC_SOP_493,1
recovery,QC_SOP_493,1
title,QC_SOP_493,1
process,QC_SOP_493,1
change,QC_SOP_493,1
reassess,QC_SOP_493,1
validation,QC_SOP_493,1
cleaning,QC_SOP_493,1
purpose,QC_SOP_493,1
after,QC_SOP_493,1
perform,QC_SOP_493,1
document,QC_SOP_493,1
results,QC_SOP_493,1
worst-case,QC_SOP_493,1
limits,QC_SOP_493,1
criteria,QC_SOP_493,1
product,QC_SOP_493,1
processes,QC_SOP_493,1
verification,QC_SOP_493,1
references,QC_SOP_493,1
analyze,QC_SOP_493,1
identify,QC_SOP_493,1
modifications,QC_SOP_494,1
sealing,QC_SOP_494,1
acceptance,QC_SOP_494,1
within,QC_SOP_494,1
control,QC_SOP_494,1
equipment,QC_SOP_494,1
requalify,QC_SOP_494,1
scope,QC_SOP_494,1
parameters,QC_SOP_494,1
labeling,QC_SOP_494,1
procedure,QC_SOP_494,1
conduct,QC_SOP_494,1
title,QC_SOP_494,1
change,QC_SOP_494,1
record,QC_SOP_494,1
defects,QC_SOP_494,1
qualification,QC_SOP_494,1
purpose,QC_SOP_494,1
after,QC_SOP_494,1
perform,QC_SOP_494,1
results,QC_SOP_494,1
limits,QC_SOP_494,1
criteria,QC_SOP_494,1
product,QC_SOP_494,1
trial,QC_SOP_494,1
packaging,QC_SOP_494,1
verify,QC_SOP_494,1
approve,QC_SOP_494,1
references,QC_SOP_494,1
modification,QC_SOP_494,1
records,QC_SOP_495,1
before,QC_SOP_495,1
acceptance,QC_SOP_495,1
compile,QC_SOP_495,1
control,QC_SOP_495,1
complete,QC_SOP_495,1
scope,QC_SOP_495,1
procedure,QC_SOP_495,1
title,QC_SOP_495,1
archive,QC_SOP_495,1
change,QC_SOP_495,1
reviewed,QC_SOP_495,1
objectives,QC_SOP_495,1
against,QC_SOP_495,1
purpose,QC_SOP_495,1
related,QC_SOP_495,1
criteria,QC_SOP_495,1
approval,QC_SOP_495,1
ensure,QC_SOP_495,1
verify,QC_SOP_495,1
approve,QC_SOP_495,1
references,QC_SOP_495,1
review,QC_SOP_495,1
final,QC_SOP_495,1
completeness,QC_SOP_495,1
closure,QC_SOP_495,1
records,QC_SOP_496,1
improvements,QC_SOP_496,1
periodic,QC_SOP_496,1
acceptance,QC_SOP_496,1
actions,QC_SOP_496,1
effectiveness,QC_SOP_496,1
control,QC_SOP_496,1
audit,QC_SOP_496,1
scope,QC_SOP_496,1
procedure,QC_SOP_496,1
system,QC_SOP_496,1
entire,QC_SOP_496,1
title,QC_SOP_496,1
process,QC_SOP_496,1
change,QC_SOP_496,1
completed,QC_SOP_496,1
schedule,QC_SOP_496,1
annually,QC_SOP_496,1
defined,QC_SOP_496,1
purpose,QC_SOP_496,1
document,QC_SOP_496,1
criteria,QC_SOP_496,1
evaluate,QC_SOP_496,1
recommend,QC_SOP_496,1
corrective,QC_SOP_496,1
references,QC_SOP_496,1
review,QC_SOP_496,1
identify,QC_SOP_496,1
records,QC_SOP_497,1
alignment,QC_SOP_497,1
acceptance,QC_SOP_497,1
effectiveness,QC_SOP_497,1
control,QC_SOP_497,1
confirmed,QC_SOP_497,1
scope,QC_SOP_497,1
procedure,QC_SOP_497,1
systems,QC_SOP_497,1
system,QC_SOP_497,1
title,QC_SOP_497,1
change,QC_SOP_497,1
close,QC_SOP_497,1
integration,QC_SOP_497,1
documented,QC_SOP_497,1
implementation,QC_SOP_497,1
purpose,QC_SOP_497,1
between,QC_SOP_497,1
document,QC_SOP_497,1
related,QC_SOP_497,1
criteria,QC_SOP_497,1
linkage,QC_SOP_497,1
ensure,QC_SOP_497,1
verify,QC_SOP_497,1
references,QC_SOP_497,1
track,QC_SOP_497,1
before,QC_SOP_498,1
acceptance,QC_SOP_498,1
actions,QC_SOP_498,1
obtained,QC_SOP_498,1
control,QC_SOP_498,1
sign-off,QC_SOP_498,1
scope,QC_SOP_498,1
oversight,QC_SOP_498,1
procedure,QC_SOP_498,1
archive,QC_SOP_498,1
title,QC_SOP_498,1
change,QC_SOP_498,1
compliance,QC_SOP_498,1
purpose,QC_SOP_498,1
document,QC_SOP_498,1
criteria,QC_SOP_498,1
controls,QC_SOP_498,1
approval,QC_SOP_498,1
ensure,QC_SOP_498,1
verify,QC_SOP_498,1
approve,QC_SOP_498,1
references,QC_SOP_498,1
review,QC_SOP_498,1
documentation,QC_SOP_498,1
final,QC_SOP_498,1
closure,QC_SOP_498,1
records,QC_SOP_499,1
improvements,QC_SOP_499,1
trending,QC_SOP_499,1
acceptance,QC_SOP_499,1
actions,QC_SOP_499,1
compile,QC_SOP_499,1
control,QC_SOP_499,1
changes,QC_SOP_499,1
quarterly,QC_SOP_499,1
improvement,QC_SOP_499,1
scope,QC_SOP_499,1
recurring,QC_SOP_499,1
procedure,QC_SOP_499,1
findings,QC_SOP_499,1
title,QC_SOP_499,1
change,QC_SOP_499,1
reviewed,QC_SOP_499,1
trends,QC_SOP_499,1
implement,QC_SOP_499,1
issues,QC_SOP_499,1
defined,QC_SOP_499,1
purpose,QC_SOP_499,1
history,QC_SOP_499,1
reporting,QC_SOP_499,1
criteria,QC_SOP_499,1
report,QC_SOP_499,1
references,QC_SOP_499,1
continuous,QC_SOP_499,1
analyze,QC_SOP_499,1
identify,QC_SOP_499,1
improvements,QC_SOP_500,1
acceptance,QC_SOP_500,1
control,QC_SOP_500,1
performance,QC_SOP_500,1
changes,QC_SOP_500,1
capture,QC_SOP_500,1
opportunities,QC_SOP_500,1
improvement,QC_SOP_500,1
scope,QC_SOP_500,1
lifecycle,QC_SOP_500,1
procedure,QC_SOP_500,1
system,QC_SOP_500,1
entire,QC_SOP_500,1
title,QC_SOP_500,1
change,QC_SOP_500,1
documented,QC_SOP_500,1
purpose,QC_SOP_500,1
document,QC_SOP_500,1
outcomes,QC_SOP_500,1
criteria,QC_SOP_500,1
closed,QC_SOP_500,1
ensure,QC_SOP_500,1
verify,QC_SOP_500,1
continuous,QC_SOP_500,1
update,QC_SOP_500,1
procedures,QC_SOP_500,1
review,QC_SOP_500,1
identify,QC_SOP_500,1
references,QC_SOP_500,1
final,QC_SOP_500,1
closure,QC_SOP_500,1
