"sop_id","page_number","text"
"QC_SOP_001","1","Title: Sterility Testing by Membrane Filtration
1. Purpose: To describe the procedure for sterility testing of finished product using membrane filtration.
2. Scope: Applicable to all sterile drug products prior to release.
3. Procedure:
1) Filter not less than 100 mL sample through 0.45 µm membrane.
2) Rinse membrane with sterile fluid A three times.
3) Transfer membrane to Fluid Thioglycollate Medium (FTM) and Soybean Casein Digest Medium (SCDM).
4) Incubate FTM at 30–35°C and SCDM at 20–25°C for 14 days.
5) Observe daily for turbidity.
4. Acceptance Criteria: No visible microbial growth in either medium after 14 days.
5. References: USP <71>, QC_SOP_054"
"QC_SOP_002","1","Title: Bioburden Enumeration Using Plate Count Method
1. Purpose: To quantify microbial load prior to sterilization.
2. Scope: Applies to bulk drug substance and in-process samples.
3. Procedure:
1) Dilute sample in sterile saline.
2) Plate 1 mL aliquots onto TSA plates.
3) Incubate at 30–35°C for 48–72 hours.
4) Count colonies and calculate CFU/mL.
4. Acceptance Criteria: Bioburden ≤ 100 CFU/mL unless otherwise specified.
5. References: USP <61>, QC_SOP_019"
"QC_SOP_003","1","Title: Bacterial Endotoxin Test by Gel-Clot Method
1. Purpose: Detect endotoxin levels using LAL reagent.
2. Scope: Applicable to injectable products.
3. Procedure:
1) Prepare sample dilution to meet MVD.
2) Mix equal volumes of sample and LAL reagent.
3) Incubate at 37±1°C for 60 minutes.
4) Invert tubes to confirm clot formation.
4. Acceptance Criteria: No gel formation at specified endotoxin limit (e.g., 0.25 EU/mL).
5. References: USP <85>, EP 2.6.14"
"QC_SOP_004","1","Title: Media Fill Simulation for Aseptic Process
1. Purpose: To simulate aseptic filling process using growth media.
2. Scope: Applies to aseptic manufacturing lines.
3. Procedure:
1) Replace product with sterile TSB media.
2) Perform full filling operation under routine conditions.
3) Incubate filled units at 20–25°C for 7 days, then 30–35°C for 7 days.
4) Inspect for turbidity.
4. Acceptance Criteria: 0 contaminated units in ≤5000 units filled.
5. References: EU GMP Annex 1, QC_SOP_077"
"QC_SOP_005","1","Title: Microbial Limits Test for Non-Sterile Products
1. Purpose: To determine total aerobic microbial count (TAMC).
2. Scope: Applies to oral and topical dosage forms.
3. Procedure:
1) Prepare 1:10 dilution of sample.
2) Plate onto TSA and SDA media.
3) Incubate TSA at 30–35°C, SDA at 20–25°C.
4) Count colonies after incubation.
4. Acceptance Criteria: TAMC ≤ 10^3 CFU/g; TYMC ≤ 10^2 CFU/g.
5. References: USP <61>, QC_SOP_010"
"QC_SOP_006","1","Title: Sterility Testing by Direct Inoculation
1. Purpose: Detect microbial contamination by direct inoculation.
2. Scope: Used when filtration is not feasible.
3. Procedure:
1) Transfer sample aseptically into media.
2) Incubate under specified conditions.
3) Monitor turbidity daily.
4. Acceptance Criteria: No growth after 14 days.
5. References: USP <71>, EP 2.6.1"
"QC_SOP_007","1","Title: Environmental Monitoring – Settle Plate Method
1. Purpose: Assess airborne microbial contamination.
2. Scope: Cleanroom grade A/B areas.
3. Procedure:
1) Place settle plates for 4 hours exposure.
2) Incubate plates at 30–35°C.
3) Count colonies.
4. Acceptance Criteria: ≤1 CFU/plate in Grade A.
5. References: EU Annex 1, QC_SOP_089"
"QC_SOP_008","1","Title: Sterility Test Growth Promotion Test
1. Purpose: Verify growth promotion capability of media.
2. Scope: All sterility test batches.
3. Procedure:
1) Inoculate media with <100 CFU of challenge organisms.
2) Incubate under routine conditions.
3) Confirm growth within 3 days.
4. Acceptance Criteria: Visible growth observed.
5. References: USP <71>, QC_SOP_001"
"QC_SOP_009","1","Title: Sampling Procedure for Sterility Testing
1. Purpose: Define sampling method to avoid contamination.
2. Scope: Finished sterile products.
3. Procedure:
1) Collect samples aseptically.
2) Use sterile containers.
3) Transport under controlled conditions.
4. Acceptance Criteria: No contamination during sampling.
5. References: QC_SOP_001, ICH Q7"
"QC_SOP_010","1","Title: Validation of Sterility Test Method
1. Purpose: Ensure method suitability.
2. Scope: New product introduction.
3. Procedure:
1) Spike samples with known organisms.
2) Perform sterility test.
3) Confirm recovery.
4. Acceptance Criteria: Recovery ≥70%.
5. References: USP <71>, QC_SOP_008"
"QC_SOP_011","1","Title: Sterility Test Sample Handling and Environmental Exposure Control
1. Purpose: To define handling of sterility samples to prevent adventitious contamination during sampling and transfer operations.
2. Scope: Applicable to finished sterile product sampling and transfer to QC microbiology laboratory.
3. Procedure:
1) Perform sampling in Grade A environment with Grade B background.
2) Disinfect container surfaces using sterile 70% IPA prior to transfer.
3) Minimize exposure time (<60 seconds) during open handling.
4) Record environmental monitoring data (viable and non-viable particles) at time of sampling.
5) Transport samples in sealed sterile containers within 2 hours.
6) Document any environmental excursion (e.g., particle spikes).
4. Acceptance Criteria: No contamination attributable to sampling; EM limits met (Grade A ≤1 CFU/m³).
5. References: EU GMP Annex 1, QC_SOP_007"
"QC_SOP_012","1","Title: Investigation of Contamination in Sterility Testing
1. Purpose: To outline investigation steps when microbial growth is observed in sterility testing.
2. Scope: Applies to all sterility test failures or suspected false positives.
3. Procedure:
1) Confirm growth morphology and subculture isolate.
2) Review environmental monitoring and sampling records.
3) Assess analyst technique and aseptic manipulations.
4) Perform identification of organism (e.g., MALDI-TOF).
5) Compare isolate with environmental flora database.
6) Initiate deviation record for results exceeding specifications.
4. Acceptance Criteria: Root cause identified; no recurrence upon re-test.
5. References: USP <71>, QC_SOP_009"
"QC_SOP_013","1","Title: Sterility Test Media Preparation and Control
1. Purpose: To ensure proper preparation of sterility test media.
2. Scope: Microbiology laboratory operations.
3. Procedure:
1) Prepare media according to manufacturer instructions.
2) Sterilize by autoclaving at 121°C for 15 minutes.
3) Perform growth promotion test using standard organisms.
4) Monitor sterility of media by incubation.
5) Label with batch number and expiry.
4. Acceptance Criteria: Growth observed in GPT; no contamination in sterility control.
5. References: USP <71>, QC_SOP_008"
"QC_SOP_014","1","Title: Membrane Integrity Testing After Filtration
1. Purpose: To verify filter integrity post-sterility test sampling.
2. Scope: Membrane filtration sterility tests.
3. Procedure:
1) Perform bubble point test immediately after filtration.
2) Record pressure at which continuous bubbles appear.
3) Compare with manufacturer specification.
4) Document deviations or excursions.
4. Acceptance Criteria: Bubble point within validated range (e.g., ≥50 psi).
5. References: USP <71>, QC_SOP_001"
"QC_SOP_015","1","Title: Microbial Identification from Sterility Failures
1. Purpose: To identify organisms recovered from sterility tests.
2. Scope: All contamination investigations.
3. Procedure:
1) Isolate colonies on agar plates.
2) Perform Gram staining.
3) Use biochemical or MALDI-TOF identification.
4) Compare to environmental monitoring trends.
4. Acceptance Criteria: Identification at genus/species level achieved.
5. References: USP <1113>, QC_SOP_012"
"QC_SOP_016","1","Title: Sampling Plan for Bioburden Testing
1. Purpose: Define representative sampling for microbial load assessment.
2. Scope: Bulk intermediates and raw materials.
3. Procedure:
1) Collect samples from top, middle, bottom locations.
2) Use sterile sampling tools.
3) Maintain cold chain if required.
4) Document sampling time and conditions.
4. Acceptance Criteria: Sampling representative and contamination-free.
5. References: ICH Q7, QC_SOP_002"
"QC_SOP_017","1","Title: Sterility Test Incubation Monitoring
1. Purpose: To monitor incubation conditions during sterility testing.
2. Scope: All sterility test incubations.
3. Procedure:
1) Record temperature twice daily.
2) Ensure FTM at 30–35°C and SCDM at 20–25°C.
3) Document any temperature excursion.
4) Investigate deviations exceeding ±2°C.
4. Acceptance Criteria: Temperature maintained within range throughout incubation.
5. References: USP <71>, QC_SOP_001"
"QC_SOP_018","1","Title: Handling of Out-of-Trend Sterility Results
1. Purpose: To address unusual patterns in sterility data.
2. Scope: Trending program for sterility testing.
3. Procedure:
1) Review historical sterility data.
2) Identify recurring contamination patterns.
3) Correlate with environmental monitoring.
4) Initiate investigation if trend detected.
4. Acceptance Criteria: No adverse trend indicating process failure.
5. References: EU GMP Annex 1, QC_SOP_012"
"QC_SOP_019","1","Title: Microbial Recovery Efficiency Study
1. Purpose: To assess recovery of microorganisms from product matrix.
2. Scope: Method suitability testing.
3. Procedure:
1) Spike sample with known CFU.
2) Perform bioburden test.
3) Compare recovered vs inoculated CFU.
4. Acceptance Criteria: Recovery ≥70%.
5. References: USP <61>, QC_SOP_002"
"QC_SOP_020","1","Title: Sterility Test Documentation and Data Integrity
1. Purpose: Ensure proper recording of sterility test data.
2. Scope: All microbiology analysts.
3. Procedure:
1) Record observations daily.
2) Use validated electronic system (e.g., LIMS).
3) Audit trail review for changes.
4) Report any data integrity excursion.
4. Acceptance Criteria: Complete, accurate, contemporaneous records.
5. References: 21 CFR Part 11, QC_SOP_012"
"QC_SOP_021","1","Title: Sterility Test Isolate Comparison with Environmental Monitoring Library
1. Purpose: To describe the procedure for comparing microorganisms recovered from sterility testing with isolates obtained from routine environmental monitoring, personnel monitoring, and utility surveillance, in order to support contamination source assessment and scientifically justified laboratory investigations.
2. Scope: Applicable to all confirmed growth observations detected during sterility testing of drug substance, drug product, media fill units, and validation samples tested by membrane filtration or direct inoculation.
3. Procedure:
1) Upon observation of turbidity or colony formation, aseptically subculture the organism to a suitable agar medium and obtain a pure isolate.
2) Record sample identity, batch number, analyst, test date, incubation conditions, and any environmental monitoring results collected during sample handling or sampling activities.
3) Perform preliminary characterization including colony morphology, Gram reaction, and catalase/oxidase as applicable.
4) Identify the isolate using an approved identification system such as MALDI-TOF or biochemical panel.
5) Compare the recovered organism with the environmental monitoring library from the same suite, shift, and sampling period, including settle plate, active air, contact plate, glove print, and compressed gas data where relevant.
6) Evaluate whether an environmental excursion, atypical flora pattern, or aseptic intervention coincided with the test event.
7) Document scientific rationale for probable laboratory contamination, manufacturing contamination, or inconclusive attribution.
4. Acceptance Criteria: Organism identification shall be achieved at least to genus level; comparison records shall be complete; attribution decisions shall be supported by documented data and approved microbiology review.
5. References: USP <71>, EU GMP Annex 1, QC_SOP_012, QC_SOP_007"
"QC_SOP_022","1","Title: Preparation and Qualification of Rinse Fluids for Sterility Testing
1. Purpose: To define preparation, storage, and qualification requirements for rinse fluids used during membrane filtration sterility testing, ensuring that the rinse solution does not inhibit microorganism recovery and is suitable for removal of product residues from the membrane surface.
2. Scope: Applicable to all sterility testing performed by membrane filtration in the microbiology laboratory for aqueous and non-aqueous sterile samples requiring one or more rinse cycles.
3. Procedure:
1) Prepare sterile rinse fluid using validated compendial composition such as Fluid A or other approved diluent according to product-specific method suitability records.
2) Sterilize the prepared fluid by autoclaving or sterile filtration as defined in the approved preparation instruction, and assign batch number, preparation date, and expiry.
3) Inspect the rinse fluid for clarity, container integrity, and labeling prior to use.
4) Perform growth promotion or inhibitory property verification when a new rinse fluid formulation or supplier lot is introduced.
5) During sterility testing, rinse each membrane not fewer than three times unless product-specific validation justifies an alternate number of rinses.
6) Record total rinse volume, sequence of rinses, and any unusual observations such as foaming, residue persistence, or membrane blockage.
7) If rinse fluid storage exceeds validated hold time, discard and prepare a fresh batch before sampling continues.
4. Acceptance Criteria: Rinse fluid shall be clear, sterile, within labeled expiry, and demonstrated not to inhibit recovery of challenge organisms; use of expired or unqualified fluid is not permitted.
5. References: USP <71>, EP 2.6.1, QC_SOP_010, QC_SOP_014"
"QC_SOP_023","1","Title: Handling of Membrane Blockage During Sterility Filtration
1. Purpose: To establish actions to be taken when sample filtration cannot be completed because of membrane blockage, slow flow, or visible accumulation of particulate material during sterility testing by membrane filtration.
2. Scope: Applicable to all sterility tests of drug product, drug substance, and validation samples in which the intended sample volume cannot be fully filtered using the approved filter assembly.
3. Procedure:
1) Stop filtration when flow ceases, when vacuum or pressure limits are exceeded, or when excessive retention of product residue suggests compromised filtration performance.
2) Record filtered volume, sample appearance, product concentration, membrane lot number, and the exact point at which blockage occurred.
3) Assess whether the product-specific method permits split filtration, additional pre-rinse, sample dilution, warming, or use of multiple membranes without affecting method suitability.
4) If an alternate approach is permitted, continue the test under approved instructions and document the rationale.
5) If the blockage results in incomplete sampling that may affect test validity, notify microbiology supervision and initiate an investigation.
6) Review prior testing history, product viscosity, particulate burden, and sampling records to determine whether blockage is a recurrent condition or part of a broader process trend.
7) Include discussion of whether the event represents a laboratory handling issue, product characteristic, or potential excursion requiring cross-functional assessment.
4. Acceptance Criteria: Completion strategy shall be predefined or scientifically justified; data shall support that organism recovery capability remains suitable; unresolved incomplete filtration shall be classified as invalid or inconclusive pending investigation.
5. References: USP <71>, QC_SOP_001, QC_SOP_010, QC_SOP_050"
"QC_SOP_024","1","Title: Growth Promotion Testing for Sterility Media Lots
1. Purpose: To describe qualification of each received or prepared lot of Fluid Thioglycollate Medium and Soybean-Casein Digest Medium before use in sterility testing, ensuring sufficient nutritive properties for recovery of low-level challenge microorganisms.
2. Scope: Applicable to all media lots used in sterility testing, media fill incubation, and method suitability studies performed in the QC microbiology laboratory.
3. Procedure:
1) Assign unique lot identification to each prepared or received medium and verify certificates of analysis where commercially supplied media are used.
2) Inoculate representative units of each medium with not more than 100 CFU of specified challenge organisms, including both aerobic and anaerobic strains as required by compendial expectation.
3) Incubate inoculated FTM at 30–35°C and SCDM at 20–25°C under routine incubation conditions used for the test article.
4) Include uninoculated negative controls to confirm sterility of the medium.
5) Examine each vessel daily and record onset of visible growth, atypical turbidity, precipitation, color change, and contamination in controls.
6) If delayed or absent growth is observed, review medium preparation parameters, autoclave records, storage conditions, and expiry assignment.
7) Quarantine any lot failing growth promotion or negative control criteria and prohibit use for product sampling until investigation is complete.
4. Acceptance Criteria: Challenge organisms shall demonstrate visible growth within not more than 5 days unless organism-specific justification exists; negative controls shall remain free from growth.
5. References: USP <71>, EP 2.6.1, QC_SOP_013, QC_SOP_008"
"QC_SOP_025","1","Title: Bioburden Alert and Action Trend Review Prior to Sterilization
1. Purpose: To define trend review of pre-sterilization bioburden results so that elevated microbial counts, recurring organism types, or adverse shifts in sampling data are identified before routine sterilization outcomes are affected.
2. Scope: Applicable to bulk solution, in-process hold samples, and equipment flush samples collected before sterile filtration or terminal sterilization for products with established bioburden controls.
3. Procedure:
1) Record each bioburden result in the approved trending worksheet together with sample location, manufacturing campaign, hold time, water activity, and sampler identity.
2) Compare current counts against routine specification, historical mean, and alert threshold established from validated process performance.
3) Review microorganism identification data for repeated recovery of objectionable or water-system-associated flora.
4) Correlate elevated counts with environmental monitoring results, cleaning status, tank hold times, and sanitization or sampling interval changes.
5) Where atypical counts are observed, notify production and quality units before final processing steps continue.
6) Open an investigation if counts exceed action level or if a persistent upward trend suggests deterioration even when formal specification is not yet breached.
7) Document whether the event represents a true contamination concern, a sampling artifact, or an isolated excursion requiring enhanced monitoring.
4. Acceptance Criteria: Product-specific bioburden limits shall be met; alert level reviews shall be completed before disposition; action level exceedance requires formal investigation and documented impact assessment.
5. References: USP <61>, ICH Q7, QC_SOP_002, QC_SOP_018"
"QC_SOP_026","1","Title: Endotoxin Sample Dilution and Maximum Valid Dilution Determination
1. Purpose: To describe how sample dilution is selected for bacterial endotoxin testing to ensure valid detection of endotoxin while controlling for product interference and maintaining the sample within the established maximum valid dilution.
2. Scope: Applicable to gel-clot, kinetic chromogenic, and kinetic turbidimetric LAL or recombinant factor C endotoxin methods used for water, intermediates, drug substance, and finished injectable product.
3. Procedure:
1) Determine the endotoxin limit for the article using approved calculation based on route of administration, dose, and compendial requirements.
2) Calculate the maximum valid dilution using the labeled lysate sensitivity or equivalent validated reagent sensitivity.
3) Prepare serial dilutions with endotoxin-free water using depyrogenated glassware or certified low-endotoxin consumables.
4) Evaluate the selected dilution for visible precipitation, pH effect, and matrix interference, and adjust dilution scheme if needed.
5) Perform inhibition/enhancement testing at the proposed dilution by spiking with known endotoxin concentration.
6) Record all dilution factors, mixing times, analyst observations, and sampling source details.
7) Reject any run in which the selected dilution exceeds MVD without approved justification or in which product interference remains unresolved.
4. Acceptance Criteria: Spike recovery shall fall within validated recovery range, typically 50–200%; routine test dilution shall not exceed calculated MVD unless specifically validated.
5. References: USP <85>, EP 2.6.14, QC_SOP_003, QC_SOP_019"
"QC_SOP_027","1","Title: Qualification of Sterility Test Isolator Transfer Technique
1. Purpose: To qualify the transfer and decontamination sequence used when introducing sterility testing materials into an isolator, thereby reducing contamination risk from external surfaces, sampling containers, and laboratory consumables.
2. Scope: Applicable to microbiology personnel performing sterility testing in closed or open isolator systems for product testing, method suitability, and media qualification work.
3. Procedure:
1) Assemble transfer materials, including sample containers, forceps, manifolds, tubing, media, and membranes, and verify that each item is approved for isolator use.
2) Clean external surfaces using validated sporicidal agent followed by sterile 70% IPA, observing required contact times.
3) Transfer materials through the pass-through chamber according to unidirectional sequence and prevent overcrowding of the chamber.
4) Perform glove sanitization before each critical manipulation and after contact with outer packaging remnants.
5) Execute a scripted transfer simulation using sterile surrogate materials to assess adherence to sequence and identify touch-risk points.
6) Record any breach, dropped item, incomplete decontamination, or airflow disturbance.
7) Review associated environmental monitoring and glove fingertip data to determine whether the operator remains qualified for routine sampling activities.
4. Acceptance Criteria: No aseptic breach observed during qualification run; glove and surface monitoring results shall remain within approved limits; deviations require retraining before release to routine work.
5. References: EU GMP Annex 1, USP <71>, QC_SOP_011, QC_SOP_020"
"QC_SOP_028","1","Title: Anaerobic Incubation Verification for Fluid Thioglycollate Medium
1. Purpose: To verify that incubation conditions for Fluid Thioglycollate Medium remain suitable for detection of anaerobic and facultative microorganisms during sterility testing.
2. Scope: Applicable to all incubators, chambers, or validated storage conditions used for FTM incubation in sterility testing, media growth promotion, and related suitability studies.
3. Procedure:
1) Confirm incubator temperature mapping status and calibration before placing test vessels into service.
2) Use representative monitoring locations to assess temperature distribution and identify cold or hot spots that could affect microorganism recovery.
3) Inspect FTM appearance before use and verify the medium has not been oxidized beyond acceptable visual criteria.
4) Place oxygen-sensitive indicators or equivalent verification tools when required by validated local practice.
5) Record daily temperature checks and note any prolonged door opening, power interruption, or equipment malfunction.
6) If an excursion occurs, assess duration, maximum deviation, and potential impact on all affected sterility test runs.
7) Requalify or intensify monitoring if repeated incubation anomalies are observed across multiple sampling periods.
4. Acceptance Criteria: Incubation shall remain at 30–35°C; medium condition shall support anaerobic growth; no unassessed temperature excursion may remain open at the time of result interpretation.
5. References: USP <71>, QC_SOP_017, QC_SOP_024"
"QC_SOP_029","1","Title: Sample Pooling Restrictions in Sterility Testing
1. Purpose: To establish limits and controls for pooling of sterility test samples so that test sensitivity is not reduced and contamination source attribution remains scientifically interpretable when growth occurs.
2. Scope: Applicable to small-volume sterile articles, validation samples, and product presentations for which pooled membrane filtration or pooled inoculation is permitted by approved product-specific instructions.
3. Procedure:
1) Review the approved analytical instruction and confirm whether pooling is allowed for the specific product, container size, and batch disposition purpose.
2) Verify that pooled volume, product concentration, and membrane loading do not compromise filtration efficiency or recovery of low-level microbial contamination.
3) Document exact units pooled, pooling ratio, and rationale for pooling, including any constraints from limited sample quantity.
4) Ensure that samples from different batches, different aseptic interventions, or distinct manufacturing time points are not pooled unless explicitly justified.
5) When a pooled test shows growth, immediately review traceability records to identify all contributing units and associated sampling conditions.
6) Escalate investigation complexity where pooling limits the ability to localize the probable contamination source.
7) Avoid pooling practices that could mask low-level contamination or create ambiguity in failure attribution.
4. Acceptance Criteria: Pooling shall be preapproved, traceable, and shown not to impair method suitability; unauthorized pooling invalidates the test unless quality approval determines otherwise.
5. References: USP <71>, QC_SOP_010, QC_SOP_012, QC_SOP_023"
"QC_SOP_030","1","Title: Use of Negative Controls During Sterility Testing Sessions
1. Purpose: To define preparation, placement, and interpretation of negative controls used during sterility test sessions in order to detect laboratory-introduced contamination and support the validity of test results.
2. Scope: Applicable to every sterility testing session conducted by membrane filtration or direct inoculation, including routine batch release, stability testing, and validation studies.
3. Procedure:
1) Prepare a negative control using sterile diluent, sterile rinse fluid, or uninoculated media as specified in the approved method.
2) Process the negative control through the same critical manipulations, equipment, and general workflow used for product samples whenever feasible.
3) Incubate the control under the same temperature and duration conditions applied to the product test.
4) Record analyst, session identifier, environmental monitoring results, and sequence in which control and product samples were processed.
5) Observe the control daily for turbidity or growth and immediately notify supervision if contamination is detected.
6) If the control becomes positive, review the entire session for evidence of operator error, transfer failure, material contamination, or environmental disturbance.
7) Determine whether affected product results remain interpretable or require invalidation and repeat sampling.
4. Acceptance Criteria: Negative controls shall remain free from visible growth throughout the incubation period; contaminated controls trigger documented validity assessment and investigation.
5. References: USP <71>, QC_SOP_024, QC_SOP_012, QC_SOP_020"
"QC_SOP_031","1","Title: Sterility Test Session Line Clearance and Material Reconciliation
1. Purpose: To ensure that all materials used in sterility testing are correctly identified, reconciled, and cleared before and after a test session, thereby preventing sample mix-up, carryover, and misidentification of growth events.
2. Scope: Applicable to all microbiology laboratory personnel conducting sterility testing, method suitability, media qualification, and investigation-related confirmatory work.
3. Procedure:
1) Before testing begins, verify that the workspace is clear of previous samples, open media, used membranes, and obsolete labels.
2) Check that all current-session materials, including canisters, media vessels, labels, sample maps, and worksheets, match the approved test request.
3) Reconcile the number of sample units received, the number processed, the number retained, and the number discarded due to damage or handling issues.
4) Segregate each batch and sampling group physically to reduce accidental mixing during setup.
5) After the test is completed, remove all used materials, record disposition of membranes and cultures, and confirm that no unlabeled vessels remain in incubators.
6) Review documentation for transcription errors, missing sample identifiers, or incorrect sampling sequence entries.
7) Open an event if reconciliation discrepancies or traceability gaps are detected.
4. Acceptance Criteria: All units shall be fully traceable from receipt through incubation; no unexplained discrepancy in sample count, label identity, or material disposition is permitted.
5. References: 21 CFR Part 211, QC_SOP_020, QC_SOP_030"
"QC_SOP_032","1","Title: Management of Delayed Incubation Start in Sterility Testing
1. Purpose: To define decision criteria and handling requirements when the interval between sample collection and start of sterility test incubation exceeds the routine validated time window.
2. Scope: Applicable to sterile product samples collected in manufacturing, warehouse, or external facilities that are transferred to the QC microbiology laboratory for sterility testing.
3. Procedure:
1) Record exact sample collection time, transfer conditions, receipt time, and incubation start time for every sterility sample.
2) Compare elapsed time against the approved product-specific or laboratory-defined maximum hold time before test initiation.
3) Review whether the sample was maintained under validated transport conditions, including temperature control and container integrity.
4) Assess whether the delay could influence microorganism viability, product preservative exposure, or result interpretation.
5) Where hold time exceeds validated limits, notify quality and microbiology management before continuing with testing.
6) Document whether testing proceeds as informational only, under deviation, or after additional risk assessment.
7) Trend repeated delayed incubation events to identify logistical weaknesses in sampling or laboratory scheduling.
4. Acceptance Criteria: Samples shall be incubated within validated hold time; any exceedance requires documented scientific assessment and quality approval before result use for disposition.
5. References: USP <71>, ICH Q7, QC_SOP_011, QC_SOP_017"
"QC_SOP_033","1","Title: Verification of Depyrogenated and Sterile Accessories for Endotoxin and Sterility Testing
1. Purpose: To describe incoming verification and use controls for accessories such as pipette tips, glassware, tubing, forceps, and sample containers used in endotoxin and sterility testing, minimizing false positive and false negative outcomes caused by unsuitable consumables.
2. Scope: Applicable to microbiology laboratory accessories used in bacterial endotoxin testing, membrane filtration sterility testing, media qualification, and method suitability studies.
3. Procedure:
1) Review supplier documentation for sterilization status, depyrogenation claims, material compatibility, and lot traceability before release for laboratory use.
2) Perform visual inspection for packaging damage, particulate contamination, moisture ingress, or broken seals upon receipt and before use.
3) Where required by validated risk assessment, perform periodic verification of endotoxin burden or sterility status on representative accessory lots.
4) Store accessories in controlled areas segregated by status and protect opened packs from uncontrolled environmental exposure.
5) During testing, use only approved lots documented on the worksheet and avoid intermixing items from unverified lots during the same sampling session.
6) Investigate any unusual result pattern suggesting consumable contribution, including repeated blank positivity or contamination in controls.
7) Quarantine suspect accessory lots until assessment is complete.
4. Acceptance Criteria: Accessories shall be intact, traceable, and verified suitable for intended use; any compromised or unqualified lot is rejected for testing activities.
5. References: USP <71>, USP <85>, QC_SOP_026, QC_SOP_030"
"QC_SOP_034","1","Title: Sterility Test Read and Interpretation of Late-Appearing Turbidity
1. Purpose: To standardize interpretation of late-appearing turbidity observed near the end of the sterility test incubation period, reducing inconsistency in result calls and ensuring that subtle growth findings are not dismissed without scientific review.
2. Scope: Applicable to all sterility tests in which visible haze, sediment, filament, or delayed cloudiness is observed after extended incubation in FTM or SCDM.
3. Procedure:
1) Inspect vessels daily against a consistent light source and background to improve detection of faint turbidity.
2) When possible late growth is suspected, compare with uninoculated medium control and prior daily observations.
3) Gently agitate vessels only as permitted by the approved observation instruction so as not to disrupt interpretation.
4) If growth remains uncertain, subculture an aliquot or conduct confirmatory microscopic examination using approved technique.
5) Record the first day of visible change, medium type, sample origin, and whether environmental or incubation excursions were associated with the event.
6) Avoid closing the test as negative until the observation has been formally assessed and documented.
7) Escalate ambiguous late events for supervisory review to prevent inconsistent reporting between analysts.
4. Acceptance Criteria: Any visible change suggestive of growth shall be investigated and documented; final interpretation shall be based on recorded observation history and supervisory approval where needed.
5. References: USP <71>, QC_SOP_017, QC_SOP_012, QC_SOP_020"
"QC_SOP_035","1","Title: Objectionable Organism Assessment in Non-Sterile Microbial Limits Testing
1. Purpose: To define the evaluation of specified and objectionable microorganisms recovered during microbial limits testing so that routine count compliance is not interpreted without organism relevance to patient safety and product quality.
2. Scope: Applicable to non-sterile drug substances, excipients, and finished products tested for TAMC, TYMC, and specified microorganisms in the QC microbiology laboratory.
3. Procedure:
1) Perform enumeration and specified organism testing according to approved compendial or validated method.
2) When isolate recovery occurs, identify the organism to an appropriate taxonomic level using approved identification methods.
3) Review product route of administration, formulation characteristics, water activity, and preservative system to assess whether the recovered organism may be objectionable even if not explicitly listed in the specification.
4) Compare the isolate with prior environmental monitoring, raw material, and water system findings to determine potential source.
5) Escalate repeated recovery of Gram-negative waterborne organisms, spore-formers, or other concerning flora for cross-functional review.
6) Document scientific justification for organism classification as specified, objectionable, non-objectionable, or requiring further assessment.
7) Open deviation records where patient risk or process control concerns cannot be excluded.
4. Acceptance Criteria: Specified organisms shall be absent where required; objectionability assessment shall be documented and approved whenever atypical flora are recovered.
5. References: USP <61>, USP <62>, QC_SOP_015, QC_SOP_025"
"QC_SOP_036","1","Title: Retention and Archival of Sterility Test Investigation Cultures
1. Purpose: To describe retention, storage, and disposition of cultures associated with sterility test investigations so that additional identification, confirmation, or comparison activities may be performed when needed during extended root cause assessment.
2. Scope: Applicable to all microorganisms recovered from sterility tests, contaminated controls, media qualification failures, and related confirmatory subcultures associated with product-impacting investigations.
3. Procedure:
1) Assign unique investigation culture numbers to all recovered isolates and link them to original sample, batch, analyst, and date of detection.
2) Prepare appropriate working and archival cultures using approved media and storage conditions suitable for the organism type.
3) Label each retained culture with identity status, storage date, investigator, and required review date.
4) Store cultures in segregated conditions that prevent cross-contamination and maintain viability for repeat testing where justified.
5) Record any subsequent use of retained cultures for comparison with environmental monitoring isolates, genotypic assessment, or challenge studies.
6) Dispose of cultures only after investigation closure and completion of any required retention period.
7) Document destruction date and authorization in the culture archive log.
4. Acceptance Criteria: Cultures linked to open investigations shall remain retrievable, properly labeled, and viable as required by the approved retention plan; premature disposal is not permitted.
5. References: QC_SOP_012, QC_SOP_021, 21 CFR Part 211, QC_SOP_020"
"QC_SOP_037","1","Title: Qualification of Sterility Test Analysts by Media Challenge
1. Purpose: To qualify analysts for aseptic sterility testing activities using practical media challenge exercises that simulate routine manipulations and demonstrate sustained contamination control capability.
2. Scope: Applicable to initial qualification, annual requalification, post-deviation retraining, and qualification after prolonged inactivity for all personnel performing sterility testing.
3. Procedure:
1) Review training status on aseptic behavior, sampling controls, gowning, transfer sequence, documentation, and contamination prevention.
2) Execute a hands-on simulation using sterile media in place of product, including transfers, membrane handling, filter assembly, and incubation setup.
3) Process negative controls and challenge units through the full routine workflow, including glove sanitization and material entry steps.
4) Incubate all units under routine conditions and assess for contamination.
5) Review environmental monitoring and glove fingertip results collected during or immediately after the qualification exercise.
6) Observe analyst technique for touch contamination risk, airflow blocking, line clearance compliance, and response to unusual events.
7) Require retraining and repeat qualification if contaminated units, procedural breaches, or incomplete documentation are observed.
4. Acceptance Criteria: All negative units shall remain free from growth; no critical aseptic manipulation error is permitted; qualification records shall be approved before routine sampling is authorized.
5. References: EU GMP Annex 1, QC_SOP_027, QC_SOP_030, QC_SOP_031"
"QC_SOP_038","1","Title: Use of Hold-Time Samples in Sterility Method Suitability Studies
1. Purpose: To define when and how hold-time samples are incorporated into sterility method suitability studies so that recovery performance reflects worst-case product exposure to preservative, process conditions, and transport delays.
2. Scope: Applicable to new product introduction, major process change, and periodic reassessment of sterility test suitability for products with antimicrobial properties or delayed testing logistics.
3. Procedure:
1) Review product formulation and prior data to identify hold conditions that may influence microorganism survival before analysis.
2) Select representative sample time points such as immediate, routine maximum hold, and justified worst-case extended hold.
3) Spike each sample condition with low-level challenge organisms according to approved suitability protocol.
4) Perform sterility testing using the routine membrane filtration or direct inoculation method, including the approved rinse sequence.
5) Compare recovery performance across hold conditions and evaluate whether prolonged exposure reduces detectability.
6) Document sample handling, storage temperature, container closure status, and any excursion during the hold period.
7) Revise product-specific sampling instructions if validated recovery cannot be maintained at the current operational hold time.
4. Acceptance Criteria: Recovery under worst-case validated hold condition shall meet predefined suitability criterion, typically not less than 70% relative recovery or equivalent justified standard.
5. References: USP <71>, QC_SOP_010, QC_SOP_032, QC_SOP_019"
"QC_SOP_039","1","Title: Trending of Contaminated Negative Controls in Microbiology Testing
1. Purpose: To trend and periodically review negative control contamination events across sterility testing, bioburden testing, and microbial limits testing in order to detect weak laboratory practices that may not be visible from isolated investigations alone.
2. Scope: Applicable to all microbiology assays using negative controls, including sterility, endotoxin blank checks where relevant, media qualification, and compendial enumeration activities.
3. Procedure:
1) Log each negative control contamination event with date, test type, analyst, room, incubator, media lot, and organism identity if recovered.
2) Categorize the event by probable source, such as material contamination, transfer error, poor aseptic handling, environmental disturbance, or unknown cause.
3) Review monthly and quarterly frequencies by analyst, room, and method to identify emerging clusters.
4) Compare trends with environmental monitoring excursions, retraining records, equipment interventions, and cleaning changes.
5) Escalate repeated or clustered contamination events even when individual investigations close as isolated incidents.
6) Define targeted corrective actions such as enhanced observation, transfer redesign, consumable replacement, or qualification refresh.
7) Present trends in management review and verify whether CAPA actions reduce recurrence.
4. Acceptance Criteria: Trend review shall be completed at defined interval; repeated control contamination events beyond site alert threshold require formal CAPA and effectiveness follow-up.
5. References: QC_SOP_030, QC_SOP_012, QC_SOP_037, QC_SOP_018"
"QC_SOP_040","1","Title: Use of Rapid Microbial Identification in Sterility Failure Investigation
1. Purpose: To define the controlled use of rapid identification technologies to accelerate organism characterization during sterility failure investigation without compromising data integrity or scientific interpretation.
2. Scope: Applicable to isolates recovered from sterility testing, contaminated controls, and associated environmental monitoring samples requiring timely comparison during batch-impact assessments.
3. Procedure:
1) Confirm that the isolate is sufficiently pure and grown under conditions suitable for the selected rapid identification platform.
2) Verify instrument qualification status, current database version, and operator authorization prior to analysis.
3) Analyze the isolate using the approved rapid method and record confidence score, library match, and any limitations noted by the system.
4) Where confidence is borderline or where a rare organism is indicated, perform supplemental confirmation using conventional or orthogonal method.
5) Compare the result with environmental monitoring and personnel monitoring recovery patterns from the relevant period of sampling and testing.
6) Include the rapid result in the investigation only after data review and traceable documentation in the official record.
7) Avoid overinterpreting organism similarity without consideration of timing, location, and procedural context.
4. Acceptance Criteria: Rapid identification data shall be traceable, reviewable, and suitable for investigation use; uncertain matches require confirmatory testing before final attribution.
5. References: QC_SOP_015, QC_SOP_021, QC_SOP_012, 21 CFR Part 11"
"QC_SOP_041","1","Title: Sterility Test Incubator Load Mapping and Placement Control
1. Purpose: To ensure that vessel placement within sterility test incubators does not create localized temperature imbalance, blocked airflow, or observation difficulty that could affect microorganism recovery or result interpretation.
2. Scope: Applicable to all incubators used for FTM and SCDM incubation in sterility testing, media growth promotion, and related investigation studies.
3. Procedure:
1) Use the approved incubator map showing qualified placement zones and maximum load capacity for each shelf.
2) Place vessels with sufficient spacing to allow air circulation and unobstructed visual inspection for turbidity.
3) Segregate investigations, positive cultures, and routine product tests according to the approved contamination control arrangement.
4) Record incubator ID, shelf location, session number, and medium type for each test set.
5) Avoid placing vessels directly against chamber walls, vents, or known mapped hot and cold points.
6) If an incubator overload or placement deviation occurs, assess the affected tests for potential invalidation or additional monitoring.
7) Reevaluate mapping after maintenance, relocation, or repeated temperature excursion.
4. Acceptance Criteria: Vessel placement shall comply with qualified load map; no unassessed overload or unqualified shelf placement is permitted for reportable sterility results.
5. References: QC_SOP_017, QC_SOP_028, QC_SOP_031, EU GMP Annex 1"
"QC_SOP_042","1","Title: Qualification of Sample Transfer Containers for Sterility Testing
1. Purpose: To qualify transfer containers used between manufacturing and the microbiology laboratory so that sterility sample integrity, labeling, temperature, and chain of custody are maintained throughout transit.
2. Scope: Applicable to reusable and single-use transfer containers for sterile finished product units, bulk aseptic samples, and sterility suitability samples.
3. Procedure:
1) Select container design based on sample format, transfer duration, required temperature range, and contamination control expectations.
2) Challenge the container under simulated worst-case transport conditions including routine route, transfer delay, vibration, and repeated opening scenarios if applicable.
3) Verify that the container protects labels from smearing or detachment and prevents direct environmental exposure to sample closures.
4) Assess cleanability and disinfection compatibility for reusable units.
5) Record internal temperature profile where temperature-controlled transit is required.
6) Confirm that chain-of-custody forms, tamper-evident seals, or equivalent controls remain intact through the transfer study.
7) Approve the container only after review of all qualification data and defined operating instructions for sampling staff.
4. Acceptance Criteria: Transfer container shall maintain sample integrity, labeling, and required transport condition for the qualified duration; failed or unqualified containers shall not be used.
5. References: ICH Q7, QC_SOP_011, QC_SOP_032, QC_SOP_031"
"QC_SOP_043","1","Title: Investigation of Recurrent Low-Level Turbidity in Sterility Media Controls
1. Purpose: To define investigation of repeated faint turbidity observed in media controls where obvious contamination is not immediately confirmed but a recurring pattern may indicate latent medium, equipment, or environmental issues.
2. Scope: Applicable to sterility testing media controls, growth promotion lots, and incubation-related control vessels exhibiting repeated questionable appearance across multiple sessions.
3. Procedure:
1) Collect and review all relevant control observations, photographs where available, incubator placement data, and media preparation records from the affected period.
2) Compare the pattern across media lot, preparer, autoclave cycle, analyst, and incubator to identify common factors.
3) Subculture representative affected controls and perform microscopic examination to distinguish true growth from precipitate or medium artifact.
4) Review water quality, glassware rinse status, detergent residues, and storage time before use.
5) Correlate findings with any environmental monitoring excursions or maintenance interventions.
6) Initiate broader laboratory investigation if recurrence spans more than one lot or more than one analyst.
7) Implement corrective actions only after the most likely contributing mechanism is documented.
4. Acceptance Criteria: Recurrent unexplained control haze is not acceptable without investigation; true contamination, medium artifact, and equipment-related causes shall be differentiated and documented.
5. References: QC_SOP_024, QC_SOP_030, QC_SOP_039, QC_SOP_034"
"QC_SOP_044","1","Title: Controlled Use of Product Neutralizers in Microbiological Recovery Studies
1. Purpose: To describe the selection and justified use of neutralizing agents during microbial recovery studies for products with antimicrobial activity, ensuring that recovery results reflect neutralized product effect rather than method bias.
2. Scope: Applicable to sterility method suitability, microbial limits suitability, and bioburden recovery studies involving preservatives, disinfectant residues, or inherently antimicrobial formulations.
3. Procedure:
1) Review formulation components and prior inhibitory property data to determine whether chemical neutralization is required in addition to dilution and membrane rinsing.
2) Select candidate neutralizers with demonstrated compatibility for both the product and challenge organisms.
3) Prepare recovery studies comparing neutralized and non-neutralized conditions using low inoculum levels.
4) Confirm that the neutralizer itself does not introduce toxicity, excessive foam, turbidity interference, or contamination risk.
5) Record neutralizer lot number, concentration, contact time, and sequence of addition during sample handling.
6) Use the validated neutralization approach only within the studied product concentration and sampling conditions.
7) Revise product-specific instructions if manufacturing or formulation changes alter the inhibitory profile.
4. Acceptance Criteria: Neutralized condition shall demonstrate acceptable recovery while the neutralizer alone remains non-inhibitory and contamination free; all use conditions shall be validated.
5. References: USP <71>, USP <61>, QC_SOP_019, QC_SOP_038"
"QC_SOP_045","1","Title: Microbial Limits Test by Membrane Filtration for Low Bioburden Samples
1. Purpose: To describe membrane filtration-based microbial limits testing for low bioburden aqueous samples where direct plating is insufficiently sensitive or where product matrix interferes with standard pour or spread plate techniques.
2. Scope: Applicable to purified water-related samples, low-count intermediates, and selected non-sterile materials approved for membrane filtration microbial enumeration.
3. Procedure:
1) Assemble sterile membrane filtration apparatus and verify filter integrity and lot traceability before use.
2) Filter an appropriate sample volume based on expected microbial load and validated sample capacity.
3) Rinse the membrane with sterile diluent when required to remove inhibitory residue from the product matrix.
4) Transfer the membrane to suitable agar or selective medium depending on the intended recovery target.
5) Incubate under validated temperature and duration conditions for bacterial and fungal enumeration.
6) Record sampling point, filtered volume, membrane condition, and any unusual observations such as blockage or excessive residue.
7) Calculate results as CFU per specified unit and evaluate against material specification and trend data.
4. Acceptance Criteria: Colony counts shall meet product-specific limits; filter handling and transfer shall remain contamination free; invalid controls require assessment before result use.
5. References: USP <61>, QC_SOP_002, QC_SOP_023, QC_SOP_016"
"QC_SOP_046","1","Title: Sterility Test Session Scheduling to Reduce Cross-Contamination Risk
1. Purpose: To define scheduling rules for sterility testing sessions so that high-risk investigations, media work, routine product samples, and positive culture handling are arranged in a sequence that minimizes carryover and laboratory contamination pressure.
2. Scope: Applicable to routine sterility testing activities in shared microbiology laboratories where multiple sample types and investigation tasks may occur during the same operational period.
3. Procedure:
1) Prioritize routine release samples and negative-control-dependent work before handling positive cultures, investigative isolates, or heavy environmental monitoring review tasks that may increase contamination burden.
2) Separate media preparation, isolate subculture, and product test setup into distinct time blocks or physically segregated areas whenever possible.
3) Consider sampling urgency, validated hold time, and incubator capacity when planning the daily test schedule.
4) Document any deviation from the standard sequence and justify why contamination risk remains controlled.
5) Reclean or re-sanitize work areas between incompatible activity blocks according to approved cleaning instruction.
6) Trend control contamination events against scheduling patterns to determine whether workflow design contributes to false positives.
7) Revise scheduling matrix when recurring laboratory excursions suggest risk from current operational practice.
4. Acceptance Criteria: Scheduling shall support contamination control, validated hold times, and traceable session segregation; repeated contamination linked to scheduling requires corrective action.
5. References: QC_SOP_030, QC_SOP_031, QC_SOP_039, QC_SOP_032"
"QC_SOP_047","1","Title: Oxygen Indicator Use in Anaerobic Sterility Media Monitoring
1. Purpose: To describe the use and interpretation of oxygen indicators for monitoring anaerobic suitability of Fluid Thioglycollate Medium and related incubation conditions used in sterility testing.
2. Scope: Applicable where oxygen indicators are part of the validated local control strategy for monitoring medium condition or anaerobic support during sterility testing and media qualification.
3. Procedure:
1) Verify indicator suitability, expiry, and storage conditions before use.
2) Place or compare the indicator according to the validated instruction without introducing contamination into the sterile test system.
3) Assess the indicator at the time of medium release, at incubation setup, and when there is concern regarding prolonged door opening or temperature excursion.
4) Record color state, date, analyst, associated incubator, and any concurrent observations about medium oxidation.
5) If the indicator suggests loss of suitable anaerobic condition, quarantine affected media or tests until impact assessment is completed.
6) Correlate indicator findings with growth promotion outcomes and incubator event history.
7) Avoid using indicator observations as the sole determinant of test validity without broader contextual review.
4. Acceptance Criteria: Indicator status shall remain within validated acceptable condition for the intended use period; adverse indicator change requires documented assessment before result interpretation.
5. References: QC_SOP_028, QC_SOP_024, USP <71>, QC_SOP_017"
"QC_SOP_048","1","Title: Sterility Testing of Highly Viscous Samples by Modified Handling Sequence
1. Purpose: To define the controlled approach for sterility testing of highly viscous sterile samples whose physical properties challenge standard filtration, sampling, and membrane rinse operations.
2. Scope: Applicable to viscous solutions, concentrated intermediates, and selected formulated products for which product-specific validation has established a modified sample preparation or transfer sequence.
3. Procedure:
1) Confirm that the approved product-specific sterility method allows viscosity reduction steps such as temperature equilibration, validated dilution, or split filtration.
2) Bring the sample to the qualified handling condition using the specified time and temperature limit, taking care not to alter microbiological interpretability.
3) Mix gently to obtain a representative sample while avoiding foam or aerosol generation.
4) Filter or inoculate according to the modified sequence and record actual sample behavior, filtered volume, and any evidence of membrane burden.
5) Increase rinse sequence only as validated to remove residual product from the membrane surface.
6) Review whether the modified handling introduces additional contamination risk or extended exposure time during sampling.
7) Escalate unresolved filtration difficulty or unusual appearance under deviation before reporting results.
4. Acceptance Criteria: Modified handling shall follow validated conditions; recovery capability shall remain suitable; unresolved processing difficulty or unvalidated dilution invalidates routine result use.
5. References: QC_SOP_023, QC_SOP_022, QC_SOP_038, USP <71>"
"QC_SOP_049","1","Title: Review and Approval of Sterility Test Investigation Reports
1. Purpose: To define content, review sequence, and approval requirements for sterility test investigation reports so that conclusions regarding contamination source, result validity, and batch impact are scientifically justified and traceable.
2. Scope: Applicable to all sterility test events involving confirmed growth, control contamination, invalid test conditions, suspected laboratory error, or recurring trend assessment.
3. Procedure:
1) Compile all relevant records, including raw observations, incubation history, sample chain of custody, environmental monitoring data, isolate identification, analyst training status, and equipment condition.
2) Summarize the event chronology from initial sampling through final interpretation, clearly distinguishing fact, analysis, and conclusion.
3) Evaluate potential laboratory, sampling, transport, and manufacturing contributors without assuming a single cause before evidence review is complete.
4) Document whether any result exceeded specification, whether retesting is scientifically justified, and whether batch disposition is affected.
5) Include rationale for any conclusion of laboratory contamination, true product contamination, invalid test, or inconclusive outcome.
6) Route the report for microbiology, quality assurance, and when needed manufacturing review and approval.
7) Archive the approved report with linked deviation, CAPA, and retained culture references.
4. Acceptance Criteria: Investigation report shall be complete, evidence based, and approved by designated functions before final closure; unsupported conclusions and undocumented retest rationale are not acceptable.
5. References: QC_SOP_012, QC_SOP_050, QC_SOP_036, 21 CFR Part 211"
"QC_SOP_050","1","Title: Sterility Test Retesting Policy
1. Purpose: Define conditions for retesting after sterility failure.
2. Scope: All sterility OOS results.
3. Procedure:
1) Evaluate initial test validity.
2) Review sampling and environmental data.
3) Perform retest only if lab error confirmed.
4) Document justification.
4. Acceptance Criteria: Retest scientifically justified and approved.
5. References: USP <71>, QC_SOP_012"
"QC_SOP_051","1","Title: HPLC Method Validation for Assay Determination
1. Purpose: Validate HPLC method for quantifying active ingredient.
2. Scope: Applies to drug substance release testing.
3. Procedure:
1) Prepare standard and sample solutions.
2) Inject into HPLC with UV detection at 254 nm.
3) Assess linearity across 80–120% range.
4) Evaluate precision (n=6).
5) Determine accuracy via recovery study.
4. Acceptance Criteria: R2 ≥ 0.999; %RSD ≤ 2.0%; recovery 98–102%.
5. References: ICH Q2(R2), QC_SOP_072"
"QC_SOP_052","1","Title: UV-Vis Spectrophotometric Method Validation
1. Purpose: Validate UV method for assay.
2. Scope: Raw material testing.
3. Procedure:
1) Scan wavelength range 200–400 nm.
2) Select λmax.
3) Prepare calibration curve.
4) Analyze samples.
4. Acceptance Criteria: Linearity R2 ≥ 0.995; accuracy 95–105%.
5. References: ICH Q2, QC_SOP_051"
"QC_SOP_053","1","Title: GC Method Validation for Residual Solvents
1. Purpose: Validate GC method for solvent analysis.
2. Scope: Finished product.
3. Procedure:
1) Prepare headspace samples.
2) Inject into GC-FID.
3) Evaluate specificity and LOD/LOQ.
4. Acceptance Criteria: LOQ ≤ 50 ppm; %RSD ≤ 5%.
5. References: USP <467>, QC_SOP_090"
"QC_SOP_054","1","Title: Precision Study for Analytical Method
1. Purpose: Evaluate repeatability.
2. Scope: All quantitative methods.
3. Procedure:
1) Analyze six replicates.
2) Calculate %RSD.
4. Acceptance Criteria: %RSD ≤ 2.0%.
5. References: ICH Q2, QC_SOP_051"
"QC_SOP_055","1","Title: Accuracy Assessment via Recovery Study
1. Purpose: Determine method accuracy.
2. Scope: Assay methods.
3. Procedure:
1) Spike known quantities at 80, 100, 120%.
2) Analyze samples.
3) Calculate recovery.
4. Acceptance Criteria: 98–102%.
5. References: ICH Q2, QC_SOP_051"
"QC_SOP_056","1","Title: Robustness Testing for HPLC Method
1. Purpose: Assess effect of small variations.
2. Scope: Validated methods.
3. Procedure:
1) Vary flow rate ±10%.
2) Change column temperature ±5°C.
3) Evaluate system suitability.
4. Acceptance Criteria: No significant impact on retention time or peak area.
5. References: ICH Q2, QC_SOP_051"
"QC_SOP_057","1","Title: Linearity Evaluation Procedure
1. Purpose: Establish linear response.
2. Scope: Quantitative assays.
3. Procedure:
1) Prepare 5 concentration levels.
2) Plot calibration curve.
3) Calculate regression.
4. Acceptance Criteria: R2 ≥ 0.999.
5. References: ICH Q2"
"QC_SOP_058","1","Title: Limit of Detection Determination
1. Purpose: Establish LOD.
2. Scope: Impurity methods.
3. Procedure:
1) Analyze decreasing concentrations.
2) Determine signal-to-noise ratio.
4. Acceptance Criteria: S/N ≥ 3 for LOD.
5. References: ICH Q2"
"QC_SOP_059","1","Title: Limit of Quantitation Determination
1. Purpose: Establish LOQ.
2. Scope: Impurity testing.
3. Procedure:
1) Analyze low concentration samples.
2) Calculate S/N ratio.
4. Acceptance Criteria: S/N ≥ 10.
5. References: ICH Q2"
"QC_SOP_060","1","Title: System Suitability Testing for HPLC
1. Purpose: Verify system performance.
2. Scope: Routine analysis.
3. Procedure:
1) Inject standard solution.
2) Evaluate tailing factor, theoretical plates.
4. Acceptance Criteria: Tailing ≤ 2.0; plates ≥ 2000.
5. References: USP <621>, QC_SOP_051"
"QC_SOP_061","1","Title: Intermediate Precision Evaluation Across Analysts
1. Purpose: Assess variability between analysts and instruments.
2. Scope: Analytical method validation studies.
3. Procedure:
1) Conduct assay on different days, analysts, instruments.
2) Compare results statistically.
3) Evaluate %RSD across conditions.
4. Acceptance Criteria: %RSD ≤ 3.0%.
5. References: ICH Q2, QC_SOP_051"
"QC_SOP_062","1","Title: Specificity Assessment for Impurity Method
1. Purpose: Ensure method distinguishes analyte from impurities.
2. Scope: HPLC impurity methods.
3. Procedure:
1) Inject blank, placebo, impurity standards.
2) Confirm peak separation.
3) Evaluate resolution.
4. Acceptance Criteria: Resolution ≥2.0 between critical peaks.
5. References: USP <621>, QC_SOP_053"
"QC_SOP_063","1","Title: Forced Degradation Study Procedure
1. Purpose: Establish stability-indicating capability.
2. Scope: Method validation.
3. Procedure:
1) Subject sample to acid/base/oxidative stress.
2) Analyze degraded samples.
3) Confirm separation of degradation products.
4. Acceptance Criteria: No co-elution with main peak.
5. References: ICH Q2, QC_SOP_051"
"QC_SOP_064","1","Title: Calibration Curve Preparation and Verification
1. Purpose: Ensure accurate quantitation.
2. Scope: All quantitative assays.
3. Procedure:
1) Prepare at least 5 concentration levels.
2) Perform duplicate injections.
3) Evaluate regression and residuals.
4. Acceptance Criteria: R2 ≥ 0.999; residuals random.
5. References: ICH Q2"
"QC_SOP_065","1","Title: Handling Results Exceeding Specifications in Validation
1. Purpose: Define actions for unexpected validation results.
2. Scope: Validation studies.
3. Procedure:
1) Identify results exceeding specifications.
2) Investigate potential causes (instrument, sampling, analyst).
3) Repeat test if justified.
4) Document deviation.
4. Acceptance Criteria: Root cause identified; acceptance criteria met.
5. References: ICH Q2, QC_SOP_054"
"QC_SOP_066","1","Title: Solution Stability Study for Analytical Samples
1. Purpose: Assess stability of prepared solutions.
2. Scope: HPLC and UV methods.
3. Procedure:
1) Store sample at room temp and refrigerated conditions.
2) Analyze at defined intervals (0, 24, 48 hrs).
3) Compare results.
4. Acceptance Criteria: Change ≤2%.
5. References: ICH Q2"
"QC_SOP_067","1","Title: Filter Compatibility Study in Analytical Method
1. Purpose: Ensure filters do not adsorb analyte.
2. Scope: Sample preparation.
3. Procedure:
1) Compare filtered vs unfiltered samples.
2) Evaluate assay results.
3) Check for loss.
4. Acceptance Criteria: Difference ≤2%.
5. References: QC_SOP_051"
"QC_SOP_068","1","Title: Ruggedness Assessment Under Environmental Variation
1. Purpose: Assess impact of environmental factors.
2. Scope: Method validation.
3. Procedure:
1) Vary temperature and humidity.
2) Perform analysis.
3) Evaluate variability.
4. Acceptance Criteria: No significant change.
5. References: ICH Q2"
"QC_SOP_069","1","Title: Peak Integration Consistency Verification
1. Purpose: Ensure reproducible integration.
2. Scope: Chromatographic methods.
3. Procedure:
1) Apply integration parameters.
2) Reprocess data.
3) Compare results.
4. Acceptance Criteria: Variation ≤1%.
5. References: USP <621>"
"QC_SOP_070","1","Title: Carryover Assessment in HPLC Analysis
1. Purpose: Evaluate carryover between injections.
2. Scope: Routine analysis.
3. Procedure:
1) Inject blank after high concentration standard.
2) Measure residual peak.
4. Acceptance Criteria: Carryover ≤0.1%.
5. References: QC_SOP_051"
"QC_SOP_071","1","Title: Validation of GC-FID Method for Residual Solvent Quantitation
1. Purpose: To define validation of a gas chromatography flame ionization detection method used for quantitation of residual solvents in drug substance and finished product, ensuring the method is suitable for specificity, precision, linearity, sensitivity, and routine control of volatile organic impurities.
2. Scope: Applicable to headspace GC-FID methods developed or transferred for Class 2 and Class 3 solvent determination in raw materials, intermediates, and release or stability samples within QC analytical laboratories.
3. Procedure:
1) Prepare solvent standards covering the validated concentration range around the specification and ICH reporting threshold.
2) Evaluate specificity by injecting blank diluent, placebo matrix where applicable, mixed solvent standard, and representative sample to verify absence of interfering peaks at retention times of interest.
3) Assess linearity using not fewer than five concentration levels and calculate regression statistics and residual pattern.
4) Determine repeatability by six replicate preparations or injections at target concentration and intermediate precision across analysts or instruments where required.
5) Establish LOQ and confirm acceptable precision and recovery at the reporting level.
6) Evaluate carryover, sample solution stability, and headspace vial preparation robustness.
7) Document chromatographic conditions, sampling sequence, integration rules, and any results exceeding predefined system suitability criteria.
4. Acceptance Criteria: Correlation coefficient shall be not less than 0.995; repeatability %RSD shall be ≤5.0% at target level; carryover shall be ≤20% of LOQ response unless more stringent internal criterion applies.
5. References: ICH Q2(R2), USP <467>, QC_SOP_053, QC_SOP_070"
"QC_SOP_072","1","Title: Validation of HPLC-UV Assay for Drug Substance Potency
1. Purpose: To describe validation of an HPLC-UV assay method intended for quantitative determination of drug substance potency, including verification that the selected chromatographic system produces accurate and reproducible potency results suitable for release and stability use.
2. Scope: Applicable to reversed-phase or normal-phase HPLC potency methods for drug substance, reference standard qualification support, and analytical transfers requiring full or partial validation.
3. Procedure:
1) Prepare system suitability solution, standard stock, working standards, and sample solutions using qualified balances, volumetric ware, and filtration steps specified in the draft method.
2) Confirm specificity by demonstrating baseline separation of analyte peak from diluent, placebo, process impurity, and degradation peaks where relevant.
3) Assess linearity across 80–120% of nominal assay concentration and evaluate slope, intercept, and residual distribution.
4) Perform method precision using six independent sample preparations and determine intermediate precision with a second analyst, second day, or second instrument.
5) Conduct recovery study at not fewer than three concentration levels using spiked matrix where appropriate.
6) Investigate effect of sample filtration, autosampler hold time, and reinjection where routine workflow may involve delayed sampling.
7) Summarize deviations, integration adjustments, and any results exceeding validation targets before report finalization.
4. Acceptance Criteria: Linearity r or R2 shall be ≥0.999; recovery shall be 98.0–102.0%; method precision %RSD shall be ≤2.0%; system suitability tailing factor shall be ≤2.0 and theoretical plates shall meet method requirement.
5. References: ICH Q2(R2), USP <621>, QC_SOP_051, QC_SOP_067"
"QC_SOP_073","1","Title: Specificity Assessment for Stability-Indicating HPLC Methods
1. Purpose: To define specificity assessment for stability-indicating HPLC methods by demonstrating that the analyte peak can be accurately measured in the presence of degradation products, process impurities, excipients, and sample matrix components likely to arise during product lifecycle.
2. Scope: Applicable to assay and impurity methods intended for stability studies, forced degradation assessment, shelf-life support, and change control activities affecting formulation or manufacturing process.
3. Procedure:
1) Analyze blank, placebo, individual impurity solutions, spiked sample, and unstressed control to establish baseline chromatographic behavior.
2) Subject representative sample to acid, base, oxidative, thermal, humidity, and photolytic stress as justified by product chemistry and development knowledge.
3) Demonstrate peak purity using diode array, mass balance trend, or orthogonal evidence where co-elution risk exists.
4) Verify resolution between critical peak pairs and document any shift in retention order or integration challenge under stressed conditions.
5) Evaluate whether degradation pathways create broad or late-eluting peaks that may interfere with routine sampling sequence.
6) Record all stress conditions, observed mass loss, and any results exceeding expected degradation windows.
7) Conclude whether the method is truly stability indicating or requires modification before use in shelf-life decisions.
4. Acceptance Criteria: Resolution between analyte and nearest critical peak shall be ≥2.0 unless otherwise justified; peak purity shall indicate no unresolved co-elution; degradation shall be sufficient to challenge specificity without complete analyte destruction.
5. References: ICH Q2(R2), QC_SOP_063, QC_SOP_083, QC_SOP_100"
"QC_SOP_074","1","Title: Validation of UV-Visible Method for Preservative Content
1. Purpose: To describe validation of a UV-visible spectrophotometric method for determination of preservative content in aqueous finished product, ensuring the method is suitable for routine release, in-process checks, and stability trending where chromatographic testing is not required.
2. Scope: Applicable to UV or visible absorbance methods used for assay of single-component preservatives or low-complexity analytes in finished product, raw material, or cleaning verification extracts.
3. Procedure:
1) Scan standard and sample solutions over the defined wavelength range to verify absorbance maximum and potential matrix interference.
2) Select analytical wavelength and reference correction settings based on method development data.
3) Prepare calibration or response verification levels across the intended working range and assess linearity.
4) Perform precision using replicate preparations, including separate weighing or dilution where method variability may arise from sampling and dilution steps rather than instrument readout alone.
5) Conduct recovery study in placebo or product matrix at low, nominal, and high levels.
6) Evaluate robustness for wavelength shift, cell path length, analyst handling time, and solution stability.
7) Review blank absorbance drift, baseline noise, and any results exceeding allowable absorbance variability.
4. Acceptance Criteria: Linearity shall be ≥0.995; recovery shall be 95.0–105.0% unless tighter product-specific criterion applies; repeatability %RSD shall be ≤2.0% for absorbance-derived assay results.
5. References: ICH Q2(R2), QC_SOP_052, QC_SOP_066, USP General Notices"
"QC_SOP_075","1","Title: Validation of Karl Fischer Titration for Water Content Determination
1. Purpose: To establish validation requirements for volumetric or coulometric Karl Fischer titration methods used to determine water content in raw materials, intermediates, packaging-associated samples, and finished product where moisture level affects stability, processing, or specification compliance.
2. Scope: Applicable to KF methods introduced, transferred, or revised within QC analytical laboratories, including direct injection, oven transfer, and solvent extraction approaches.
3. Procedure:
1) Confirm instrument readiness, reagent factor status, and suitability of chosen titration mode for the expected water range.
2) Evaluate specificity by assessing contribution from diluent, vessel blank, reagent background drift, and matrix side reactions.
3) Assess precision using replicate sample preparations or repeated transfers representative of routine sampling variability.
4) Demonstrate accuracy through recovery study using certified water standard or matrix spiking where feasible.
5) Determine linearity or response proportionality if the method is used over a defined range rather than a single target level.
6) Assess robustness for sample transfer delay, vessel sealing time, oven temperature where used, and analyst handling.
7) Investigate abnormal drift, delayed endpoint, or results exceeding acceptance criteria before approving the validation package.
4. Acceptance Criteria: Recovery shall generally be 97.0–103.0% unless justified otherwise; repeatability %RSD shall be ≤3.0% for routine moisture range; blank drift shall remain within method-defined control limit.
5. References: ICH Q2(R2), QC_SOP_087, USP <921>, QC_SOP_100"
"QC_SOP_076","1","Title: Accuracy Study Design for Matrix-Spiked Analytical Validation
1. Purpose: To describe design and execution of matrix-spiked recovery studies used to establish accuracy during analytical method validation, especially when neat standard recovery does not adequately reflect routine sample preparation or excipient interference.
2. Scope: Applicable to assay, impurity, and content uniformity-related methods using HPLC, GC, UV-visible, or titrimetric techniques where matrix effect is relevant to final result accuracy.
3. Procedure:
1) Define the representative matrix, spike level scheme, and number of replicates based on the method purpose and expected routine concentration range.
2) Prepare spiked samples independently at low, nominal, and high levels, typically covering 80%, 100%, and 120% of target for assay or relevant LOQ-related levels for impurities.
3) Process the samples through the full routine preparation sequence including extraction, sonication, filtration, dilution, and injection or measurement.
4) Calculate percent recovery against known added amount using corrected standard response and document weighing traceability.
5) Examine whether poor recovery is associated with sampling heterogeneity, filtration adsorption, extraction inefficiency, or unstable solution hold time.
6) Repeat only when a documented assignable cause exists rather than to replace unfavorable data.
7) Summarize results by level and overall mean, including any result exceeding internal investigation trigger.
4. Acceptance Criteria: Mean recovery shall meet method-specific target, commonly 98.0–102.0% for assay and broader justified ranges for impurity or trace methods; recovery consistency across levels shall be demonstrated.
5. References: ICH Q2(R2), QC_SOP_055, QC_SOP_067, QC_SOP_066"
"QC_SOP_077","1","Title: Intermediate Precision Study Across Laboratory Conditions
1. Purpose: To define evaluation of intermediate precision, sometimes referred to as ruggedness within laboratory context, by measuring the effect of normal variations such as analyst, instrument, day, column lot, or titration vessel on analytical result reproducibility.
2. Scope: Applicable to validated or transferred analytical procedures used for assay, impurity, solvent, moisture, and related quantitative testing in QC laboratories.
3. Procedure:
1) Identify which routine sources of variability are relevant to the method and likely to influence result generation.
2) Prepare or analyze representative samples under intentionally varied but realistic laboratory conditions such as second analyst, second instrument, second day, alternate reagent lot, or alternate chromatographic column lot.
3) Keep study design balanced so that data remain interpretable and not confounded by uncontrolled changes.
4) Calculate combined precision statistics and compare subgroup results to detect condition-specific bias.
5) Review whether differences arise from sample preparation, injection sequence, environmental conditions, or instrument performance rather than true method weakness.
6) Document any outlier assessment using predefined scientific criteria and avoid arbitrary deletion of inconvenient data.
7) Conclude whether the method remains acceptable for multi-analyst routine use or requires tightened procedural controls.
4. Acceptance Criteria: Combined intermediate precision %RSD shall meet method-specific target, typically ≤3.0% for assay and wider justified limit for trace methods; no uncontrolled factor-driven bias is acceptable.
5. References: ICH Q2(R2), QC_SOP_061, QC_SOP_068, QC_SOP_069"
"QC_SOP_078","1","Title: Limit of Detection and Quantitation by Signal-to-Noise Approach
1. Purpose: To describe determination of method detection capability using signal-to-noise assessment for chromatographic methods in which low-level impurity or solvent peaks must be reliably observed and, where applicable, quantitatively reported.
2. Scope: Applicable to HPLC, GC, and related detector-based methods for trace impurities, residual solvents, degradation products, and cleaning verification analytes.
3. Procedure:
1) Prepare progressively lower concentration solutions of the analyte or impurity standard in an appropriate diluent or matrix.
2) Inject each level under the finalized chromatographic condition and measure signal-to-noise using the validated data system approach.
3) Identify the lowest level producing an observable response near the predefined LOD criterion and the lowest level meeting LOQ precision and accuracy requirements.
4) Confirm LOQ performance with replicate preparations or injections rather than relying solely on theoretical noise calculation.
5) Document any matrix-dependent suppression, baseline disturbance, or carryover that may falsely improve or worsen apparent sensitivity.
6) Compare practical sensitivity with specification needs and reporting thresholds.
7) Revise method parameters when sensitivity is inadequate for intended quality decision-making.
4. Acceptance Criteria: LOD is typically demonstrated near S/N of about 3:1; LOQ is typically demonstrated near S/N of about 10:1 with acceptable precision and accuracy at that level.
5. References: ICH Q2(R2), QC_SOP_058, QC_SOP_059, QC_SOP_070"
"QC_SOP_079","1","Title: Robustness Assessment for Small Chromatographic Changes
1. Purpose: To define robustness testing for chromatographic analytical methods by intentionally varying small method parameters and determining whether system suitability, peak shape, and quantitative performance remain acceptable for routine laboratory operation.
2. Scope: Applicable to HPLC and GC methods used for assay, impurities, residual solvents, and stability-indicating analysis where minor operational variation may occur during routine use.
3. Procedure:
1) Select critical parameters for variation based on development knowledge, such as flow rate, oven or column temperature, mobile phase composition, pH, detector wavelength, and injection volume.
2) Perform the study using representative sample and standard solutions prepared under routine conditions.
3) Change one variable at a time or use an approved multivariate design if previously justified.
4) Monitor retention time, resolution, tailing, plate count, assay or impurity result, and any new integration challenges.
5) Record whether the altered condition creates delayed peaks, fronting, split peaks, or sensitivity loss that could affect results exceeding specifications decisions.
6) Identify parameters requiring tighter procedural control or system suitability thresholds.
7) Document robustness conclusions in the validation report with any proposed method clarifications.
4. Acceptance Criteria: No tested minor variation shall cause failure of critical system suitability or produce unjustified quantitative bias beyond validated acceptance range.
5. References: ICH Q2(R2), QC_SOP_056, QC_SOP_069, QC_SOP_100"
"QC_SOP_080","1","Title: Validation of Sample Filtration Step for HPLC and UV Methods
1. Purpose: To establish that routine sample filtration used before injection or absorbance measurement does not lead to analyte loss, impurity bias, particulate carryover, or inconsistent results during analytical method validation.
2. Scope: Applicable to HPLC-UV, UHPLC, and UV-visible methods requiring syringe filter or inline filtration during sample preparation for drug substance, drug product, and in-process control testing.
3. Procedure:
1) Select candidate filter materials representative of routine laboratory use, such as PVDF, nylon, PTFE, or regenerated cellulose, based on solvent compatibility.
2) Prepare unfiltered, centrifuged, and filtered sample solutions from the same homogeneous preparation to support comparison.
3) Discard the initial filtrate portion where required and collect subsequent filtrate for analysis.
4) Compare assay or impurity results, peak profile, and visible particulate reduction across preparation conditions.
5) Assess whether adsorption or extractables become more evident at low concentration levels or during extended autosampler hold.
6) Record filter lot, pore size, pre-wetting condition, and number of units used during sampling.
7) Approve only filter conditions that do not introduce meaningful bias and are practical for routine use.
4. Acceptance Criteria: Difference between approved filtered and unfiltered reference condition shall generally be within ±2.0% for assay or within justified impurity bias limit; filter contribution shall be consistent and reproducible.
5. References: QC_SOP_067, QC_SOP_072, ICH Q2(R2), QC_SOP_066"
"QC_SOP_081","1","Title: Validation of Dilution Integrity for High-Concentration Samples
1. Purpose: To define dilution integrity studies demonstrating that samples requiring dilution from above-range concentration to within validated working range produce accurate and precise results without matrix distortion or carryover-related bias.
2. Scope: Applicable to assay, impurity, and residual solvent methods in which routine manufacturing samples, cleaning verification extracts, or stability concentrates may exceed calibration range and require analytical dilution.
3. Procedure:
1) Prepare representative high-concentration sample or spiked matrix above the top of the calibration range.
2) Dilute the sample using the proposed routine diluent and dilution sequence to one or more validated working concentrations.
3) Analyze diluted preparations in replicate and compare results with expected concentration corrected for dilution factor.
4) Examine whether serial dilution introduces cumulative volumetric error, incomplete mixing, analyte precipitation, or loss to container surface.
5) Assess whether dilution alters matrix effects, detector response, or impurity relative retention.
6) Document pipette or volumetric device qualification and any results exceeding predefined recovery criterion.
7) Include dilution integrity instruction explicitly in the final analytical method if validated.
4. Acceptance Criteria: Diluted samples shall meet predefined recovery and precision targets, commonly 98.0–102.0% for assay or justified impurity criteria, with no evidence of matrix-related distortion after dilution.
5. References: ICH Q2(R2), QC_SOP_076, QC_SOP_072, QC_SOP_100"
"QC_SOP_082","1","Title: Stability of Standard and Sample Solutions During Validation
1. Purpose: To establish allowable hold time for standard and sample solutions prepared during analytical testing so that result accuracy is maintained when sequences are prolonged, interrupted, or repeated during routine QC operations.
2. Scope: Applicable to chromatographic, spectrophotometric, and titrimetric methods used for release, stability, and investigation testing where prepared solution hold time may influence result validity.
3. Procedure:
1) Prepare standard and sample solutions using routine procedure and analyze them promptly to generate baseline results at time zero.
2) Store replicate portions under defined conditions such as room temperature, autosampler, refrigerated storage, or amber protection as appropriate to the analyte.
3) Reanalyze at predefined intervals, for example 6, 12, 24, and 48 hours, or longer where justified by routine laboratory sequence duration.
4) Compare assay, impurity, or response factor data with time-zero results and inspect chromatograms or absorbance profiles for new peaks or signal drift.
5) Investigate whether changes arise from analyte degradation, solvent evaporation, precipitation, adsorption, or instrument-related variability.
6) Define acceptable reinjection window and whether fresh standard preparation is required after interruption.
7) Record any result exceeding solution stability criterion and incorporate restriction into the finalized method.
4. Acceptance Criteria: Change from initial result shall remain within predefined limit, commonly ±2.0% for assay or justified impurity-specific bias; no new significant degradation peak may appear without method-specific evaluation.
5. References: QC_SOP_066, QC_SOP_072, QC_SOP_073, ICH Q2(R2)"
"QC_SOP_083","1","Title: Forced Degradation Study Design for Validation Support
1. Purpose: To describe a controlled forced degradation strategy used to support development and validation of stability-indicating methods by generating representative degradants without destroying all analyte or creating unrealistic secondary artifacts.
2. Scope: Applicable to assay and impurity methods intended for stability studies, shelf-life determination, formulation comparison, or significant change control where degradation separation capability must be demonstrated.
3. Procedure:
1) Select stress conditions appropriate to the molecule and dosage form, typically including acid, base, oxidation, heat, humidity, and light where scientifically relevant.
2) Apply stress in a staged manner to target meaningful degradation, often around 5–20%, while preserving enough parent analyte for comparative interpretation.
3) Neutralize or stabilize stressed samples where required prior to analysis.
4) Analyze stressed and unstressed samples using the candidate analytical method and evaluate chromatographic separation, peak purity, mass balance trend, and degradation profile.
5) Record sample appearance, pH adjustment, sampling time points, and any difficulties such as precipitation or insoluble degradation material.
6) Avoid claiming stability-indicating performance solely from one stress mode or insufficiently challenged conditions.
7) Use the data to justify final method parameters, impurity reporting strategy, and validation specificity conclusion.
4. Acceptance Criteria: Stress study shall generate interpretable degradation sufficient to challenge the method; analyte peak shall remain measurable and separated from relevant degradants; documentation shall support specificity conclusion.
5. References: QC_SOP_063, QC_SOP_073, ICH Q1A(R2), ICH Q2(R2)"
"QC_SOP_084","1","Title: Validation of Relative Response Factor Approach for Impurity Quantitation
1. Purpose: To define validation requirements when impurity quantitation relies on relative response factor rather than direct calibration of every impurity in every routine sequence, ensuring that the applied factor remains scientifically valid and traceable.
2. Scope: Applicable to chromatographic impurity methods for drug substance and drug product where one or more impurities are quantified against a main standard or surrogate response using established response factors.
3. Procedure:
1) Prepare impurity and analyte standards at relevant concentration levels to determine detector response relationship under finalized method conditions.
2) Calculate relative response factor and assess consistency across concentration range, preparation day, and detector response window.
3) Confirm that impurity peak is adequately resolved and not subject to integration bias that would distort factor determination.
4) Evaluate whether matrix effects or degradation background alter response relationship in actual sample context.
5) Document how the factor will be applied in routine calculations and how revisions will be controlled after method or instrument change.
6) Investigate any large variability, nonlinearity, or instability of the impurity standard.
7) Include factor verification or periodic check in the lifecycle control plan when needed.
4. Acceptance Criteria: Relative response factor shall be reproducible and scientifically justified across intended range; factor variability shall remain within predefined method limit and support routine impurity result accuracy.
5. References: ICH Q2(R2), USP <621>, QC_SOP_073, QC_SOP_100"
"QC_SOP_085","1","Title: Validation of Manual Integration Control and Review Rules
1. Purpose: To define validation-linked controls for manual integration, reintegration, and chromatogram review so that analyst discretion does not introduce uncontrolled variability or bias during assay and impurity testing.
2. Scope: Applicable to chromatographic methods in which baseline correction, shoulder handling, valley split, or low-level impurity integration may require predefined manual review criteria.
3. Procedure:
1) Establish written integration rules during method validation, including criteria for baseline placement, treatment of noise spikes, fronting shoulders, and merged peaks.
2) Apply the rules to representative chromatograms generated during precision, specificity, and robustness studies.
3) Compare automated and manual integration outcomes to determine whether manual intervention changes result beyond acceptable threshold.
4) Record every reintegration action with reason, reviewer identity, and original versus final value.
5) Evaluate whether certain method conditions create recurring need for manual intervention and should instead be controlled by method improvement.
6) Ensure that results exceeding specifications are not managed by ad hoc integration changes lacking scientific basis.
7) Finalize reviewer expectations and periodic audit trail review requirements in the validation package.
4. Acceptance Criteria: Integration rules shall be predefined, reproducible, and reviewable; manual integration shall not create unjustified bias and shall be fully traceable in the data system.
5. References: QC_SOP_069, QC_SOP_079, 21 CFR Part 11, QC_SOP_100"
"QC_SOP_086","1","Title: Range Establishment for Quantitative Assay Methods
1. Purpose: To describe determination and justification of the validated range for quantitative assay methods so that the method is shown to be accurate, precise, and linear over the concentration interval likely to be encountered in routine QC use.
2. Scope: Applicable to assay methods for raw materials, drug substance, finished products, and certain in-process control samples using chromatographic, spectrophotometric, or titrimetric techniques.
3. Procedure:
1) Identify routine target concentration and potential low or high situations expected from manufacturing variability, stability change, or dilution requirements.
2) Design validation studies to include representative levels spanning the proposed working range, commonly around 80–120% of target for assay unless broader use is intended.
3) Generate linearity, accuracy, and precision data at the selected levels using independent preparations where practical.
4) Review whether edge-of-range levels show increased variability, poor recovery, or non-proportional response.
5) Assess whether autosampler hold, dilution integrity, or filtration effects become more significant near range limits.
6) Set the final range based on demonstrated performance rather than only on convenience of calibration.
7) Document any restrictions on use outside the validated range, including required dilution or alternate procedure.
4. Acceptance Criteria: Validated range shall be supported by acceptable linearity, accuracy, and precision across the proposed interval; unsupported levels shall not be included in routine method claim.
5. References: ICH Q2(R2), QC_SOP_057, QC_SOP_076, QC_SOP_081"
"QC_SOP_087","1","Title: Validation of Coulometric Karl Fischer Method for Low Moisture Materials
1. Purpose: To define validation of a coulometric Karl Fischer method intended for low-level moisture determination in highly dried materials, lyophilized preparations, and moisture-sensitive intermediates where small absolute water content changes are analytically important.
2. Scope: Applicable to low moisture samples analyzed by direct injection, sealed vessel transfer, or oven attachment using coulometric KF instrumentation within QC laboratories.
3. Procedure:
1) Verify instrument background drift, generator electrode performance, and reagent condition before beginning the validation study.
2) Evaluate sample introduction technique for reproducibility, especially for hygroscopic or static-prone materials that may challenge representative sampling.
3) Assess precision using replicate independent transfers at moisture levels relevant to specification.
4) Demonstrate accuracy through certified water addition or suitable recovery design while controlling for atmospheric moisture intrusion.
5) Confirm specificity by reviewing whether matrix side reactions, incomplete release of bound water, or residual solvent interfere with endpoint detection.
6) Evaluate robustness for vessel open time, transfer speed, and oven temperature if indirect introduction is used.
7) Define operator handling requirements in the final procedure where low moisture sensitivity makes technique critical.
4. Acceptance Criteria: Precision and recovery shall meet predefined low-moisture validation criteria; reagent drift shall remain within controlled limit; uncontrolled atmospheric exposure invalidates affected results.
5. References: QC_SOP_075, USP <921>, ICH Q2(R2), QC_SOP_100"
"QC_SOP_088","1","Title: Validation of Headspace Equilibration Time in GC Methods
1. Purpose: To establish that selected headspace vial equilibration time and temperature provide consistent partitioning of volatile analytes without analyte loss, decomposition, or sample-to-sample variability that would affect quantitation of residual solvents.
2. Scope: Applicable to headspace GC methods used for residual solvent analysis in drug substance, finished product, packaging interaction studies, and process investigation samples.
3. Procedure:
1) Prepare representative standards and samples in approved headspace vials with validated fill volume and crimp conditions.
2) Evaluate multiple equilibration times around the proposed routine setting while holding other instrumental conditions constant.
3) Compare analyte response, peak area precision, and chromatographic profile across equilibration conditions.
4) Assess whether prolonged equilibration causes degradation, pressure-related leakage, or altered response for high-volatility components.
5) Include study of different vial lots or septa where supplier variability may influence routine performance.
6) Document sampling order, instrument tray conditions, and any carryover or ghost peak issues associated with the test sequence.
7) Finalize equilibration parameter only after demonstrating consistent analytical performance and practical throughput suitability.
4. Acceptance Criteria: Selected equilibration setting shall provide reproducible response with acceptable precision and no evidence of analyte loss or degradation across routine sampling conditions.
5. References: QC_SOP_071, USP <467>, ICH Q2(R2), QC_SOP_079"
"QC_SOP_089","1","Title: Validation of Placebo Interference Assessment for Finished Product Assays
1. Purpose: To describe placebo interference evaluation during validation of finished product assay methods, ensuring that excipients, coating materials, preservatives, colorants, or container-related leachables do not bias quantitation of the active component.
2. Scope: Applicable to assay methods for formulated dosage forms analyzed by HPLC, UV-visible, GC after derivatization where relevant, or other quantitative analytical techniques used in QC.
3. Procedure:
1) Prepare representative placebo matrix using the full excipient composition and, where necessary, manufacturing-process-equivalent treatment.
2) Analyze placebo alone, placebo spiked with analyte, analyte standard, and full sample preparation in parallel.
3) Examine chromatographic or spectral overlap, baseline distortion, and extraction recovery differences between neat and matrix conditions.
4) Review whether placebo components create late-eluting peaks, wavelength absorbance, or derivatization artifacts that complicate integration.
5) Assess whether interference becomes more pronounced after stress, hold time, or dilution.
6) Modify sample preparation, wavelength, or separation condition where interference is not adequately controlled.
7) Record all observations so that future change control can evaluate impact of excipient changes.
4. Acceptance Criteria: Placebo shall show no significant interference at analyte measurement region; spiked matrix recovery and specificity shall meet predefined validation criteria.
5. References: QC_SOP_072, QC_SOP_073, ICH Q2(R2), QC_SOP_076"
"QC_SOP_090","1","Title: Validation of Residual Solvent Method Transfer Between Instruments
1. Purpose: To define verification activities required when a validated residual solvent GC method is introduced to an additional instrument or laboratory setup, ensuring equivalent performance after transfer rather than assuming interchangeability from prior validation alone.
2. Scope: Applicable to headspace GC-FID residual solvent methods transferred between qualified instruments within the same site or to another internal QC laboratory under controlled analytical transfer.
3. Procedure:
1) Review original method validation package, chromatographic condition set, critical system suitability targets, and headspace configuration details.
2) Verify installation, calibration, and maintenance status of the receiving instrument and compare key configuration attributes with the sending system.
3) Analyze shared standards and representative samples on both systems using harmonized preparation and sequence design.
4) Compare retention behavior, peak resolution, precision, sensitivity, and carryover under equivalent sampling conditions.
5) Investigate any systematic bias related to sampler temperature, split ratio, liner condition, or detector response.
6) Define additional control measures if the transferred method proves more sensitive to instrument-specific settings than originally expected.
7) Approve routine use only after differences are scientifically understood and documented.
4. Acceptance Criteria: Transfer data shall demonstrate equivalent analytical performance within predefined comparability criteria for key analytes, precision, and sensitivity; unexplained bias is not acceptable for release testing use.
5. References: QC_SOP_053, QC_SOP_071, QC_SOP_088, ICH Q2(R2)"
"QC_SOP_091","1","Title: Validation of Detector Wavelength Selection for HPLC-UV Methods
1. Purpose: To justify and document detector wavelength selection during HPLC-UV method validation so that analyte sensitivity, specificity, impurity visibility, and routine robustness are balanced for the intended quality control use.
2. Scope: Applicable to HPLC-UV methods for assay and impurities where one or more candidate wavelengths may provide acceptable response but different selectivity or noise characteristics.
3. Procedure:
1) Obtain UV spectra for analyte, relevant impurities, degradation products, and placebo components using photodiode array or equivalent spectral acquisition.
2) Compare candidate wavelengths for response intensity, baseline stability, and potential interference from matrix or solvent absorbance.
3) Evaluate whether the selected wavelength supports both assay and impurity sensitivity needs or whether separate methods are required.
4) Perform replicate analysis at the proposed wavelength and at justified alternatives to assess quantitative consequence of selection.
5) Examine robustness to small wavelength variation and whether detector lamp condition significantly affects low-level response.
6) Document rationale if a non-maximum absorbance wavelength is chosen to improve specificity or reduce placebo contribution.
7) Include wavelength-related system suitability or detector verification controls in the final method.
4. Acceptance Criteria: Selected wavelength shall provide adequate sensitivity and specificity for intended use with acceptable precision and robustness; rationale for choice shall be explicitly documented in validation records.
5. References: QC_SOP_072, QC_SOP_074, QC_SOP_079, ICH Q2(R2)"
"QC_SOP_092","1","Title: Validation of Autosampler Reinjection Reproducibility
1. Purpose: To establish whether standard and sample solutions may be reinjected after sequence interruption or instrument stop without preparing fresh solutions, thereby supporting practical laboratory operation while preserving analytical integrity.
2. Scope: Applicable to chromatographic methods used for routine QC where autosampler reinjection may occur because of sequence interruption, instrument pause, review request, or repeated integration confirmation.
3. Procedure:
1) Prepare standard and sample solutions according to routine method and analyze to obtain initial baseline response and result.
2) Leave selected vials in the autosampler under routine storage condition for the proposed reinjection interval.
3) Reinject the same vials at predefined time points or after a controlled simulated interruption.
4) Compare system suitability, peak area or area ratio, retention time, and final calculated result between initial and reinjected runs.
5) Assess whether reinjection effect differs for low concentration levels, impurity peaks, or thermally labile analytes.
6) Distinguish reinjection reproducibility from full solution stability; if both are needed, evaluate them separately.
7) Include restrictions in the approved method when reinjection is limited by analyte instability or autosampler exposure.
4. Acceptance Criteria: Reinjection shall not produce unacceptable bias relative to initial result, commonly within ±2.0% for assay or justified impurity tolerance; system suitability shall remain met at reinjection time point.
5. References: QC_SOP_082, QC_SOP_072, QC_SOP_069, ICH Q2(R2)"
"QC_SOP_093","1","Title: Validation of pH Metered Titrimetric Assay Procedure
1. Purpose: To describe validation of a titrimetric assay that uses pH or potentiometric endpoint detection for quantitation of active or excipient content where chromatographic separation is unnecessary and stoichiometric reaction supports direct analysis.
2. Scope: Applicable to acid-base or redox titrimetric methods used in QC for raw materials, bulk intermediates, and selected finished products requiring validated quantitative control.
3. Procedure:
1) Verify electrode suitability, titrant standardization status, and endpoint detection settings before starting validation work.
2) Establish specificity by confirming that sample matrix, solvent, and co-components do not create false or shifted endpoints.
3) Evaluate precision through replicate preparations including weighing, dissolution, and titration steps representative of routine sampling variability.
4) Demonstrate accuracy with certified reference material or spiking study where feasible.
5) Assess linearity or response proportionality across intended working range where the method claim extends beyond a single nominal concentration.
6) Study robustness for stirring speed, titrant addition rate, electrode conditioning, and sample stand time before titration.
7) Investigate any unstable endpoint, drift, or result exceeding acceptance criterion before report closure.
4. Acceptance Criteria: Method shall meet predefined accuracy and precision targets; endpoint shall be reproducible and clearly detected; titrant standardization shall remain within approved factor range.
5. References: ICH Q2(R2), USP <541>, QC_SOP_100, QC_SOP_077"
"QC_SOP_094","1","Title: Validation of Column Lot Equivalency for Critical HPLC Methods
1. Purpose: To establish whether different lots of the same qualified HPLC column type provide equivalent performance for a validated method, reducing risk that future column replacement alters resolution, assay bias, or impurity reporting.
2. Scope: Applicable to critical HPLC methods used for release or stability where selectivity depends strongly on stationary phase characteristics and where routine column replacement is expected during lifecycle use.
3. Procedure:
1) Obtain representative column lots of the approved type and verify storage and handling condition before use.
2) Condition each column according to standardized procedure and confirm system suitability using the routine reference solution.
3) Analyze the same standard and sample set on each lot under identical method conditions.
4) Compare retention time, resolution of critical pair, plate count, tailing, and quantitative result across lots.
5) Evaluate whether one lot creates recurring integration difficulties, low-level impurity masking, or altered sensitivity near specification limit.
6) Define whether lot-specific acceptance testing is needed in routine use.
7) Document scientific justification if one column family is accepted while others are rejected despite nominally similar vendor claims.
4. Acceptance Criteria: Approved column lots shall meet critical system suitability and produce equivalent quantitative performance within method-defined comparability limits; non-equivalent lots shall not be released for routine use.
5. References: QC_SOP_072, QC_SOP_079, USP <621>, QC_SOP_100"
"QC_SOP_095","1","Title: Validation of Weighing and Volumetric Preparation Contribution to Method Variability
1. Purpose: To assess how weighing error, volumetric transfer, and dilution preparation steps contribute to total analytical variability during method validation, especially for methods where instrument precision is high but sample preparation may dominate overall result uncertainty.
2. Scope: Applicable to assay, impurity, moisture, and titrimetric methods involving multiple preparation steps, small sample quantities, or serial dilution processes.
3. Procedure:
1) Map the full sample and standard preparation workflow from sampling through final measurement and identify high-risk steps for variability.
2) Perform replicate preparations using different analysts or devices to separate instrumental repeatability from preparation variability.
3) Compare results obtained from a common stock solution with those from independently prepared solutions.
4) Evaluate effect of balance readability, volumetric class, pipette performance, and dilution sequence on final result.
5) Document whether apparent method imprecision is actually driven by non-optimized preparation instruction.
6) Where needed, revise procedural detail such as mixing time, minimum sample mass, or required volumetric equipment.
7) Include the final control strategy in the approved validation report.
4. Acceptance Criteria: Preparation-related variability shall be characterized and controlled sufficiently for the method to meet overall precision target; uncontrolled critical preparation steps are not acceptable in final procedure.
5. References: QC_SOP_054, QC_SOP_076, QC_SOP_081, ICH Q2(R2)"
"QC_SOP_096","1","Title: Validation of Recovery from Swab Extracts by HPLC-UV
1. Purpose: To define validation of HPLC-UV measurement of analyte recovered from cleaning verification swab extracts, ensuring that the analytical method performs adequately within the extract matrix and supports meaningful interpretation of cleaning data.
2. Scope: Applicable to HPLC-based analytical methods used to quantify drug residue, preservative, or cleaning agent component in swab extract solutions obtained during cleaning validation or special investigation testing.
3. Procedure:
1) Prepare blank swab extracts, spiked swab extracts, direct solution standards, and where relevant surface-recovered samples using the approved solvent.
2) Assess specificity of the extract matrix and swab material, including any leachable peaks or baseline effects.
3) Evaluate accuracy by comparing recovered quantity from spiked extract with expected amount and direct standard reference.
4) Determine precision across independent extractions and preparations, not merely replicate injections.
5) Assess filtration, extract hold time, and adsorption to collection container if routine testing may involve delayed analysis after sampling.
6) Examine sensitivity relative to cleaning acceptance limit to confirm that reporting at the required level is possible.
7) Record any result exceeding recovery or precision target and address whether the issue arises from analytical method or swab recovery process.
4. Acceptance Criteria: Analytical recovery and precision shall support the required cleaning acceptance limit; extract matrix shall not cause unacceptable interference or analyte loss during routine handling.
5. References: ICH Q2(R2), QC_SOP_080, QC_SOP_078, QC_SOP_082"
"QC_SOP_097","1","Title: Validation of Sequence Design for Mixed-Level Chromatographic Runs
1. Purpose: To establish a sequence design that prevents bias when samples of widely differing concentration are analyzed in the same chromatographic run, particularly where high-level standards or stressed samples may influence subsequent low-level measurements through carryover or baseline instability.
2. Scope: Applicable to assay and impurity HPLC or GC methods used during validation, transfer, and routine QC when mixed-level injections are likely within a single sequence.
3. Procedure:
1) Construct representative sequences containing blank, low-level, nominal-level, and high-level standards or samples in the order expected during routine use.
2) Evaluate the effect of preceding injection level on the response of subsequent blanks and low-concentration samples.
3) Assess whether needle wash, injector program, split ratio, or equilibration time sufficiently controls memory effects.
4) Compare alternative sequence designs, including insertion of blanks, bracketed standards, or dedicated wash injections.
5) Record any delayed eluting peaks, ghost peaks, or carryover that could affect out-of-specification or trace impurity decisions.
6) Define sequence restrictions and mandatory controls in the final method where risk remains significant.
7) Include sequence-related caution statements in analyst training and system suitability setup.
4. Acceptance Criteria: Sequence design shall control carryover and response instability sufficiently for intended quantitation; blank injections after high-concentration samples shall meet established carryover criteria.
5. References: QC_SOP_070, QC_SOP_071, QC_SOP_078, QC_SOP_090"
"QC_SOP_098","1","Title: Validation of Analytical Method Under Controlled Humidity Stress
1. Purpose: To assess whether ambient humidity or sample moisture uptake during routine laboratory handling significantly affects analytical result generation, particularly for hygroscopic samples and moisture-sensitive methods where sampling delay can alter composition.
2. Scope: Applicable to Karl Fischer, titrimetric, UV, and chromatographic methods used for hygroscopic raw materials, dried intermediates, powders, and moisture-sensitive formulations.
3. Procedure:
1) Identify methods and sample types most vulnerable to atmospheric moisture exposure based on development knowledge and prior atypical results.
2) Conduct comparative analysis under controlled low- and high-humidity laboratory conditions or simulated exposure intervals consistent with routine practice.
3) Measure effect on sample weight stability, solution preparation, detector response, and final calculated result.
4) Include evaluation of container open time, transfer technique, and analyst handling differences where these affect real-world sampling.
5) Distinguish moisture-driven change from instrument noise by using appropriately controlled reference material.
6) Define protective steps such as glove box handling, rapid transfer, capped vessel use, or minimum sample mass where needed.
7) Document whether humidity sensitivity changes the validated operating instruction.
4. Acceptance Criteria: Method shall remain acceptable under defined routine humidity exposure or else include mandatory control steps preventing unacceptable bias; unsupported open handling is not permitted.
5. References: QC_SOP_075, QC_SOP_087, QC_SOP_095, ICH Q2(R2)"
"QC_SOP_099","1","Title: Compilation and Quality Review of Analytical Validation Summary Package
1. Purpose: To define how analytical validation data are compiled, reviewed, and approved so that the final summary package clearly demonstrates method suitability for intended QC use and preserves traceability from raw data to conclusion.
2. Scope: Applicable to full validation, partial validation, method transfer verification with validation elements, and major revalidation triggered by change control or significant method revision.
3. Procedure:
1) Collect all source documents including approved protocol, raw data, chromatograms, spectra, calculation sheets, deviation records, audit trail review, and supporting solution preparation logs.
2) Organize results by validation parameter such as specificity, linearity, range, accuracy, precision, robustness, sensitivity, and solution stability, ensuring each conclusion is traceable to reviewed evidence.
3) Summarize any results exceeding predefined criteria and explain investigation outcome, impact, and whether repeat work was scientifically justified.
4) Verify consistency between protocol acceptance criteria, reported calculations, and final conclusion statement.
5) Ensure that method limitations, required controls, validated ranges, reinjection restrictions, and approved filter or dilution conditions are explicitly captured for routine implementation.
6) Route the package for technical reviewer and quality approval, and link the approved report to the controlled analytical procedure.
7) Archive the final package so that future change control, OOS assessment, or audit review can retrieve the complete validation history.
4. Acceptance Criteria: Validation summary package shall be complete, internally consistent, evidence based, and approved by designated functions before routine release use is authorized.
5. References: QC_SOP_100, QC_SOP_065, ICH Q2(R2), 21 CFR Part 11"
"QC_SOP_100","1","Title: Validation Report Compilation and Approval
1. Purpose: Document validation outcomes.
2. Scope: All validated methods.
3. Procedure:
1) Compile data from all validation parameters.
2) Summarize results and deviations.
3) Obtain QA approval.
4. Acceptance Criteria: All parameters meet predefined criteria.
5. References: ICH Q2, QC_SOP_065"
"QC_SOP_101","1","Title: Stability Study – Study Design and Protocol Development
1. Purpose: To define procedures for designing stability studies in compliance with ICH Q1A.
2. Scope: Applies to all drug substances and drug products.
3. Procedure:
1) Define storage conditions (e.g., 25 °C/60 % RH, 40 °C/75 % RH).
2) Determine testing intervals and sample size.
3) Prepare stability protocol including test parameters.
4) Obtain QA approval prior to study initiation.
4. Acceptance Criteria: Protocol includes all required parameters; conditions aligned with ICH guidelines.
5. References: ICH Q1A"
"QC_SOP_102","1","Title: Stability Study – Sample Storage and Monitoring
1. Purpose: To ensure controlled storage of stability samples.
2. Scope: All stability chambers.
3. Procedure:
1) Place samples in qualified chambers.
2) Monitor temperature and humidity continuously.
3) Record excursions and investigate.
4) Maintain chamber logs.
4. Acceptance Criteria: Temperature ±2 °C; humidity ±5 % RH; no uninvestigated excursions.
5. References: ICH Q1A"
"QC_SOP_103","1","Title: Stability Study – Sampling at Defined Time Points
1. Purpose: To define procedures for withdrawing samples at scheduled intervals.
2. Scope: All stability studies.
3. Procedure:
1) Retrieve samples at predefined time points.
2) Verify sample identity and integrity.
3) Record sampling details.
4) Transfer to QC for analysis.
4. Acceptance Criteria: Sampling within ±2 days of schedule; no sample damage.
5. References: QC_SOP_101"
"QC_SOP_104","1","Title: Stability Study – Analytical Testing of Stability Samples
1. Purpose: To ensure accurate testing of stability samples.
2. Scope: All stability-indicating tests.
3. Procedure:
1) Perform tests per validated methods.
2) Record results and compare with specifications.
3) Identify any trends or deviations.
4) Document findings.
4. Acceptance Criteria: Results within specification; deviations investigated.
5. References: ICH Q2(R2)"
"QC_SOP_105","1","Title: Stability Study – Handling of Stability Failures
1. Purpose: To define actions for stability results exceeding specifications.
2. Scope: All stability studies.
3. Procedure:
1) Confirm result through repeat analysis.
2) Investigate root cause.
3) Assess impact on product quality.
4) Implement CAPA.
4. Acceptance Criteria: Investigation completed within 30 days; impact assessed.
5. References: QC_SOP_010"
"QC_SOP_106","1","Title: Stability Study – Trend Analysis and Reporting
1. Purpose: To evaluate trends in stability data.
2. Scope: All stability studies.
3. Procedure:
1) Compile data across time points.
2) Perform statistical trend analysis.
3) Identify significant changes.
4) Report findings.
4. Acceptance Criteria: No significant negative trend; slope within acceptable limits.
5. References: ICH Q1E"
"QC_SOP_107","1","Title: Stability Study – Stability Chamber Qualification
1. Purpose: To ensure chambers maintain required conditions.
2. Scope: All stability chambers.
3. Procedure:
1) Perform temperature mapping.
2) Calibrate sensors.
3) Document results.
4. Acceptance Criteria: Uniformity within ±2 °C and ±5 % RH.
5. References: ICH Q1A"
"QC_SOP_108","1","Title: Stability Study – Labeling of Stability Samples
1. Purpose: To ensure traceability of samples.
2. Scope: All stability samples.
3. Procedure:
1) Label with batch number, condition, and time point.
2) Verify labeling accuracy.
3) Record in tracking system.
4. Acceptance Criteria: No labeling errors; traceability maintained.
5. References: QC_SOP_032"
"QC_SOP_109","1","Title: Stability Study – Documentation and Record Keeping
1. Purpose: To ensure complete documentation of stability studies.
2. Scope: All stability programs.
3. Procedure:
1) Record all data in approved formats.
2) Review for completeness.
3) Archive records.
4. Acceptance Criteria: No missing data; records retained ≥5 years.
5. References: 21 CFR Part 211"
"QC_SOP_110","1","Title: Stability Study – Final Stability Report Preparation
1. Purpose: To standardize preparation of stability reports.
2. Scope: All completed stability studies.
3. Procedure:
1) Compile all analytical and environmental data.
2) Summarize trends and conclusions.
3) Review and approve report.
4. Acceptance Criteria: Report completed within 30 days; QA approval obtained.
5. References: QC_SOP_109"
"QC_SOP_111","1","Title: Stability Study – Ongoing Stability Program Management
1. Purpose: To define management of ongoing stability studies for commercial products in compliance with ICH Q1A and 21 CFR Part 211.
2. Scope: Applies to all marketed drug products under stability monitoring.
3. Procedure:
1) Establish annual stability commitment batches based on production volume and regulatory requirements.
2) Place representative batches into stability chambers under long-term and accelerated conditions.
3) Schedule testing at defined intervals (e.g., 0, 3, 6, 9, 12 months and annually thereafter).
4) Review analytical results and compare with initial release specifications.
5) Initiate investigation for any results exceeding specifications or atypical trends.
4. Acceptance Criteria: All scheduled pulls completed within ±2 days; no uninvestigated excursions; annual report issued within 60 days.
5. References: ICH Q1A, QC_SOP_106"
"QC_SOP_112","1","Title: Stability Study – Accelerated Stability Testing Procedure
1. Purpose: To assess product stability under accelerated conditions to predict shelf life.
2. Scope: Applies to new drug products during development and post-approval changes.
3. Procedure:
1) Store samples at 40 °C ± 2 °C / 75 % RH ± 5 % RH.
2) Withdraw samples at 0, 3, and 6 months.
3) Perform full specification testing including assay, impurities, and physical attributes.
4) Compare results with initial values and identify degradation trends.
5) Document results in stability report.
4. Acceptance Criteria: No significant change defined as assay loss >5.0 % or impurity increase beyond specification limits.
5. References: ICH Q1A, QC_SOP_104"
"QC_SOP_113","1","Title: Stability Study – Photostability Testing
1. Purpose: To evaluate the effect of light exposure on drug product stability.
2. Scope: Applicable to all products requiring photostability assessment per ICH Q1B.
3. Procedure:
1) Expose samples to light providing overall illumination of ≥1.2 million lux hours and ≥200 Wh/m² UV energy.
2) Include protected control samples.
3) Analyze samples for assay, degradation products, and appearance.
4) Compare exposed vs control samples.
5) Document results and conclusions.
4. Acceptance Criteria: No significant change compared to control; degradation within specification limits.
5. References: ICH Q1B"
"QC_SOP_114","1","Title: Stability Study – Freeze-Thaw Stability Evaluation
1. Purpose: To assess impact of freeze-thaw cycles on product quality.
2. Scope: Applies to biologics and temperature-sensitive products.
3. Procedure:
1) Subject samples to three freeze (-20 °C) and thaw (25 °C) cycles.
2) Allow complete thawing before refreezing.
3) Analyze samples after final cycle.
4) Compare results with control samples stored at recommended conditions.
5) Document any changes in assay or physical properties.
4. Acceptance Criteria: Assay change ≤ ±5.0 %; no visible precipitation or aggregation.
5. References: ICH Q5C, QC_SOP_104"
"QC_SOP_115","1","Title: Stability Study – In-Use Stability Testing
1. Purpose: To evaluate stability of product after opening or reconstitution.
2. Scope: Applies to multi-dose and reconstituted products.
3. Procedure:
1) Open or reconstitute product according to instructions.
2) Store under recommended in-use conditions.
3) Sample at defined intervals (e.g., 0, 6, 12, 24 hours).
4) Perform analytical testing.
5) Compare results with initial values.
4. Acceptance Criteria: Assay within 95.0–105.0 %; microbial limits within specification.
5. References: ICH Q1A"
"QC_SOP_116","1","Title: Stability Study – Stability Data Trending and Shelf-Life Assignment
1. Purpose: To define statistical evaluation of stability data for shelf-life determination.
2. Scope: All stability studies supporting expiry dating.
3. Procedure:
1) Compile data from all stability time points.
2) Perform regression analysis to determine degradation rate.
3) Evaluate confidence intervals and extrapolate shelf life.
4) Document statistical justification.
5) Submit for QA and regulatory approval.
4. Acceptance Criteria: Shelf life supported by data with ≥95 % confidence; no extrapolation beyond guideline limits.
5. References: ICH Q1E"
"QC_SOP_117","1","Title: Stability Study – Handling of Stability Chamber Excursions
1. Purpose: To define actions for temperature or humidity excursions in stability chambers.
2. Scope: All stability storage units.
3. Procedure:
1) Detect excursion via monitoring system.
2) Record duration and magnitude of excursion.
3) Assess impact on stored samples.
4) Initiate deviation investigation.
5) Implement corrective actions.
4. Acceptance Criteria: Excursion assessed within 24 hours; impact documented; CAPA implemented.
5. References: QC_SOP_010, ICH Q1A"
"QC_SOP_118","1","Title: Stability Study – Stability Sample Inventory Control
1. Purpose: To ensure accurate tracking of stability samples.
2. Scope: All samples in stability program.
3. Procedure:
1) Assign unique identification number to each sample.
2) Record location within chamber.
3) Update inventory upon sampling or removal.
4) Perform periodic inventory reconciliation.
5) Investigate discrepancies.
4. Acceptance Criteria: Inventory accuracy ≥ 99.0 %; discrepancies resolved within 5 days.
5. References: QC_SOP_032"
"QC_SOP_119","1","Title: Stability Study – Stability Protocol Amendment
1. Purpose: To manage changes to approved stability protocols.
2. Scope: All ongoing stability studies.
3. Procedure:
1) Initiate protocol amendment request.
2) Assess impact of proposed changes.
3) Obtain QA approval.
4) Implement changes and document rationale.
5) Update study records.
4. Acceptance Criteria: Amendments approved prior to implementation; justification documented.
5. References: ICH Q10"
"QC_SOP_120","1","Title: Stability Study – Stability Report Review and Approval
1. Purpose: To ensure accuracy and completeness of stability reports prior to approval.
2. Scope: All stability reports generated by QC.
3. Procedure:
1) Perform independent review of analytical data and calculations.
2) Verify compliance with protocol and specifications.
3) Confirm inclusion of all required sections (results, trends, conclusions).
4) Obtain QA approval.
5) Archive approved report.
4. Acceptance Criteria: No critical errors; report approved within 30 days of completion.
5. References: QC_SOP_110"
"QC_SOP_121","1","Title: Stability Study – Retest Period Evaluation for Drug Substances
1. Purpose: To establish retest period for drug substances based on stability data.
2. Scope: Applies to all active pharmaceutical ingredients (APIs).
3. Procedure:
1) Analyze stability data under long-term conditions.
2) Evaluate assay and impurity trends.
3) Determine retest period using statistical analysis.
4) Document justification.
5) Submit for QA approval.
4. Acceptance Criteria: Retest period supported by data with no significant degradation.
5. References: ICH Q1A"
"QC_SOP_122","1","Title: Stability Study – Bracketing and Matrixing Design
1. Purpose: To optimize stability study design using bracketing and matrixing approaches.
2. Scope: Applicable to products with multiple strengths or packaging.
3. Procedure:
1) Identify representative samples for bracketing.
2) Design matrixing schedule for testing subsets.
3) Justify design scientifically.
4) Execute study per approved protocol.
5) Analyze results.
4. Acceptance Criteria: Design justified and approved; no loss of data integrity.
5. References: ICH Q1D"
"QC_SOP_123","1","Title: Stability Study – Transport Stability Assessment
1. Purpose: To evaluate product stability during transportation conditions.
2. Scope: All products requiring shipment validation.
3. Procedure:
1) Simulate transport conditions including temperature fluctuations.
2) Monitor conditions using data loggers.
3) Analyze samples before and after transport simulation.
4) Compare results.
5) Document findings.
4. Acceptance Criteria: No significant change in quality attributes; temperature within defined limits.
5. References: ICH Q1A"
"QC_SOP_124","1","Title: Stability Study – Stability-Indicating Method Verification
1. Purpose: To confirm analytical methods remain stability-indicating.
2. Scope: All stability testing methods.
3. Procedure:
1) Analyze stressed samples.
2) Confirm separation of degradation products.
3) Evaluate peak purity.
4) Document results.
4. Acceptance Criteria: Peak purity ≥ 0.99; resolution ≥ 2.0.
5. References: ICH Q2(R2)"
"QC_SOP_125","1","Title: Stability Study – Annual Product Review (APR) Integration
1. Purpose: To integrate stability data into APR process.
2. Scope: All commercial products.
3. Procedure:
1) Compile stability data for review period.
2) Analyze trends and deviations.
3) Include findings in APR report.
4) Review by QA.
4. Acceptance Criteria: APR completed annually; stability trends assessed.
5. References: 21 CFR Part 211"
"QC_SOP_126","1","Title: Stability Study – Stability Commitment Tracking
1. Purpose: To ensure fulfillment of regulatory stability commitments.
2. Scope: Post-approval stability commitments.
3. Procedure:
1) Maintain list of commitment batches.
2) Track placement and testing schedule.
3) Monitor completion status.
4) Report progress to QA.
4. Acceptance Criteria: 100 % commitments met; no missed time points.
5. References: ICH Q1A"
"QC_SOP_127","1","Title: Stability Study – Stability Data Integrity Verification
1. Purpose: To ensure integrity of stability data.
2. Scope: All stability records.
3. Procedure:
1) Review audit trails.
2) Verify data entries.
3) Investigate discrepancies.
4) Approve data.
4. Acceptance Criteria: No unexplained changes; full traceability.
5. References: 21 CFR Part 11"
"QC_SOP_128","1","Title: Stability Study – Microbial Stability Testing
1. Purpose: To assess microbial quality during stability studies.
2. Scope: Non-sterile products.
3. Procedure:
1) Perform microbial limit testing.
2) Compare results with specifications.
3) Investigate out-of-spec results.
4) Document findings.
4. Acceptance Criteria: Results within microbial limits; no pathogen detected.
5. References: USP <61>"
"QC_SOP_129","1","Title: Stability Study – Packaging Impact Assessment
1. Purpose: To evaluate effect of packaging on stability.
2. Scope: All packaging configurations.
3. Procedure:
1) Store samples in different packaging.
2) Perform stability testing.
3) Compare results.
4) Document differences.
4. Acceptance Criteria: No adverse impact from packaging.
5. References: ICH Q1A"
"QC_SOP_130","1","Title: Stability Study – Stability Data Review Meeting
1. Purpose: To review stability data with cross-functional team.
2. Scope: All stability programs.
3. Procedure:
1) Schedule periodic review meetings.
2) Present data trends.
3) Discuss deviations.
4) Document decisions.
4. Acceptance Criteria: Meetings held quarterly; actions tracked.
5. References: QC_SOP_106"
"QC_SOP_131","1","Title: Stability Study – Stability Sample Disposal
1. Purpose: To define disposal procedure for expired stability samples.
2. Scope: All stability samples.
3. Procedure:
1) Identify expired samples.
2) Verify documentation.
3) Dispose per waste SOP.
4) Record disposal.
4. Acceptance Criteria: Disposal documented; compliance with regulations.
5. References: QC_SOP_005"
"QC_SOP_132","1","Title: Stability Study – Stability Data Backup and Archiving
1. Purpose: To ensure secure storage of stability data.
2. Scope: All electronic records.
3. Procedure:
1) Perform regular data backups.
2) Store in secure servers.
3) Verify backup integrity.
4) Maintain access control.
4. Acceptance Criteria: Backup frequency ≤ 24 h; no data loss.
5. References: 21 CFR Part 11"
"QC_SOP_133","1","Title: Stability Study – Stability Study Closeout Procedure
1. Purpose: To define closure of completed stability studies.
2. Scope: All completed studies.
3. Procedure:
1) Confirm all testing completed.
2) Review data.
3) Archive records.
4) Close study in system.
4. Acceptance Criteria: All data complete; study formally closed.
5. References: QC_SOP_110"
"QC_SOP_134","1","Title: Stability Study – Stability Data Submission for Regulatory Filing
1. Purpose: To prepare stability data for submission to regulatory authorities.
2. Scope: All regulatory submissions.
3. Procedure:
1) Compile data per CTD format.
2) Verify completeness.
3) Review by QA.
4) Submit dossier.
4. Acceptance Criteria: Submission meets regulatory requirements.
5. References: ICH CTD"
"QC_SOP_135","1","Title: Stability Study – Stability Trend Alert Limit Setting
1. Purpose: To define alert limits for stability data trending.
2. Scope: All stability parameters.
3. Procedure:
1) Analyze historical data.
2) Set statistical alert limits.
3) Monitor ongoing results.
4) Investigate alerts.
4. Acceptance Criteria: Alerts triggered appropriately; investigations completed.
5. References: ICH Q1E"
"QC_SOP_136","1","Title: Stability Study – Stability Data Statistical Outlier Evaluation
1. Purpose: To define a standardized approach for identifying and evaluating statistical outliers in stability datasets to ensure scientifically justified conclusions.
2. Scope: Applies to all quantitative stability data generated under ICH Q1A studies.
3. Procedure:
1) Compile analytical results across all time points for the parameter under evaluation.
2) Perform statistical analysis using Grubbs' or Dixon's test at 95 % confidence level.
3) Identify potential outliers and verify raw data, instrument logs, and calculations.
4) Assess whether outlier is due to analytical error, sample variability, or true degradation.
5) Document justification for inclusion or exclusion and obtain QA approval.
4. Acceptance Criteria: Outlier removal only if statistically justified and scientifically supported; full traceability maintained; no data manipulation without documented rationale.
5. References: ICH Q1E, QC_SOP_106"
"QC_SOP_137","1","Title: Stability Study – Temperature Mapping of Stability Chambers
1. Purpose: To ensure uniform temperature distribution within stability chambers used for sample storage.
2. Scope: All stability chambers used for long-term, intermediate, and accelerated studies.
3. Procedure:
1) Place calibrated temperature probes at multiple predefined locations within the chamber.
2) Record temperature continuously for at least 24 hours under loaded and unloaded conditions.
3) Analyze data for spatial variation and identify hot/cold spots.
4) Compare results against acceptance criteria and document mapping report.
5) Implement corrective actions if non-uniformity is observed.
4. Acceptance Criteria: Temperature uniformity within ±2.0 °C across chamber; no persistent hot/cold spots; calibration traceable to national standards.
5. References: ICH Q1A, 21 CFR Part 211"
"QC_SOP_138","1","Title: Stability Study – Humidity Control Verification
1. Purpose: To verify relative humidity control within stability chambers to ensure compliance with study conditions.
2. Scope: Applicable to chambers operating at controlled humidity conditions such as 60 % RH or 75 % RH.
3. Procedure:
1) Install calibrated hygrometers at representative chamber locations.
2) Record humidity values continuously for at least 24 hours.
3) Compare measured values with setpoints and evaluate variability.
4) Review alarm logs for humidity excursions.
5) Document verification results and corrective actions if required.
4. Acceptance Criteria: Relative humidity maintained within ±5.0 % RH of setpoint; no uninvestigated excursions.
5. References: ICH Q1A, QC_SOP_102"
"QC_SOP_139","1","Title: Stability Study – Stability-Indicating Impurity Trend Analysis
1. Purpose: To monitor and evaluate impurity profiles over time during stability studies.
2. Scope: All stability-indicating analytical methods measuring impurities.
3. Procedure:
1) Compile impurity data across all time points.
2) Plot impurity levels versus time for each identified impurity.
3) Evaluate trends using regression analysis.
4) Identify any impurity approaching specification limits.
5) Initiate investigation if abnormal increase is observed.
4. Acceptance Criteria: No impurity exceeds specification; trend slope within validated limits; mass balance ≥95.0 %.
5. References: ICH Q3B, QC_SOP_106"
"QC_SOP_140","1","Title: Stability Study – Stability Program Annual Review and Optimization
1. Purpose: To periodically review stability program performance and optimize study design based on accumulated data.
2. Scope: Applies to all ongoing and completed stability programs.
3. Procedure:
1) Compile stability data, deviations, and trend analyses from the past year.
2) Evaluate performance of stability chambers, sampling schedules, and analytical methods.
3) Identify opportunities for optimization such as reduced testing frequency or bracketing strategies.
4) Update stability protocols where justified and approved through change control.
5) Document annual review outcomes and present to QA management.
4. Acceptance Criteria: Annual review completed within 90 days of year-end; all recommendations documented and approved; no regulatory non-compliance identified.
5. References: ICH Q1A, ICH Q1D"
"QC_SOP_141","1","Title: Stability Study – Evaluation of Packaging Orientation Impact
1. Purpose: To assess the effect of product orientation (upright vs inverted) on stability performance during storage.
2. Scope: Applies to liquid drug products and suspensions stored in primary containers.
3. Procedure:
1) Store identical sample sets in upright and inverted orientations under long-term conditions (25 °C/60 % RH).
2) Withdraw samples at defined intervals (0, 3, 6, 12 months).
3) Analyze for assay, impurities, pH, and particulate matter.
4) Compare results between orientations and identify any differences in degradation or physical changes.
5) Document findings and evaluate risk to product quality.
4. Acceptance Criteria: No significant difference (> ±2.0 % assay or impurity increase >0.1 %) between orientations; no visible leakage or precipitation.
5. References: ICH Q1A, QC_SOP_104"
"QC_SOP_142","1","Title: Stability Study – Container Closure Integrity Impact on Stability
1. Purpose: To evaluate the effect of container closure integrity on product stability.
2. Scope: All products requiring container closure integrity testing (CCIT).
3. Procedure:
1) Select representative samples with validated closure systems.
2) Perform CCIT using vacuum decay or dye ingress methods at initial and final time points.
3) Correlate integrity results with stability data (e.g., moisture ingress, assay changes).
4) Investigate any loss of integrity.
5) Document results and conclusions.
4. Acceptance Criteria: No CCIT failure; no correlation between integrity loss and product degradation; vacuum decay leakage rate ≤ validated threshold.
5. References: USP <1207>, QC_SOP_104"
"QC_SOP_143","1","Title: Stability Study – Moisture Uptake Evaluation
1. Purpose: To determine moisture sensitivity of products under controlled humidity conditions.
2. Scope: Solid dosage forms and hygroscopic materials.
3. Procedure:
1) Store samples at different humidity levels (e.g., 25 %, 60 %, 75 % RH).
2) Measure weight gain and moisture content at predefined intervals.
3) Analyze impact on assay, dissolution, and physical properties.
4) Compare results across conditions.
5) Document findings.
4. Acceptance Criteria: Moisture uptake ≤ 2.0 % w/w; no impact on dissolution profile or assay beyond ±5.0 %.
5. References: ICH Q1A, QC_SOP_106"
"QC_SOP_144","1","Title: Stability Study – Stability of Reconstituted Solutions
1. Purpose: To evaluate stability of products after reconstitution with diluents.
2. Scope: Injectable and lyophilized products requiring reconstitution.
3. Procedure:
1) Reconstitute product per instructions using specified diluent.
2) Store at recommended conditions (e.g., 2–8 °C or room temperature).
3) Analyze at defined intervals (0, 4, 8, 24 hours).
4) Evaluate assay, pH, and appearance.
5) Document results.
4. Acceptance Criteria: Assay within 95.0–105.0 %; no visible particles; pH change ≤ 0.5 units.
5. References: ICH Q1A"
"QC_SOP_145","1","Title: Stability Study – Evaluation of Extractables and Leachables Over Time
1. Purpose: To monitor potential leachables from packaging materials during stability studies.
2. Scope: Products in contact with polymeric or elastomeric packaging.
3. Procedure:
1) Perform extractables study on packaging material.
2) Analyze stability samples for leachables at initial and long-term time points using LC-MS/GC-MS.
3) Identify and quantify detected compounds.
4) Assess toxicological risk.
5) Document results.
4. Acceptance Criteria: Leachables below permitted daily exposure (PDE); no new peaks exceeding identification threshold (0.05 %).
5. References: USP <1664>, ICH Q3C"
"QC_SOP_146","1","Title: Stability Study – Stability of Diluted Infusion Solutions
1. Purpose: To evaluate stability of drug products after dilution for infusion.
2. Scope: Intravenous drug products.
3. Procedure:
1) Dilute product in recommended infusion media (e.g., 0.9 % NaCl).
2) Store at defined conditions.
3) Analyze at intervals (0, 6, 12, 24 hours).
4) Evaluate assay, pH, and particulate matter.
5) Document results.
4. Acceptance Criteria: Assay within 95.0–105.0 %; particulate matter within USP <788> limits.
5. References: USP <788>, QC_SOP_104"
"QC_SOP_147","1","Title: Stability Study – Stability Under Stress Temperature Cycling
1. Purpose: To assess impact of temperature fluctuations during storage.
2. Scope: All products subject to transport or storage variations.
3. Procedure:
1) Subject samples to cycles between 5 °C and 40 °C.
2) Maintain defined cycle durations (e.g., 24 hours each condition).
3) Analyze after defined number of cycles.
4) Compare results with control samples.
5) Document changes.
4. Acceptance Criteria: No assay change > ±5.0 %; no physical degradation observed.
5. References: ICH Q1A"
"QC_SOP_148","1","Title: Stability Study – Stability Data Review for Regulatory Submission
1. Purpose: To ensure readiness of stability data for regulatory review.
2. Scope: All data included in submission dossiers.
3. Procedure:
1) Verify completeness of datasets.
2) Ensure compliance with ICH guidelines.
3) Review statistical analyses and conclusions.
4) Compile data into CTD format.
5) Obtain QA approval.
4. Acceptance Criteria: No data gaps; all results within specification or justified.
5. References: ICH CTD, QC_SOP_134"
"QC_SOP_149","1","Title: Stability Study – Evaluation of Color and Appearance Changes
1. Purpose: To monitor visual changes in product during stability studies.
2. Scope: All dosage forms.
3. Procedure:
1) Inspect samples under controlled lighting conditions.
2) Compare with reference standards or initial appearance.
3) Document any discoloration, turbidity, or phase separation.
4) Correlate with analytical data.
5) Investigate significant changes.
4. Acceptance Criteria: No significant visual change; any change investigated.
5. References: EP 2.2.1"
"QC_SOP_150","1","Title: Stability Study – Stability Commitment Completion Verification
1. Purpose: To confirm completion of all required stability commitments.
2. Scope: All post-approval stability commitments.
3. Procedure:
1) Review commitment list.
2) Verify completion of all testing points.
3) Confirm data review and approval.
4) Document completion status.
5) Archive records.
4. Acceptance Criteria: 100 % commitments fulfilled; documentation complete.
5. References: ICH Q1A"
"QC_SOP_151","1","Title: Environmental Monitoring – Viable Air Sampling Procedure
1. Purpose: To define procedures for monitoring airborne viable microorganisms in cleanrooms.
2. Scope: ISO-classified manufacturing and QC areas.
3. Procedure:
1) Position active air sampler at critical locations.
2) Collect defined air volume (e.g., 1 m³).
3) Incubate plates at 30–35 °C for bacteria and 20–25 °C for fungi.
4) Count colonies and record results.
5) Compare against limits.
4. Acceptance Criteria: ISO 5 ≤ 1 CFU/m³; ISO 7 ≤ 10 CFU/m³.
5. References: EU Annex 1"
"QC_SOP_152","1","Title: Environmental Monitoring – Surface Sampling by Contact Plates
1. Purpose: To assess microbial contamination on surfaces.
2. Scope: Cleanroom surfaces and equipment.
3. Procedure:
1) Press contact plate onto surface for defined time.
2) Incubate plates under specified conditions.
3) Count colonies and record.
4) Compare results with limits.
5) Document findings.
4. Acceptance Criteria: ISO 5 ≤ 1 CFU/plate; ISO 7 ≤ 5 CFU/plate.
5. References: EU Annex 1"
"QC_SOP_153","1","Title: Environmental Monitoring – Personnel Monitoring
1. Purpose: To monitor microbial contamination on personnel.
2. Scope: All personnel in cleanroom areas.
3. Procedure:
1) Sample gloves and gown surfaces using contact plates.
2) Incubate plates.
3) Record CFU counts.
4) Evaluate compliance.
5) Investigate excursions.
4. Acceptance Criteria: ISO 5 ≤ 1 CFU/glove; gown ≤ 5 CFU.
5. References: EU Annex 1"
"QC_SOP_154","1","Title: Environmental Monitoring – Non-Viable Particle Monitoring
1. Purpose: To monitor airborne particulate levels.
2. Scope: All cleanroom areas.
3. Procedure:
1) Use calibrated particle counter.
2) Measure particles ≥0.5 µm and ≥5.0 µm.
3) Record results.
4) Compare with ISO limits.
5) Document data.
4. Acceptance Criteria: ISO 5 ≤ 3520 particles/m³ (≥0.5 µm).
5. References: ISO 14644-1"
"QC_SOP_155","1","Title: Environmental Monitoring – Trend Analysis
1. Purpose: To evaluate trends in environmental monitoring data.
2. Scope: All EM data.
3. Procedure:
1) Compile data over time.
2) Perform statistical analysis.
3) Identify trends.
4) Report findings.
5) Investigate adverse trends.
4. Acceptance Criteria: No upward trend exceeding alert limits.
5. References: QC_SOP_040"
"QC_SOP_156","1","Title: Environmental Monitoring – Alert and Action Limit Management
1. Purpose: To define alert and action limits for EM.
2. Scope: All cleanroom classifications.
3. Procedure:
1) Establish limits based on historical data.
2) Monitor results.
3) Trigger alerts/actions.
4) Investigate excursions.
5) Document CAPA.
4. Acceptance Criteria: Limits scientifically justified; actions timely.
5. References: EU Annex 1"
"QC_SOP_157","1","Title: Environmental Monitoring – Sampling Plan Design
1. Purpose: To define EM sampling locations and frequency.
2. Scope: All cleanrooms.
3. Procedure:
1) Identify critical locations.
2) Define sampling frequency.
3) Document plan.
4) Review annually.
5) Update as needed.
4. Acceptance Criteria: Plan covers all critical areas; approved by QA.
5. References: ISO 14644"
"QC_SOP_158","1","Title: Environmental Monitoring – Handling of EM Excursions
1. Purpose: To manage EM results exceeding limits.
2. Scope: All EM activities.
3. Procedure:
1) Confirm result.
2) Identify root cause.
3) Implement CAPA.
4) Document findings.
5) Review effectiveness.
4. Acceptance Criteria: Investigation within 30 days; CAPA effective.
5. References: QC_SOP_010"
"QC_SOP_159","1","Title: Environmental Monitoring – Media Preparation for EM
1. Purpose: To ensure proper preparation of EM media.
2. Scope: All EM plates.
3. Procedure:
1) Prepare media.
2) Sterilize.
3) Perform growth promotion test.
4) Store properly.
5) Document.
4. Acceptance Criteria: Growth promotion passed; sterility confirmed.
5. References: USP <61>"
"QC_SOP_160","1","Title: Environmental Monitoring – Incubation of EM Samples
1. Purpose: To ensure proper incubation conditions.
2. Scope: All EM samples.
3. Procedure:
1) Incubate at specified temperatures.
2) Monitor daily.
3) Record results.
4) Evaluate growth.
5) Document.
4. Acceptance Criteria: Temperature ±2 °C; accurate records.
5. References: EU Annex 1"
"QC_SOP_161","1","Title: Environmental Monitoring – Data Review and Approval
1. Purpose: To ensure EM data accuracy.
2. Scope: All EM results.
3. Procedure:
1) Review data.
2) Verify calculations.
3) Approve results.
4) Archive records.
5) Document review.
4. Acceptance Criteria: No errors; QA approval obtained.
5. References: QC_SOP_032"
"QC_SOP_162","1","Title: Environmental Monitoring – Equipment Calibration
1. Purpose: To ensure EM equipment accuracy.
2. Scope: All EM instruments.
3. Procedure:
1) Calibrate instruments.
2) Record results.
3) Verify performance.
4) Document calibration.
5) Schedule next calibration.
4. Acceptance Criteria: Calibration within tolerance; no overdue equipment.
5. References: 21 CFR Part 211"
"QC_SOP_163","1","Title: Environmental Monitoring – Cleaning Verification
1. Purpose: To verify effectiveness of cleaning in EM areas.
2. Scope: Cleanroom surfaces.
3. Procedure:
1) Perform surface sampling post-cleaning.
2) Analyze results.
3) Compare with limits.
4) Document findings.
5) Investigate failures.
4. Acceptance Criteria: Results within limits.
5. References: EU Annex 1"
"QC_SOP_164","1","Title: Environmental Monitoring – Disinfection Program Effectiveness
1. Purpose: To assess disinfectant effectiveness.
2. Scope: Cleanroom disinfection.
3. Procedure:
1) Perform efficacy testing.
2) Monitor EM results.
3) Rotate disinfectants.
4) Document.
5) Review periodically.
4. Acceptance Criteria: Effective microbial reduction ≥3 log.
5. References: USP <1072>"
"QC_SOP_165","1","Title: Environmental Monitoring – Documentation and Record Retention
1. Purpose: To ensure traceability of EM data.
2. Scope: All EM records.
3. Procedure:
1) Record data.
2) Review.
3) Archive.
4) Maintain retention.
5) Ensure accessibility.
4. Acceptance Criteria: Records retained ≥5 years; complete and accurate.
5. References: 21 CFR Part 211"
"QC_SOP_166","1","Title: Environmental Monitoring – Settle Plate Passive Air Sampling
1. Purpose: To assess airborne microbial contamination using passive settle plates in classified areas in accordance with EU Annex 1.
2. Scope: Applies to ISO 5–8 cleanrooms during routine operations and at-rest monitoring.
3. Procedure:
1) Place pre-exposed settle plates (90 mm) at designated locations identified in the EM sampling plan.
2) Expose plates for a defined duration (typically 2–4 hours) ensuring unobstructed exposure.
3) Record start/end times, location, and activity status (at-rest/in-operation).
4) Incubate plates at 30–35 °C for 3 days followed by 20–25 °C for 5 days.
5) Enumerate colonies and trend results against historical data.
4. Acceptance Criteria: ISO 5 ≤ 1 CFU/plate; ISO 7 ≤ 5 CFU/plate; exposure time documented within ±10 minutes of plan.
5. References: EU Annex 1, QC_SOP_157"
"QC_SOP_167","1","Title: Environmental Monitoring – Glove Fingertip Sampling Post-Operation
1. Purpose: To evaluate aseptic technique effectiveness through post-operation glove fingertip sampling.
2. Scope: All operators performing aseptic manipulations in ISO 5 environments.
3. Procedure:
1) Immediately after critical operations, press each gloved fingertip onto contact plates.
2) Label plates with operator ID, date, and operation details.
3) Incubate using dual-temperature regime (30–35 °C then 20–25 °C).
4) Count colonies and compare against limits.
5) Document results and retrain personnel if limits are exceeded.
4. Acceptance Criteria: ISO 5 ≤ 1 CFU per glove set; 0 CFU target for aseptic processing; excursions trigger retraining within 5 days.
5. References: EU Annex 1, QC_SOP_153"
"QC_SOP_168","1","Title: Environmental Monitoring – Compressed Gas Microbial Monitoring
1. Purpose: To verify microbiological quality of compressed gases (e.g., nitrogen, compressed air) used in production.
2. Scope: All compressed gases in contact with product or critical surfaces.
3. Procedure:
1) Connect sterile gas sampling device with validated filter (0.45 µm).
2) Pass defined gas volume (e.g., 1000 L) through filter.
3) Place filter onto appropriate agar and incubate.
4) Enumerate CFU and trend data.
5) Investigate deviations and verify gas filtration systems.
4. Acceptance Criteria: ≤ 1 CFU per 1000 L in ISO 5 use points; no increasing trend over three consecutive samples.
5. References: EU Annex 1, ISO 8573"
"QC_SOP_169","1","Title: Environmental Monitoring – Water System Microbial Sampling
1. Purpose: To monitor microbial quality of purified water (PW) and water for injection (WFI) systems.
2. Scope: All user points and storage loops supplying QC and manufacturing.
3. Procedure:
1) Sanitize sampling port and allow flushing for defined time (e.g., 1–2 minutes).
2) Collect samples aseptically into sterile containers with neutralizers.
3) Perform membrane filtration and incubate on R2A agar.
4) Record CFU counts and compare with limits.
5) Trend results and initiate investigation for excursions.
4. Acceptance Criteria: PW ≤ 100 CFU/mL; WFI ≤ 10 CFU/100 mL; endotoxin for WFI ≤ 0.25 EU/mL.
5. References: USP <1231>, QC_SOP_151"
"QC_SOP_170","1","Title: Environmental Monitoring – Identification of Isolated Microorganisms
1. Purpose: To identify microorganisms recovered from EM to genus/species level for trend analysis and investigation.
2. Scope: All isolates from viable air, surface, personnel, and water monitoring.
3. Procedure:
1) Subculture isolates to obtain pure colonies.
2) Perform Gram staining and morphological assessment.
3) Use validated identification methods (e.g., MALDI-TOF or biochemical panels).
4) Compare with environmental isolate database.
5) Document identification and assess relevance to contamination events.
4. Acceptance Criteria: Identification confidence ≥ 95 %; all isolates from action-level excursions identified to species where possible.
5. References: USP <1116>, QC_SOP_028"
"QC_SOP_171","1","Title: Environmental Monitoring – Alert Level Investigation Procedure
1. Purpose: To define actions when EM results exceed alert levels but remain below action levels.
2. Scope: All EM data across cleanroom classifications.
3. Procedure:
1) Verify result accuracy and rule out laboratory error.
2) Review recent cleaning, personnel activities, and maintenance logs.
3) Increase sampling frequency at affected locations.
4) Document findings and implement preventive actions.
5) Review trends to determine if escalation is required.
4. Acceptance Criteria: Investigation initiated within 2 business days; no recurrence over next three monitoring events.
5. References: EU Annex 1, QC_SOP_156"
"QC_SOP_172","1","Title: Environmental Monitoring – Action Level Excursion Investigation
1. Purpose: To manage EM results exceeding action limits with comprehensive root cause analysis.
2. Scope: All EM activities in classified areas.
3. Procedure:
1) Immediately notify QA and halt affected operations if required.
2) Confirm result with repeat sampling where appropriate.
3) Identify organism and review EM and operational data.
4) Perform root cause analysis and implement CAPA.
5) Assess product impact and document conclusions.
4. Acceptance Criteria: Investigation completed within 30 days; CAPA effectiveness verified; product impact assessed and documented.
5. References: QC_SOP_010, EU Annex 1"
"QC_SOP_173","1","Title: Environmental Monitoring – Sampling During Dynamic Operations
1. Purpose: To ensure EM reflects actual manufacturing conditions by sampling during operations.
2. Scope: ISO 5–7 areas during routine processing.
3. Procedure:
1) Perform active air and surface sampling during critical operations.
2) Position samplers near worst-case locations (e.g., filling lines).
3) Record operational parameters and personnel count.
4) Incubate and enumerate results.
5) Compare with dynamic limits.
4. Acceptance Criteria: ISO 5 ≤ 1 CFU/m³ during operation; sampling performed at defined critical steps ≥ 90 % of batches.
5. References: EU Annex 1"
"QC_SOP_174","1","Title: Environmental Monitoring – Recovery Efficiency Validation of Sampling Methods
1. Purpose: To validate recovery efficiency of EM sampling techniques.
2. Scope: Contact plates, swabs, and air samplers.
3. Procedure:
1) Inoculate surfaces with known microbial load (e.g., 10–100 CFU).
2) Perform sampling using method under evaluation.
3) Compare recovered CFU with inoculated count.
4) Calculate recovery percentage.
5) Document validation results.
4. Acceptance Criteria: Recovery efficiency ≥ 50 % for surface methods; ≥ 70 % for air samplers.
5. References: USP <1116>"
"QC_SOP_175","1","Title: Environmental Monitoring – Swab Sampling Procedure for Irregular Surfaces
1. Purpose: To monitor microbial contamination on non-flat or hard-to-reach surfaces.
2. Scope: Equipment joints, valves, and irregular surfaces.
3. Procedure:
1) Moisten sterile swab with neutralizing buffer.
2) Swab defined area (e.g., 25 cm²) using consistent pattern.
3) Transfer swab to diluent and vortex.
4) Plate aliquot and incubate.
5) Count CFU and record.
4. Acceptance Criteria: ISO 7 ≤ 5 CFU per 25 cm²; swab area documented within ±10 %.
5. References: EU Annex 1, QC_SOP_152"
"QC_SOP_176","1","Title: Environmental Monitoring – Cleanroom Classification Verification
1. Purpose: To periodically verify cleanroom classification compliance.
2. Scope: All classified areas (ISO 5–8).
3. Procedure:
1) Perform non-viable particle counts at rest and in operation.
2) Evaluate air changes per hour and airflow patterns.
3) Review HEPA filter integrity test results.
4) Document classification status.
5) Requalify as required.
4. Acceptance Criteria: Compliance with ISO 14644-1 limits; HEPA integrity ≥ 99.97 % efficiency.
5. References: ISO 14644-1"
"QC_SOP_177","1","Title: Environmental Monitoring – HEPA Filter Integrity Testing (PAO/DOP)
1. Purpose: To ensure HEPA filters provide effective particulate removal.
2. Scope: All HEPA filters in cleanrooms.
3. Procedure:
1) Generate aerosol challenge (PAO/DOP) upstream of filter.
2) Scan downstream face using photometer.
3) Identify leaks and measure penetration.
4) Repair or replace filters if necessary.
5) Document results.
4. Acceptance Criteria: Penetration ≤ 0.01 %; no detectable leaks.
5. References: ISO 14644-3"
"QC_SOP_178","1","Title: Environmental Monitoring – Airflow Visualization (Smoke Study)
1. Purpose: To verify unidirectional airflow and absence of turbulence in critical zones.
2. Scope: ISO 5 areas used for aseptic processing.
3. Procedure:
1) Introduce visible smoke at critical points.
2) Observe airflow patterns under dynamic conditions.
3) Record video evidence.
4) Identify turbulence or reflux.
5) Implement corrective actions if needed.
4. Acceptance Criteria: Unidirectional airflow maintained; no turbulence in critical zones.
5. References: EU Annex 1"
"QC_SOP_179","1","Title: Environmental Monitoring – EM Data Trending Dashboard Maintenance
1. Purpose: To maintain centralized dashboard for EM data visualization and trend analysis.
2. Scope: All EM data generated across facility.
3. Procedure:
1) Upload EM results into validated LIMS.
2) Generate automated trend charts by location and parameter.
3) Review dashboard weekly.
4) Flag abnormal trends.
5) Archive reports.
4. Acceptance Criteria: Dashboard updated within 24 hours; ≥ 95 % data completeness.
5. References: QC_SOP_155"
"QC_SOP_180","1","Title: Environmental Monitoring – Seasonal Variation Assessment
1. Purpose: To evaluate impact of seasonal changes on environmental microbial levels.
2. Scope: All EM programs.
3. Procedure:
1) Compile EM data across seasons.
2) Compare microbial counts and trends.
3) Identify seasonal patterns.
4) Adjust sampling frequency or controls if needed.
5) Document assessment.
4. Acceptance Criteria: Seasonal trends identified and controlled; no seasonal increase exceeding action limits.
5. References: USP <1116>"
"QC_SOP_181","1","Title: Environmental Monitoring – Qualification of New EM Sampling Locations
1. Purpose: To validate new sampling points added to EM program.
2. Scope: New or modified cleanroom layouts.
3. Procedure:
1) Perform initial intensive sampling at proposed locations.
2) Evaluate data over multiple runs.
3) Confirm representativeness of location.
4) Update EM sampling plan.
5) Obtain QA approval.
4. Acceptance Criteria: Location demonstrates consistent and representative data; approved before routine use.
5. References: QC_SOP_157"
"QC_SOP_182","1","Title: Environmental Monitoring – EM Program Periodic Review
1. Purpose: To ensure EM program remains effective and compliant.
2. Scope: Entire EM program.
3. Procedure:
1) Review EM data, trends, and deviations annually.
2) Evaluate sampling plan adequacy.
3) Update alert/action limits if needed.
4) Document review outcomes.
5) Obtain QA approval.
4. Acceptance Criteria: Annual review completed within 90 days; updates implemented where justified.
5. References: ICH Q10"
"QC_SOP_183","1","Title: Environmental Monitoring – Disinfectant Rotation Strategy
1. Purpose: To prevent microbial resistance through disinfectant rotation.
2. Scope: All cleanroom cleaning programs.
3. Procedure:
1) Select at least two disinfectants with different mechanisms.
2) Establish rotation schedule (e.g., weekly or monthly).
3) Validate efficacy against environmental isolates.
4) Document usage.
5) Monitor EM results for effectiveness.
4. Acceptance Criteria: ≥ 3 log reduction in efficacy studies; no increase in resistant flora.
5. References: USP <1072>"
"QC_SOP_184","1","Title: Environmental Monitoring – Qualification of EM Incubators
1. Purpose: To ensure incubators used for EM provide accurate and consistent conditions.
2. Scope: All incubators used for microbial growth.
3. Procedure:
1) Perform temperature mapping.
2) Calibrate sensors.
3) Verify uniformity and stability.
4) Document qualification.
5) Schedule requalification annually.
4. Acceptance Criteria: Temperature uniformity ±2 °C; calibration traceable.
5. References: 21 CFR Part 211"
"QC_SOP_185","1","Title: Environmental Monitoring – Handling of Mixed Flora Plates
1. Purpose: To define approach for interpreting plates with mixed microbial growth.
2. Scope: All EM plates showing multiple colony morphologies.
3. Procedure:
1) Enumerate total CFU.
2) Subculture representative colonies.
3) Identify organisms.
4) Assess significance relative to environment.
5) Document findings.
4. Acceptance Criteria: All morphologies evaluated; identification performed for action-level events.
5. References: USP <1116>"
"QC_SOP_186","1","Title: Environmental Monitoring – Documentation of Sampling Deviations
1. Purpose: To ensure deviations from EM procedures are properly recorded and investigated.
2. Scope: All EM activities.
3. Procedure:
1) Record deviation details immediately.
2) Assess impact on data integrity.
3) Initiate deviation investigation.
4) Implement CAPA.
5) Document closure.
4. Acceptance Criteria: Deviations recorded within 1 day; investigation closed within 30 days.
5. References: QC_SOP_010"
"QC_SOP_187","1","Title: Environmental Monitoring – Qualification of EM Personnel
1. Purpose: To ensure personnel are competent in EM sampling techniques.
2. Scope: All personnel performing EM.
3. Procedure:
1) Provide theoretical and practical training.
2) Conduct supervised sampling exercises.
3) Evaluate performance through proficiency testing.
4) Document qualification.
5) Requalify annually.
4. Acceptance Criteria: ≥ 90 % proficiency score; no critical errors during assessment.
5. References: QC_SOP_042"
"QC_SOP_188","1","Title: Environmental Monitoring – EM Equipment Preventive Maintenance
1. Purpose: To ensure reliability of EM equipment through routine maintenance.
2. Scope: Air samplers, particle counters, incubators.
3. Procedure:
1) Schedule maintenance per manufacturer recommendations.
2) Perform cleaning, calibration, and part replacement.
3) Document maintenance activities.
4) Verify performance post-maintenance.
5) Update equipment logs.
4. Acceptance Criteria: No overdue maintenance; equipment performs within specifications.
5. References: 21 CFR Part 211"
"QC_SOP_189","1","Title: Environmental Monitoring – Data Backup and Archiving
1. Purpose: To ensure secure storage and retrieval of EM data.
2. Scope: All electronic EM records.
3. Procedure:
1) Perform daily data backup.
2) Store backups in secure servers.
3) Verify backup integrity periodically.
4) Maintain access control.
5) Archive data per retention policy.
4. Acceptance Criteria: Backup frequency ≤ 24 hours; data retrievable within 24 hours.
5. References: 21 CFR Part 11"
"QC_SOP_190","1","Title: Environmental Monitoring – Integration with Deviation and CAPA Systems
1. Purpose: To ensure EM excursions are linked to deviation and CAPA workflows.
2. Scope: All EM results exceeding limits.
3. Procedure:
1) Initiate deviation record for excursion.
2) Link EM data to CAPA system.
3) Track corrective and preventive actions.
4) Verify effectiveness.
5) Close records.
4. Acceptance Criteria: 100 % linkage of excursions to CAPA; effectiveness verified within 60 days.
5. References: QC_SOP_010"
"QC_SOP_191","1","Title: Environmental Monitoring – Qualification of New Cleanroom After Construction
1. Purpose: To verify that newly constructed or renovated cleanrooms meet required environmental classification and control standards prior to operational use.
2. Scope: Applies to all new or modified ISO-classified areas used for manufacturing or QC testing.
3. Procedure:
1) Perform non-viable particle count testing at rest and in operation per ISO 14644-1.
2) Conduct viable air, surface, and personnel monitoring across defined locations.
3) Execute airflow visualization (smoke study) to confirm unidirectional flow in critical zones.
4) Verify HEPA filter integrity using PAO/DOP testing.
5) Compile qualification report and obtain QA approval before release for use.
4. Acceptance Criteria: All ISO classification limits met; HEPA integrity ≤0.01 % penetration; no airflow turbulence in ISO 5 zones.
5. References: ISO 14644-1, EU Annex 1"
"QC_SOP_192","1","Title: Environmental Monitoring – Trending of Identified Microflora
1. Purpose: To establish long-term tracking and analysis of identified environmental microorganisms for contamination control.
2. Scope: All identified isolates from EM activities.
3. Procedure:
1) Maintain database of identified organisms with location, date, and count.
2) Classify isolates by genus/species and risk category.
3) Perform periodic trend analysis to detect recurring organisms.
4) Correlate findings with cleaning and disinfection practices.
5) Initiate investigation for persistent or objectionable organisms.
4. Acceptance Criteria: No recurring objectionable organism across three consecutive events; trends reviewed quarterly.
5. References: USP <1116>, QC_SOP_170"
"QC_SOP_193","1","Title: Environmental Monitoring – Qualification of New Disinfectants
1. Purpose: To validate efficacy of new disinfectants introduced into cleanroom cleaning programs.
2. Scope: All disinfectants used in classified areas.
3. Procedure:
1) Select representative environmental isolates including bacteria and fungi.
2) Apply disinfectant to inoculated surfaces at defined contact times.
3) Measure microbial reduction using standard plate counts.
4) Compare efficacy against existing disinfectants.
5) Document validation results and approve for use.
4. Acceptance Criteria: ≥3 log reduction for vegetative organisms; ≥2 log reduction for fungi within specified contact time.
5. References: USP <1072>"
"QC_SOP_194","1","Title: Environmental Monitoring – Routine Review of EM Alarm Logs
1. Purpose: To ensure timely detection and response to EM system alarms and excursions.
2. Scope: All monitoring systems including particle counters and environmental sensors.
3. Procedure:
1) Review alarm logs daily for temperature, humidity, and particle count excursions.
2) Verify alarm acknowledgement and response actions.
3) Correlate alarms with EM sampling data.
4) Document findings and escalate unresolved alarms.
5) Archive reviewed logs.
4. Acceptance Criteria: All alarms reviewed within 24 hours; no unacknowledged alarms; corrective actions documented.
5. References: QC_SOP_156"
"QC_SOP_195","1","Title: Environmental Monitoring – Qualification of Air Samplers
1. Purpose: To ensure air samplers provide accurate and reproducible results.
2. Scope: All active air sampling devices used in EM.
3. Procedure:
1) Calibrate flow rate using traceable standard.
2) Perform recovery efficiency test using known microbial challenge.
3) Compare results across multiple runs.
4) Document performance qualification.
5) Schedule periodic requalification.
4. Acceptance Criteria: Flow rate accuracy ±5 %; recovery efficiency ≥70 %; consistent performance across three runs.
5. References: ISO 14698"
"QC_SOP_196","1","Title: Environmental Monitoring – EM Sampling During Maintenance Activities
1. Purpose: To assess contamination risk during and after maintenance interventions in cleanrooms.
2. Scope: All maintenance activities in classified areas.
3. Procedure:
1) Perform baseline EM before maintenance.
2) Conduct additional sampling during and after maintenance activities.
3) Compare results with baseline data.
4) Evaluate impact on cleanroom classification.
5) Document findings and approve return to operation.
4. Acceptance Criteria: No increase beyond action limits; cleanroom restored to baseline conditions before release.
5. References: EU Annex 1"
"QC_SOP_197","1","Title: Environmental Monitoring – Qualification of EM Software Systems
1. Purpose: To ensure EM data management systems meet regulatory requirements for data integrity.
2. Scope: All software systems used for EM data collection and analysis.
3. Procedure:
1) Perform installation, operational, and performance qualification (IQ/OQ/PQ).
2) Verify audit trail functionality and user access controls.
3) Test data backup and recovery procedures.
4) Validate data processing and reporting accuracy.
5) Document validation report.
4. Acceptance Criteria: System compliant with 21 CFR Part 11; audit trails complete; no data loss during testing.
5. References: 21 CFR Part 11"
"QC_SOP_198","1","Title: Environmental Monitoring – Monitoring of Cleanroom Garments
1. Purpose: To assess microbial contamination on reusable cleanroom garments.
2. Scope: All garments used in ISO-classified areas.
3. Procedure:
1) Collect samples from garments after use using contact plates or swabs.
2) Incubate and enumerate microbial growth.
3) Evaluate cleaning and laundering effectiveness.
4) Trend results over time.
5) Investigate repeated contamination.
4. Acceptance Criteria: ISO 5 ≤1 CFU per sampled area; no increasing contamination trend.
5. References: EU Annex 1"
"QC_SOP_199","1","Title: Environmental Monitoring – Periodic Requalification of EM Program
1. Purpose: To ensure continued effectiveness of EM program through periodic requalification.
2. Scope: Entire EM program including sampling plans and limits.
3. Procedure:
1) Review historical EM data and trends.
2) Reassess sampling locations and frequencies.
3) Revalidate alert and action limits.
4) Update documentation.
5) Obtain QA approval.
4. Acceptance Criteria: Requalification completed every 12 months; changes documented and approved.
5. References: ICH Q10"
"QC_SOP_200","1","Title: Environmental Monitoring – EM Program Annual Summary Report
1. Purpose: To compile and evaluate annual EM performance for quality oversight.
2. Scope: All EM data generated within the year.
3. Procedure:
1) Collect all EM data, deviations, and CAPA records.
2) Perform statistical analysis and trend evaluation.
3) Identify recurring issues and improvement areas.
4) Prepare summary report.
5) Review and approve by QA management.
4. Acceptance Criteria: Report completed within 60 days of year-end; all trends and deviations addressed.
5. References: QC_SOP_182"
"QC_SOP_201","1","Title: Cleaning Validation – Cleaning Agent Selection and Justification
1. Purpose: To define criteria for selecting appropriate cleaning agents for equipment cleaning validation.
2. Scope: All manufacturing equipment requiring validated cleaning procedures.
3. Procedure:
1) Evaluate solubility of product residues in candidate cleaning agents.
2) Assess compatibility with equipment materials.
3) Review toxicity and environmental impact.
4) Perform laboratory-scale cleaning studies.
5) Document selection rationale.
4. Acceptance Criteria: Cleaning agent removes ≥99.0 % residue; no equipment damage; safety criteria met.
5. References: FDA Cleaning Validation Guidance"
"QC_SOP_202","1","Title: Cleaning Validation – Residue Limit Calculation
1. Purpose: To establish acceptable residue limits for cleaning validation.
2. Scope: All products manufactured on shared equipment.
3. Procedure:
1) Determine maximum allowable carryover (MACO) based on toxicity or dose.
2) Calculate residue limits using worst-case assumptions.
3) Convert limits to surface area basis.
4) Document calculations.
5) Approve limits.
4. Acceptance Criteria: Limits scientifically justified; calculations verified; safety margin applied.
5. References: PIC/S PI 006"
"QC_SOP_203","1","Title: Cleaning Validation – Swab Sampling Technique
1. Purpose: To standardize swab sampling for residue analysis.
2. Scope: All equipment surfaces.
3. Procedure:
1) Use pre-moistened swab.
2) Swab defined area using consistent pattern.
3) Extract residue into solvent.
4) Analyze sample.
5) Record results.
4. Acceptance Criteria: Recovery ≥70 %; sampling area within ±10 %.
5. References: QC_SOP_175"
"QC_SOP_204","1","Title: Cleaning Validation – Rinse Sampling Procedure
1. Purpose: To assess residue levels using rinse sampling method.
2. Scope: Equipment with complex geometry.
3. Procedure:
1) Rinse equipment with defined volume of solvent.
2) Collect rinse sample.
3) Analyze for residues.
4) Compare with limits.
5) Document results.
4. Acceptance Criteria: Residue below calculated limit; rinse volume consistent ±5 %.
5. References: PIC/S PI 006"
"QC_SOP_205","1","Title: Cleaning Validation – Cleaning Process Qualification
1. Purpose: To validate effectiveness of cleaning process.
2. Scope: All equipment cleaning procedures.
3. Procedure:
1) Perform three consecutive cleaning runs.
2) Collect swab and rinse samples.
3) Analyze for residues.
4) Compare with limits.
5) Document validation report.
4. Acceptance Criteria: All samples below limits; reproducibility demonstrated.
5. References: FDA Guidance"
"QC_SOP_206","1","Title: Cleaning Validation – Visual Inspection Criteria
1. Purpose: To define visual cleanliness standards.
2. Scope: All cleaned equipment.
3. Procedure:
1) Inspect surfaces under adequate lighting.
2) Check for visible residues.
3) Document findings.
4) Approve or reject equipment.
5) Record inspection.
4. Acceptance Criteria: No visible residue; surface clean and dry.
5. References: EU Annex 15"
"QC_SOP_207","1","Title: Cleaning Validation – Worst-Case Product Selection
1. Purpose: To identify worst-case products for validation.
2. Scope: Multi-product facilities.
3. Procedure:
1) Evaluate product toxicity, solubility, and potency.
2) Rank products.
3) Select worst-case.
4) Document rationale.
5) Approve selection.
4. Acceptance Criteria: Selection justified and documented.
5. References: PIC/S PI 006"
"QC_SOP_208","1","Title: Cleaning Validation – Cleaning Hold Time Study
1. Purpose: To determine maximum hold time before cleaning.
2. Scope: All equipment.
3. Procedure:
1) Allow equipment to sit for defined periods.
2) Perform cleaning.
3) Analyze residues.
4) Compare results.
5) Document findings.
4. Acceptance Criteria: Residues below limits at maximum hold time.
5. References: FDA Guidance"
"QC_SOP_209","1","Title: Cleaning Validation – Clean Hold Time Study
1. Purpose: To establish maximum hold time after cleaning.
2. Scope: All equipment.
3. Procedure:
1) Clean equipment.
2) Store for defined intervals.
3) Sample surfaces.
4) Analyze contamination.
5) Document results.
4. Acceptance Criteria: No microbial growth; residue within limits.
5. References: EU Annex 15"
"QC_SOP_210","1","Title: Cleaning Validation – Documentation and Reporting
1. Purpose: To ensure proper documentation of cleaning validation.
2. Scope: All validation studies.
3. Procedure:
1) Compile data.
2) Review results.
3) Prepare report.
4) Approve by QA.
5) Archive records.
4. Acceptance Criteria: Complete documentation; QA approval obtained.
5. References: QC_SOP_032"
"QC_SOP_211","1","Title: Cleaning Validation – Recovery Study for Swab and Rinse Methods
1. Purpose: To determine the recovery efficiency of sampling methods used in cleaning validation to ensure accurate quantification of residues.
2. Scope: Applies to all swab and rinse sampling techniques used across validated equipment surfaces.
3. Procedure:
1) Spike representative surfaces with known quantity of target residue at relevant concentration levels.
2) Allow residue to dry under controlled conditions simulating worst-case hold time.
3) Perform swab sampling on defined area (e.g., 25 cm²) and/or rinse sampling with validated volume.
4) Analyze samples using validated analytical method (e.g., HPLC-UV).
5) Calculate % recovery by comparing measured vs applied amount and document variability.
4. Acceptance Criteria: Mean recovery ≥ 70.0 % for swab and ≥ 80.0 % for rinse; %RSD ≤ 15.0 % across replicates.
5. References: PIC/S PI 006, QC_SOP_203"
"QC_SOP_212","1","Title: Cleaning Validation – Equipment Grouping Strategy
1. Purpose: To justify grouping of similar equipment for cleaning validation to reduce redundant studies.
2. Scope: All manufacturing equipment within same product family and design category.
3. Procedure:
1) Evaluate equipment based on design, material of construction, and cleanability.
2) Identify worst-case equipment within group (e.g., largest surface area, hardest-to-clean geometry).
3) Document grouping rationale including risk assessment and product properties.
4) Validate cleaning process on worst-case equipment.
5) Apply validation to grouped equipment with documented justification.
4. Acceptance Criteria: Grouping scientifically justified; worst-case validation successful; QA approval obtained prior to implementation.
5. References: EU Annex 15, PIC/S PI 006"
"QC_SOP_213","1","Title: Cleaning Validation – Analytical Method for Residue Detection
1. Purpose: To define requirements for analytical methods used to detect cleaning residues.
2. Scope: All methods (e.g., HPLC, TOC) used in cleaning validation studies.
3. Procedure:
1) Select method based on residue properties (specific vs non-specific).
2) Validate method for specificity, accuracy, precision, and LOQ in presence of cleaning matrix.
3) Prepare calibration standards and matrix-matched samples.
4) Analyze validation samples and document performance characteristics.
5) Approve method for routine use in cleaning validation.
4. Acceptance Criteria: LOQ ≤ calculated residue limit; recovery 80.0–120.0 %; %RSD ≤ 10.0 % at LOQ.
5. References: ICH Q2(R2), QC_SOP_077"
"QC_SOP_214","1","Title: Cleaning Validation – Cleaning Cycle Parameter Verification
1. Purpose: To verify that defined cleaning parameters consistently achieve required cleanliness levels.
2. Scope: Automated and manual cleaning processes for manufacturing equipment.
3. Procedure:
1) Define critical parameters such as temperature, contact time, detergent concentration, and flow rate.
2) Execute cleaning cycle using defined parameters on worst-case equipment.
3) Monitor and record parameters throughout cleaning cycle.
4) Collect swab/rinse samples post-cleaning.
5) Analyze results and compare with acceptance limits.
4. Acceptance Criteria: All critical parameters within ±10.0 % of set values; residues below established limits in all replicates.
5. References: FDA Cleaning Validation Guidance"
"QC_SOP_215","1","Title: Cleaning Validation – Verification vs Validation Strategy
1. Purpose: To differentiate between routine cleaning verification and initial validation activities.
2. Scope: All cleaning processes in GMP operations.
3. Procedure:
1) Perform full validation for new equipment or products using three consecutive successful runs.
2) For routine operations, perform periodic verification sampling based on risk.
3) Define frequency and locations for verification sampling.
4) Evaluate results against established limits.
5) Document justification for verification strategy.
4. Acceptance Criteria: Validation requires 3/3 successful runs; verification results within limits ≥ 95.0 % of the time.
5. References: EU Annex 15, QC_SOP_205"
"QC_SOP_216","1","Title: Cleaning Validation – Detergent Residue Analysis
1. Purpose: To ensure removal of cleaning agents from equipment surfaces.
2. Scope: All cleaning processes using detergents or solvents.
3. Procedure:
1) Identify marker compound for detergent (e.g., surfactant).
2) Develop and validate analytical method (e.g., TOC or specific assay).
3) Perform swab/rinse sampling post-cleaning.
4) Analyze samples and quantify detergent residue.
5) Compare with established acceptance criteria.
4. Acceptance Criteria: Detergent residue ≤ 10.0 ppm or as justified toxicologically; %RSD ≤ 15.0 %.
5. References: USP <643>, PIC/S PI 006"
"QC_SOP_217","1","Title: Cleaning Validation – Equipment Surface Area Determination
1. Purpose: To calculate total and worst-case surface areas for residue limit conversion.
2. Scope: All equipment included in cleaning validation.
3. Procedure:
1) Obtain engineering drawings and specifications of equipment.
2) Calculate total product-contact surface area.
3) Identify hardest-to-clean locations (e.g., joints, dead legs).
4) Convert MACO to surface area-based limits (µg/cm²).
5) Document calculations and assumptions.
4. Acceptance Criteria: Calculations verified by second reviewer; worst-case area identified and justified.
5. References: PIC/S PI 006, QC_SOP_202"
"QC_SOP_218","1","Title: Cleaning Validation – Cross-Contamination Risk Assessment
1. Purpose: To assess risk of cross-contamination between products during equipment changeover.
2. Scope: Multi-product manufacturing facilities.
3. Procedure:
1) Identify products manufactured on shared equipment.
2) Evaluate toxicity, potency, and solubility of residues.
3) Calculate potential carryover levels.
4) Compare with acceptable exposure limits.
5) Document risk assessment and mitigation measures.
4. Acceptance Criteria: Risk levels within acceptable limits; mitigation strategies implemented for high-risk products.
5. References: EMA Guideline on Shared Facilities"
"QC_SOP_219","1","Title: Cleaning Validation – Verification of Manual Cleaning Techniques
1. Purpose: To ensure manual cleaning procedures are reproducible and effective.
2. Scope: Equipment cleaned manually without automation.
3. Procedure:
1) Train operators on standardized cleaning steps and sequence.
2) Execute manual cleaning on worst-case equipment.
3) Perform swab sampling at predefined locations.
4) Analyze samples for residues.
5) Evaluate variability between operators.
4. Acceptance Criteria: Residues below limits; inter-operator %RSD ≤ 20.0 %; no systematic bias observed.
5. References: EU Annex 15"
"QC_SOP_220","1","Title: Cleaning Validation – Revalidation Triggers and Requirements
1. Purpose: To define conditions requiring revalidation of cleaning processes.
2. Scope: All validated cleaning procedures.
3. Procedure:
1) Identify triggers such as new product introduction, equipment modification, or cleaning agent change.
2) Assess impact of change on cleaning effectiveness.
3) Perform partial or full revalidation as required.
4) Document rationale and validation results.
5) Obtain QA approval before implementation.
4. Acceptance Criteria: Revalidation completed prior to change implementation; results meet original validation criteria.
5. References: ICH Q10, QC_SOP_099"
"QC_SOP_221","1","Title: Cleaning Validation – Documentation of Sampling Locations
1. Purpose: To standardize identification and documentation of sampling sites.
2. Scope: All equipment included in cleaning validation studies.
3. Procedure:
1) Identify worst-case locations based on design and flow patterns.
2) Mark sampling sites on equipment diagrams.
3) Assign unique identifiers to each location.
4) Use consistent sampling areas (e.g., 25 cm²).
5) Record sampling details in validation protocol.
4. Acceptance Criteria: All critical locations sampled; documentation complete and traceable.
5. References: QC_SOP_203"
"QC_SOP_222","1","Title: Cleaning Validation – Visual Residue Detection Aids
1. Purpose: To enhance detection of residues using visual aids such as UV light or dyes.
2. Scope: All equipment cleaning processes.
3. Procedure:
1) Apply fluorescent marker or dye to simulate residue.
2) Perform cleaning procedure.
3) Inspect surfaces under UV light.
4) Identify residual contamination areas.
5) Document findings and improve cleaning procedure.
4. Acceptance Criteria: No detectable fluorescence post-cleaning; method validated for sensitivity.
5. References: EU Annex 15"
"QC_SOP_223","1","Title: Cleaning Validation – Cleaning Process Robustness Assessment
1. Purpose: To evaluate robustness of cleaning process under variable conditions.
2. Scope: All validated cleaning procedures.
3. Procedure:
1) Vary cleaning parameters within defined ranges (e.g., ±10 % detergent concentration).
2) Perform cleaning runs under varied conditions.
3) Collect and analyze residue samples.
4) Compare results with nominal conditions.
5) Document impact of variations.
4. Acceptance Criteria: Residues remain below limits under all tested conditions.
5. References: ICH Q2(R2)"
"QC_SOP_224","1","Title: Cleaning Validation – Equipment Cleanability Study
1. Purpose: To assess ease of cleaning for new equipment designs.
2. Scope: New or modified equipment prior to qualification.
3. Procedure:
1) Simulate product contact and residue deposition.
2) Perform standard cleaning procedure.
3) Evaluate residue removal efficiency.
4) Identify areas of poor cleanability.
5) Recommend design improvements if necessary.
4. Acceptance Criteria: Residue removal ≥ 99.0 %; no inaccessible areas retaining residue.
5. References: EU Annex 15"
"QC_SOP_225","1","Title: Cleaning Validation – Cleaning Logbook Management
1. Purpose: To ensure accurate documentation of cleaning activities.
2. Scope: All equipment cleaning records.
3. Procedure:
1) Record date, time, equipment ID, and cleaning method.
2) Document operator name and signature.
3) Verify completion of cleaning steps.
4) Review logbook entries.
5) Archive records.
4. Acceptance Criteria: No missing entries; entries attributable and legible; reviewed within 24 hours.
5. References: 21 CFR Part 211"
"QC_SOP_226","1","Title: Cleaning Validation – Worst-Case Sampling Location Justification
1. Purpose: To define and justify worst-case sampling locations on equipment for effective residue detection during cleaning validation.
2. Scope: All shared manufacturing equipment subject to cleaning validation.
3. Procedure:
1) Review equipment design drawings to identify areas with limited accessibility, dead legs, or complex geometry.
2) Assess product flow paths and residue accumulation likelihood based on prior manufacturing experience.
3) Rank potential locations using risk factors such as surface roughness, exposure time, and cleaning accessibility.
4) Select representative worst-case locations and document rationale with diagrams.
5) Include selected sites in validation protocol and ensure consistent sampling area (e.g., 25 cm²).
4. Acceptance Criteria: All high-risk areas included; rationale documented and approved by QA; locations consistently sampled across runs.
5. References: PIC/S PI 006, QC_SOP_221"
"QC_SOP_227","1","Title: Cleaning Validation – Rinse Volume Determination and Control
1. Purpose: To establish and control rinse volumes used for residue recovery during cleaning validation.
2. Scope: Equipment cleaned using rinse sampling approaches.
3. Procedure:
1) Determine minimum rinse volume required to contact all product-contact surfaces.
2) Validate rinse efficiency using spiked recovery studies.
3) Standardize rinse volume and flow rate in cleaning procedures.
4) Collect rinse samples using calibrated containers.
5) Record actual volume used and compare to validated value.
4. Acceptance Criteria: Rinse volume within ±5.0 % of validated volume; recovery ≥ 80.0 %; no pooling observed.
5. References: PIC/S PI 006, QC_SOP_204"
"QC_SOP_228","1","Title: Cleaning Validation – Time Between Cleaning and Sampling (Dirty Hold Time)
1. Purpose: To establish maximum allowable time equipment can remain dirty prior to cleaning without impacting cleanability.
2. Scope: All equipment used in batch manufacturing processes.
3. Procedure:
1) Simulate production and allow equipment to remain uncleaned for defined intervals (e.g., 8, 24, 48 hours).
2) Perform validated cleaning procedure at each interval.
3) Collect swab and/or rinse samples at worst-case locations.
4) Analyze for residues using validated method.
5) Compare results across time intervals.
4. Acceptance Criteria: Residue levels remain below limits at maximum defined hold time; no visible hard-to-remove deposits.
5. References: FDA Cleaning Validation Guidance, QC_SOP_208"
"QC_SOP_229","1","Title: Cleaning Validation – Clean Hold Time Study for Microbial Control
1. Purpose: To determine allowable time equipment can remain clean before use without microbial contamination.
2. Scope: Equipment used for non-sterile and sterile product manufacturing.
3. Procedure:
1) Perform validated cleaning and drying of equipment.
2) Store equipment under defined environmental conditions.
3) Sample surfaces at intervals (e.g., 24, 48, 72 hours) using swabs.
4) Perform microbial limit testing on samples.
5) Evaluate growth trends and establish maximum hold time.
4. Acceptance Criteria: Total aerobic microbial count ≤ established limits (e.g., ≤ 10 CFU/25 cm²); no objectionable organisms detected.
5. References: EU Annex 15, USP <61>"
"QC_SOP_230","1","Title: Cleaning Validation – Detergent Contact Time Optimization
1. Purpose: To determine optimal contact time required for cleaning agent effectiveness.
2. Scope: All cleaning processes using chemical detergents.
3. Procedure:
1) Apply detergent to soiled surfaces under controlled conditions.
2) Vary contact time (e.g., 5, 10, 20 minutes).
3) Perform cleaning and collect residue samples.
4) Analyze samples for residual product and detergent.
5) Identify minimum effective contact time.
4. Acceptance Criteria: Residue removal ≥ 99.0 % at defined contact time; detergent residue below acceptance limits.
5. References: EU Annex 15, QC_SOP_214"
"QC_SOP_231","1","Title: Cleaning Validation – Verification of Automated Cleaning Systems (CIP)
1. Purpose: To validate cleaning-in-place (CIP) systems for effectiveness and reproducibility.
2. Scope: All automated cleaning systems used in manufacturing.
3. Procedure:
1) Define CIP cycle parameters including temperature, flow rate, and detergent concentration.
2) Execute three consecutive CIP cycles on worst-case equipment.
3) Collect rinse samples at defined points.
4) Analyze for residues and cleaning agent.
5) Evaluate reproducibility across runs.
4. Acceptance Criteria: All samples below residue limits; cycle parameters within ±10.0 % of set values; reproducible results across runs.
5. References: FDA Cleaning Validation Guidance"
"QC_SOP_232","1","Title: Cleaning Validation – Verification of Equipment Drying Effectiveness
1. Purpose: To ensure adequate drying of equipment after cleaning to prevent microbial growth.
2. Scope: All cleaned equipment prior to reuse.
3. Procedure:
1) Perform cleaning followed by drying step using defined method (e.g., air purge).
2) Measure residual moisture using validated technique (e.g., Karl Fischer).
3) Inspect visually for water accumulation.
4) Document drying time and conditions.
5) Verify dryness prior to storage or use.
4. Acceptance Criteria: Residual moisture ≤ 0.5 % or as justified; no visible water droplets.
5. References: EU Annex 15"
"QC_SOP_233","1","Title: Cleaning Validation – Cleaning Procedure Training and Qualification
1. Purpose: To ensure personnel are adequately trained in cleaning procedures.
2. Scope: All operators performing cleaning activities.
3. Procedure:
1) Provide theoretical training on cleaning principles and SOPs.
2) Conduct supervised practical demonstrations.
3) Evaluate operator performance using test scenarios.
4) Document training completion and competency assessment.
5) Requalify personnel annually.
4. Acceptance Criteria: Training score ≥ 90.0 %; no critical errors during demonstration.
5. References: QC_SOP_042"
"QC_SOP_234","1","Title: Cleaning Validation – Visual Cleanliness Inspection Under Enhanced Lighting
1. Purpose: To improve detection of residues through enhanced visual inspection conditions.
2. Scope: All cleaned equipment surfaces.
3. Procedure:
1) Inspect surfaces under high-intensity white light (≥ 1000 lux).
2) Use mirrors or borescopes for hard-to-see areas.
3) Check for residues, streaks, or discoloration.
4) Document inspection results.
5) Reject equipment if residues detected.
4. Acceptance Criteria: No visible residue under enhanced lighting; inspection documented with date and inspector ID.
5. References: EU Annex 15, QC_SOP_206"
"QC_SOP_235","1","Title: Cleaning Validation – Documentation of Cleaning Failures and Recleaning
1. Purpose: To define handling and documentation of cleaning failures.
2. Scope: All cleaning validation and routine cleaning activities.
3. Procedure:
1) Identify cleaning failure based on visual inspection or analytical results exceeding limits.
2) Document failure in deviation system.
3) Perform recleaning using validated procedure.
4) Resample and analyze surfaces.
5) Close deviation after successful recleaning and investigation.
4. Acceptance Criteria: Recleaning results within limits; root cause identified; CAPA implemented within 30 days.
5. References: QC_SOP_010"
"QC_SOP_236","1","Title: Cleaning Validation – Evaluation of Cleaning Agent Residual Odor
1. Purpose: To assess potential residual odor from cleaning agents that may affect product quality.
2. Scope: Equipment used for products sensitive to odor contamination.
3. Procedure:
1) Perform cleaning using standard procedure.
2) Allow equipment to dry completely.
3) Conduct sensory evaluation by trained personnel.
4) Correlate findings with analytical data if needed.
5) Document results.
4. Acceptance Criteria: No detectable odor; analytical confirmation of detergent residue below limit.
5. References: PIC/S PI 006"
"QC_SOP_237","1","Title: Cleaning Validation – Periodic Review of Cleaning Validation Status
1. Purpose: To ensure continued validity of cleaning validation over time.
2. Scope: All validated cleaning processes.
3. Procedure:
1) Review validation data and routine verification results annually.
2) Assess changes in products, equipment, or procedures.
3) Identify need for revalidation.
4) Document review and conclusions.
5) Obtain QA approval.
4. Acceptance Criteria: Annual review completed within 12 months; revalidation triggered where applicable.
5. References: ICH Q10"
"QC_SOP_238","1","Title: Cleaning Validation – Evaluation of Water Quality for Cleaning
1. Purpose: To ensure water used in cleaning processes meets required quality standards.
2. Scope: All water sources used for cleaning (PW, WFI).
3. Procedure:
1) Sample water from use points.
2) Perform chemical and microbial analysis.
3) Compare results with specifications.
4) Document findings.
5) Investigate deviations.
4. Acceptance Criteria: PW ≤ 100 CFU/mL; TOC ≤ 500 ppb; conductivity within limits.
5. References: USP <1231>"
"QC_SOP_239","1","Title: Cleaning Validation – Cleaning Agent Compatibility with Product Residues
1. Purpose: To verify that cleaning agents effectively remove specific product residues.
2. Scope: All products manufactured on shared equipment.
3. Procedure:
1) Perform solubility testing of product in cleaning agent.
2) Conduct bench-scale cleaning experiments.
3) Evaluate residue removal efficiency.
4) Document compatibility results.
5) Select optimal cleaning agent.
4. Acceptance Criteria: Residue removal ≥ 99.0 %; no adverse reaction between agent and residue.
5. References: FDA Guidance"
"QC_SOP_240","1","Title: Cleaning Validation – Control of Cleaning Materials and Tools
1. Purpose: To ensure cleaning tools do not introduce contamination.
2. Scope: Brushes, cloths, and other cleaning tools.
3. Procedure:
1) Use dedicated or disposable tools where applicable.
2) Clean and sanitize reusable tools.
3) Store tools in controlled environment.
4) Inspect tools before use.
5) Document usage.
4. Acceptance Criteria: Tools free of visible contamination; microbial count ≤ 10 CFU per tool.
5. References: EU Annex 15"
"QC_SOP_241","1","Title: Cleaning Validation – Evaluation of Residue Solubility Limits
1. Purpose: To determine solubility limits of residues for effective cleaning.
2. Scope: All products requiring cleaning validation.
3. Procedure:
1) Perform solubility testing in various solvents.
2) Identify optimal solvent for cleaning.
3) Document solubility profile.
4) Use findings in cleaning procedure design.
5) Validate effectiveness.
4. Acceptance Criteria: Solubility ≥ required threshold for removal; documented justification.
5. References: PIC/S PI 006"
"QC_SOP_242","1","Title: Cleaning Validation – Verification of Cleaning Water Temperature
1. Purpose: To ensure cleaning water temperature is within validated range.
2. Scope: All cleaning processes.
3. Procedure:
1) Measure water temperature during cleaning.
2) Record values.
3) Compare with validated range.
4) Adjust process if needed.
5) Document results.
4. Acceptance Criteria: Temperature within ±5 °C of validated value.
5. References: QC_SOP_214"
"QC_SOP_243","1","Title: Cleaning Validation – Equipment Disassembly Requirements for Cleaning
1. Purpose: To define requirements for equipment disassembly prior to cleaning.
2. Scope: Equipment with complex assemblies.
3. Procedure:
1) Identify parts requiring disassembly.
2) Perform disassembly per SOP.
3) Clean individual components.
4) Reassemble equipment.
5) Verify cleanliness.
4. Acceptance Criteria: All parts accessible for cleaning; no residue detected.
5. References: EU Annex 15"
"QC_SOP_244","1","Title: Cleaning Validation – Validation Protocol Preparation
1. Purpose: To standardize preparation of cleaning validation protocols.
2. Scope: All cleaning validation studies.
3. Procedure:
1) Define scope, equipment, and products.
2) Specify sampling methods and locations.
3) Establish acceptance criteria.
4) Obtain QA approval.
5) Execute protocol.
4. Acceptance Criteria: Protocol approved prior to execution; all parameters defined.
5. References: QC_SOP_210"
"QC_SOP_245","1","Title: Cleaning Validation – Final Report Review and Approval
1. Purpose: To ensure completeness and accuracy of cleaning validation reports.
2. Scope: All completed cleaning validation studies.
3. Procedure:
1) Compile all data and results.
2) Review calculations and conclusions.
3) Verify compliance with protocol.
4) Obtain QA approval.
5) Archive report.
4. Acceptance Criteria: No critical errors; report approved within 30 days.
5. References: QC_SOP_210"
"QC_SOP_246","1","Title: Cleaning Validation – Periodic Cleaning Verification Program
1. Purpose: To define a risk-based program for routine verification of cleaning effectiveness after initial validation.
2. Scope: All equipment with completed cleaning validation used in routine manufacturing.
3. Procedure:
1) Establish verification frequency based on risk (e.g., product potency, campaign length, equipment complexity).
2) Select representative worst-case locations per QC_SOP_221 for swab/rinse sampling.
3) Perform sampling post-cleaning on scheduled batches and analyze using validated methods.
4) Trend results against historical data and alert/action limits.
5) Initiate deviation and CAPA for any results exceeding specifications or adverse trends.
4. Acceptance Criteria: ≥ 95.0 % of results within limits; no two consecutive results exceeding alert limits; investigations completed within 30 days.
5. References: EU Annex 15, QC_SOP_215"
"QC_SOP_247","1","Title: Cleaning Validation – Verification of Rinse Conductivity and TOC
1. Purpose: To ensure final rinse water quality indicates adequate removal of residues and detergents.
2. Scope: Equipment cleaned using aqueous systems with final rinse.
3. Procedure:
1) Collect final rinse samples using defined volume and locations.
2) Measure conductivity and TOC using calibrated instruments.
3) Compare results with baseline water values and validated limits.
4) Document results in batch record.
5) Investigate excursions and repeat rinse if required.
4. Acceptance Criteria: Conductivity within ±10 % of purified water baseline; TOC ≤ 500 ppb or method-specific limit; no increasing trend over three batches.
5. References: USP <643>, USP <645>"
"QC_SOP_248","1","Title: Cleaning Validation – Verification of Cleaning Agent Concentration
1. Purpose: To confirm cleaning solutions are prepared at validated concentrations.
2. Scope: All cleaning processes utilizing chemical detergents.
3. Procedure:
1) Prepare cleaning solution using calibrated volumetric equipment.
2) Measure concentration using validated titration or spectroscopic method.
3) Record concentration prior to use and at defined intervals during cleaning.
4) Compare results to validated range.
5) Adjust or remake solution if out of range.
4. Acceptance Criteria: Concentration within ±10.0 % of validated target; measurements documented for each batch.
5. References: QC_SOP_214"
"QC_SOP_249","1","Title: Cleaning Validation – Control of Cleaning Water Quality Excursions
1. Purpose: To manage and assess impact of water quality excursions during cleaning.
2. Scope: All cleaning operations using PW or WFI.
3. Procedure:
1) Detect excursion via online monitoring or periodic testing (TOC, conductivity, bioburden).
2) Quarantine affected cleaning events and identify impacted equipment.
3) Assess risk to cleaning effectiveness and potential residue carryover.
4) Perform additional verification sampling if required.
5) Document investigation and implement CAPA.
4. Acceptance Criteria: Excursion assessed within 24 hours; additional samples meet residue limits; CAPA effectiveness verified.
5. References: USP <1231>, QC_SOP_238"
"QC_SOP_250","1","Title: Cleaning Validation – Lifecycle Management and Continued Process Verification
1. Purpose: To ensure ongoing control of cleaning processes through lifecycle management.
2. Scope: All validated cleaning processes across facility.
3. Procedure:
1) Maintain state of control through routine verification per QC_SOP_246.
2) Review trends, deviations, and changes quarterly.
3) Update risk assessments and sampling plans based on data.
4) Implement improvements via change control where needed.
5) Document lifecycle reviews and obtain QA approval.
4. Acceptance Criteria: Quarterly review completed; no unresolved adverse trends; changes approved before implementation.
5. References: ICH Q10, EU Annex 15"
"QC_SOP_251","1","Title: Equipment Qualification – User Requirement Specification (URS) Development
1. Purpose: To define user requirements for equipment to ensure it meets intended GMP use.
2. Scope: All new equipment to be qualified for manufacturing or QC.
3. Procedure:
1) Identify process needs, capacity, materials of construction, and regulatory requirements.
2) Define functional, operational, and data integrity requirements.
3) Include calibration, maintenance, and safety needs.
4) Review URS with stakeholders (QC, QA, Engineering).
5) Approve URS prior to procurement.
4. Acceptance Criteria: URS complete, unambiguous, and approved by QA; traceable to design and qualification documents.
5. References: EU Annex 15, GAMP 5"
"QC_SOP_252","1","Title: Equipment Qualification – Design Qualification (DQ)
1. Purpose: To verify that proposed equipment design meets URS and regulatory requirements.
2. Scope: All equipment prior to installation.
3. Procedure:
1) Review vendor design specifications against URS.
2) Evaluate materials, utilities, and control systems.
3) Assess risks and mitigation measures.
4) Document compliance matrix linking URS to design.
5) Approve DQ prior to purchase/installation.
4. Acceptance Criteria: 100 % URS traceability; identified risks mitigated; DQ report approved by QA.
5. References: EU Annex 15, GAMP 5"
"QC_SOP_253","1","Title: Equipment Qualification – Installation Qualification (IQ)
1. Purpose: To verify equipment is installed according to design specifications and manufacturer recommendations.
2. Scope: All new or relocated equipment.
3. Procedure:
1) Verify equipment location, utilities, and connections (power, gases, water).
2) Check components against packing list and drawings.
3) Record equipment identification and calibration status of instruments.
4) Review manuals, certificates, and documentation.
5) Compile IQ report with deviations and resolutions.
4. Acceptance Criteria: All components installed per specification; utilities within required ranges; documentation complete.
5. References: EU Annex 15"
"QC_SOP_254","1","Title: Equipment Qualification – Operational Qualification (OQ)
1. Purpose: To demonstrate equipment operates as intended across defined operating ranges.
2. Scope: All critical process and analytical equipment.
3. Procedure:
1) Define critical operating parameters and acceptance ranges.
2) Execute test scripts covering minimum, nominal, and maximum conditions.
3) Challenge alarms, interlocks, and control functions.
4) Record results and deviations.
5) Summarize OQ outcomes in report.
4. Acceptance Criteria: All functions operate within specified limits; alarms trigger at setpoints; no unresolved critical deviations.
5. References: EU Annex 15, GAMP 5"
"QC_SOP_255","1","Title: Equipment Qualification – Performance Qualification (PQ)
1. Purpose: To confirm equipment performs consistently under routine production conditions.
2. Scope: Equipment used in manufacturing or QC testing.
3. Procedure:
1) Run at least three consecutive batches or test runs under normal conditions.
2) Monitor critical quality attributes and process parameters.
3) Collect and analyze data for consistency.
4) Compare results against predefined acceptance criteria.
5) Document PQ report and obtain QA approval.
4. Acceptance Criteria: 3/3 runs meet all criteria; variability within established limits; no critical deviations.
5. References: EU Annex 15"
"QC_SOP_256","1","Title: Equipment Qualification – Calibration Management
1. Purpose: To ensure measuring instruments maintain accuracy through calibration.
2. Scope: All critical instruments associated with qualified equipment.
3. Procedure:
1) Establish calibration schedule based on risk and manufacturer guidance.
2) Perform calibration using traceable standards.
3) Record as-found and as-left conditions.
4) Adjust instruments if out of tolerance.
5) Maintain calibration records and labels.
4. Acceptance Criteria: Instruments within ± specified tolerance; no overdue calibrations; traceability maintained.
5. References: 21 CFR Part 211"
"QC_SOP_257","1","Title: Equipment Qualification – Preventive Maintenance Program
1. Purpose: To maintain equipment reliability and performance.
2. Scope: All qualified equipment.
3. Procedure:
1) Develop maintenance schedule per manufacturer recommendations.
2) Perform routine inspections, lubrication, and part replacements.
3) Record maintenance activities in logbook.
4) Verify performance post-maintenance.
5) Update maintenance history.
4. Acceptance Criteria: 100 % adherence to schedule; no critical failures due to missed maintenance.
5. References: 21 CFR Part 211"
"QC_SOP_258","1","Title: Equipment Qualification – Change Control for Equipment Modifications
1. Purpose: To manage changes to qualified equipment and assess impact on validated state.
2. Scope: All modifications to equipment, software, or utilities.
3. Procedure:
1) Initiate change request with detailed description.
2) Perform impact and risk assessment.
3) Define requalification requirements (partial/full).
4) Execute required testing and update documentation.
5) Obtain QA approval before release.
4. Acceptance Criteria: Changes approved prior to implementation; requalification meets acceptance criteria; documentation updated.
5. References: ICH Q10, QC_SOP_099"
"QC_SOP_259","1","Title: Equipment Qualification – Data Integrity for Equipment Systems
1. Purpose: To ensure electronic data generated by equipment is reliable and compliant.
2. Scope: All computerized systems associated with equipment (e.g., CDS, PLC).
3. Procedure:
1) Verify user access controls and unique IDs.
2) Enable and review audit trails for critical actions.
3) Validate data backup and recovery procedures.
4) Test electronic signatures where applicable.
5) Document system validation and controls.
4. Acceptance Criteria: Compliance with ALCOA principles; audit trails enabled; successful backup/recovery tests.
5. References: 21 CFR Part 11, GAMP 5"
"QC_SOP_260","1","Title: Equipment Qualification – Deviation Handling During Qualification
1. Purpose: To manage and document deviations encountered during IQ/OQ/PQ activities.
2. Scope: All qualification protocols and reports.
3. Procedure:
1) Record deviation details, including test step and observed result.
2) Assess impact on equipment performance and qualification outcome.
3) Define corrective actions and re-testing if required.
4) Document resolution and justification for acceptance/rejection.
5) Obtain QA approval for closure.
4. Acceptance Criteria: All deviations resolved or justified; no unresolved critical deviations; impact assessed and documented.
5. References: QC_SOP_010"
"QC_SOP_261","1","Title: Equipment Qualification – Utility Qualification (Clean Steam, PW, WFI)
1. Purpose: To qualify critical utilities supplying equipment to ensure consistent quality and compliance with pharmacopeial standards.
2. Scope: Clean steam, purified water (PW), and water for injection (WFI) systems connected to manufacturing and QC equipment.
3. Procedure:
1) Define URS for each utility including flow, pressure, temperature, and quality attributes.
2) Perform IQ to verify installation, piping slopes, materials (e.g., SS316L), and instruments.
3) Execute OQ including alarm checks, flow/pressure ranges, and sanitization cycles.
4) Conduct PQ with routine sampling at use points for chemical (TOC, conductivity) and microbiological quality.
5) Trend data and document qualification report.
4. Acceptance Criteria: WFI endotoxin ≤ 0.25 EU/mL; PW bioburden ≤ 100 CFU/mL; parameters within ±10 % of setpoints; no adverse trends.
5. References: USP <1231>, EU Annex 15"
"QC_SOP_262","1","Title: Equipment Qualification – Temperature Mapping of Ovens and Refrigerators
1. Purpose: To demonstrate uniform temperature distribution in controlled storage equipment.
2. Scope: Ovens, incubators, refrigerators, and freezers used in QC and manufacturing.
3. Procedure:
1) Place calibrated probes at representative locations (corners, center, worst-case).
2) Run empty and loaded mapping for ≥ 24 hours.
3) Record continuous temperature data and analyze min/max and uniformity.
4) Identify hot/cold spots and adjust settings if required.
5) Document mapping report and set operating ranges.
4. Acceptance Criteria: Uniformity within ±2.0 °C (or ±5.0 °C for freezers); no excursions beyond alarm limits during study.
5. References: 21 CFR Part 211, QC_SOP_184"
"QC_SOP_263","1","Title: Equipment Qualification – Compressed Air System Qualification
1. Purpose: To ensure compressed air used in product-contact applications meets particulate, oil, and microbial limits.
2. Scope: All compressed air systems supplying manufacturing equipment.
3. Procedure:
1) Define quality classes per ISO 8573 (particles, oil, water).
2) Perform IQ to verify filtration, dryers, and distribution piping.
3) Execute OQ including pressure/flow challenges and alarm checks.
4) Conduct PQ sampling for particulates, oil content, and microbiological quality at use points.
5) Trend results and approve system for use.
4. Acceptance Criteria: Particle count per ISO class; oil ≤ 0.01 mg/m³; microbial ≤ 1 CFU/1000 L at critical points.
5. References: ISO 8573, EU Annex 1"
"QC_SOP_264","1","Title: Equipment Qualification – Alarm and Interlock Challenge Testing
1. Purpose: To verify functionality of safety alarms and interlocks on equipment.
2. Scope: All critical process and laboratory equipment with alarms/interlocks.
3. Procedure:
1) Identify all alarms and interlocks from design documents.
2) Simulate out-of-range conditions to trigger each alarm.
3) Verify visual/audible alarms and system responses (shutdown/hold).
4) Record setpoints, trigger points, and reset functionality.
5) Document results and deviations.
4. Acceptance Criteria: 100 % alarms/interlocks trigger at defined setpoints (±5 % tolerance); system response as designed.
5. References: EU Annex 15, QC_SOP_254"
"QC_SOP_265","1","Title: Equipment Qualification – Software Configuration Management
1. Purpose: To control configuration of equipment software ensuring validated state is maintained.
2. Scope: PLCs, SCADA, CDS, and embedded software in equipment.
3. Procedure:
1) Define baseline configuration and version control.
2) Restrict access via role-based permissions.
3) Record configuration changes via change control.
4) Perform regression testing after changes.
5) Maintain configuration log and backups.
4. Acceptance Criteria: No unauthorized changes; successful regression testing; complete audit trail available.
5. References: GAMP 5, 21 CFR Part 11"
"QC_SOP_266","1","Title: Equipment Qualification – Spare Parts Management for Critical Components
1. Purpose: To ensure availability and traceability of critical spare parts affecting equipment performance.
2. Scope: Critical components (sensors, pumps, valves) for qualified equipment.
3. Procedure:
1) Identify critical spare parts and define minimum stock levels.
2) Qualify suppliers and verify part specifications.
3) Store parts under controlled conditions.
4) Record part usage and linkage to equipment ID.
5) Requalify equipment function after replacement if required.
4. Acceptance Criteria: No stockouts for critical parts; parts meet specifications; post-replacement checks within acceptance limits.
5. References: 21 CFR Part 211, QC_SOP_258"
"QC_SOP_267","1","Title: Equipment Qualification – Cleaning Verification Post-Maintenance
1. Purpose: To confirm equipment cleanliness after maintenance activities before returning to service.
2. Scope: All equipment opened or serviced during maintenance.
3. Procedure:
1) Perform cleaning per validated procedure following maintenance.
2) Conduct visual inspection under ≥ 1000 lux lighting.
3) Collect swab samples at exposed/internal surfaces.
4) Analyze for residues and, where applicable, microbial contamination.
5) Document results and release equipment.
4. Acceptance Criteria: No visible residue; chemical residues below limits; microbial counts ≤ 10 CFU/25 cm² (or stricter per area).
5. References: EU Annex 15, QC_SOP_206"
"QC_SOP_268","1","Title: Equipment Qualification – Verification of Utility Failover Systems
1. Purpose: To ensure backup utilities (e.g., power, chilled water) maintain equipment operation during failures.
2. Scope: Equipment connected to redundant or backup utilities.
3. Procedure:
1) Simulate primary utility failure (e.g., power cutover to UPS/generator).
2) Verify seamless transfer and equipment operation continuity.
3) Monitor critical parameters during transition.
4) Record downtime, if any, and system recovery.
5) Document test results and corrective actions.
4. Acceptance Criteria: No loss of critical function; transfer time within validated limits (e.g., ≤ 10 seconds); parameters remain within ranges.
5. References: EU Annex 15"
"QC_SOP_269","1","Title: Equipment Qualification – Qualification of Weighing Balances
1. Purpose: To ensure balances used for GMP weighing are accurate and suitable.
2. Scope: Analytical and top-loading balances in QC and production.
3. Procedure:
1) Perform IQ for installation and leveling.
2) Execute OQ with calibration weights across range.
3) Conduct PQ using routine weighing scenarios.
4) Implement daily verification checks with standard weights.
5) Maintain calibration records and logs.
4. Acceptance Criteria: Accuracy within ±0.1 % (analytical) or per spec; repeatability %RSD ≤ 0.2 %; daily checks within tolerance.
5. References: USP <41>, QC_SOP_256"
"QC_SOP_270","1","Title: Equipment Qualification – Qualification of pH Meters
1. Purpose: To verify accuracy and reliability of pH meters used in QC testing.
2. Scope: All pH meters in laboratory environments.
3. Procedure:
1) Perform installation checks and electrode inspection.
2) Calibrate using at least two buffers bracketing sample pH.
3) Verify slope and offset values.
4) Conduct precision checks with replicate measurements.
5) Document results and maintain logs.
4. Acceptance Criteria: Slope 95–105 %; offset within ±30 mV; replicate %RSD ≤ 1.0 %.
5. References: USP <791>, QC_SOP_256"
"QC_SOP_271","1","Title: Equipment Qualification – Qualification of HPLC Systems
1. Purpose: To ensure HPLC systems perform reliably for analytical testing.
2. Scope: All HPLC/UHPLC systems in QC.
3. Procedure:
1) Perform IQ to verify modules (pump, autosampler, detector) installation.
2) Execute OQ including flow accuracy, gradient proportioning, wavelength accuracy.
3) Conduct system suitability tests (e.g., resolution, tailing).
4) Perform PQ with routine methods and samples.
5) Document qualification reports.
4. Acceptance Criteria: Flow accuracy ±2.0 %; wavelength accuracy ±2 nm; system suitability per method (e.g., resolution ≥ 2.0, %RSD ≤ 2.0 %).
5. References: USP <621>, QC_SOP_079"
"QC_SOP_272","1","Title: Equipment Qualification – Qualification of Autoclaves (Sterilizers)
1. Purpose: To validate sterilization performance of autoclaves used for media and equipment.
2. Scope: All steam sterilizers in QC and manufacturing.
3. Procedure:
1) Perform IQ for installation and utilities.
2) Execute OQ including temperature/pressure mapping and control tests.
3) Conduct PQ using biological indicators (e.g., Geobacillus stearothermophilus).
4) Verify load configurations and cycle parameters.
5) Document results and approve cycles.
4. Acceptance Criteria: F0 ≥ 12 minutes (or validated value); complete BI kill; temperature uniformity within ±1.0 °C during exposure.
5. References: EU Annex 1, ISO 17665"
"QC_SOP_273","1","Title: Equipment Qualification – Qualification of Incubators for Microbiology
1. Purpose: To ensure incubators maintain required conditions for microbial growth.
2. Scope: All incubators used for EM and microbiological testing.
3. Procedure:
1) Perform temperature mapping at 20–25 °C and 30–35 °C setpoints.
2) Verify alarm setpoints and recovery times.
3) Test door-opening impact and stabilization.
4) Conduct PQ with growth promotion tests.
5) Document qualification.
4. Acceptance Criteria: Temperature uniformity ±2.0 °C; recovery ≤ 15 minutes; growth promotion meets USP criteria.
5. References: USP <71>, QC_SOP_184"
"QC_SOP_274","1","Title: Equipment Qualification – Qualification of Refrigerated Centrifuges
1. Purpose: To verify performance of centrifuges including temperature control and RPM accuracy.
2. Scope: All centrifuges used in sample preparation.
3. Procedure:
1) Verify installation and rotor compatibility.
2) Measure RPM accuracy using tachometer.
3) Validate temperature control across range.
4) Perform load tests with representative samples.
5) Document results.
4. Acceptance Criteria: RPM accuracy ±5 %; temperature ±2.0 °C; no excessive vibration or imbalance.
5. References: 21 CFR Part 211"
"QC_SOP_275","1","Title: Equipment Qualification – Qualification of TOC Analyzers
1. Purpose: To ensure TOC analyzers provide accurate measurement for water quality and cleaning validation.
2. Scope: All TOC analyzers in QC.
3. Procedure:
1) Perform installation checks and reagent verification.
2) Calibrate using certified standards across range.
3) Verify system suitability and precision.
4) Conduct recovery tests with spiked samples.
5) Document qualification.
4. Acceptance Criteria: Accuracy within ±5 %; precision %RSD ≤ 5.0 %; recovery 90–110 %.
5. References: USP <643>"
"QC_SOP_276","1","Title: Equipment Qualification – Qualification of Spectrophotometers (UV-Vis)
1. Purpose: To ensure UV-Vis spectrophotometers provide accurate and reliable absorbance and wavelength measurements for QC analysis.
2. Scope: All UV-Vis spectrophotometers used in analytical testing.
3. Procedure:
1) Perform IQ to verify installation, power supply, and documentation.
2) Execute OQ including wavelength accuracy using holmium oxide filter and photometric accuracy using certified standards.
3) Assess baseline noise and stray light using appropriate reference materials.
4) Conduct PQ with routine sample analyses and replicate measurements.
5) Document qualification results and maintain calibration records.
4. Acceptance Criteria: Wavelength accuracy ±1 nm; photometric accuracy ±0.005 AU; %RSD ≤ 1.0 % for replicate readings.
5. References: USP <857>, QC_SOP_256"
"QC_SOP_277","1","Title: Equipment Qualification – Qualification of Dissolution Apparatus
1. Purpose: To verify performance of dissolution testing equipment used for solid dosage forms.
2. Scope: All USP Apparatus 1 and 2 dissolution systems.
3. Procedure:
1) Perform mechanical calibration including shaft alignment, basket/paddle dimensions, and rotation speed.
2) Conduct temperature mapping of dissolution medium.
3) Execute performance verification test (PVT) using USP reference tablets.
4) Record dissolution profiles and compare with acceptance ranges.
5) Document qualification and approve for routine use.
4. Acceptance Criteria: RPM accuracy ±4 %; temperature 37.0 ± 0.5 °C; PVT results within USP acceptance ranges.
5. References: USP <711>, USP <1058>"
"QC_SOP_278","1","Title: Equipment Qualification – Qualification of Karl Fischer Titrators
1. Purpose: To ensure accurate determination of water content using Karl Fischer titration.
2. Scope: All volumetric and coulometric KF titrators.
3. Procedure:
1) Verify installation and reagent compatibility.
2) Calibrate using certified water standards.
3) Perform system suitability tests including drift determination.
4) Analyze replicate samples for precision assessment.
5) Document results and approve system.
4. Acceptance Criteria: Accuracy within ±3.0 % of standard; drift ≤ 10 µg/min; %RSD ≤ 3.0 %.
5. References: USP <921>, QC_SOP_256"
"QC_SOP_279","1","Title: Equipment Qualification – Qualification of Gas Chromatography Systems
1. Purpose: To verify performance of GC systems for volatile compound analysis.
2. Scope: All GC instruments in QC laboratories.
3. Procedure:
1) Perform IQ to confirm installation and gas connections.
2) Execute OQ including oven temperature accuracy, flow rate, and detector response.
3) Conduct system suitability tests with standard mixtures.
4) Perform PQ using routine samples.
5) Document results and approve system.
4. Acceptance Criteria: Temperature accuracy ±2 °C; flow rate ±5 %; resolution ≥ 1.5; %RSD ≤ 2.0 %.
5. References: USP <621>, QC_SOP_079"
"QC_SOP_280","1","Title: Equipment Qualification – Qualification of Particle Counters
1. Purpose: To ensure accuracy of non-viable particle monitoring instruments.
2. Scope: All particle counters used in cleanroom monitoring.
3. Procedure:
1) Verify installation and calibration status.
2) Perform flow rate verification.
3) Test counting efficiency using calibration aerosols.
4) Conduct zero count test with HEPA-filtered air.
5) Document results.
4. Acceptance Criteria: Flow rate ±5 %; counting efficiency ≥ 50 % at 0.5 µm; zero count ≤ 1 particle.
5. References: ISO 14644-3"
"QC_SOP_281","1","Title: Equipment Qualification – Qualification of Autoclave Load Configurations
1. Purpose: To validate sterilization effectiveness for different load types.
2. Scope: All load configurations used in autoclaves.
3. Procedure:
1) Define worst-case load patterns.
2) Place biological indicators and temperature probes within load.
3) Run sterilization cycle.
4) Analyze BI results and temperature data.
5) Document qualification.
4. Acceptance Criteria: Complete BI kill; temperature uniformity ±1.0 °C; F0 achieved.
5. References: ISO 17665, EU Annex 1"
"QC_SOP_282","1","Title: Equipment Qualification – Qualification of Laminar Airflow Cabinets
1. Purpose: To verify performance of laminar airflow hoods used for aseptic operations.
2. Scope: All ISO 5 laminar airflow cabinets.
3. Procedure:
1) Perform airflow velocity measurements across working area.
2) Conduct HEPA filter integrity testing.
3) Execute smoke studies to confirm unidirectional flow.
4) Perform viable and non-viable monitoring.
5) Document results.
4. Acceptance Criteria: Air velocity 0.36–0.54 m/s; HEPA integrity ≤ 0.01 % leakage; ISO 5 particle limits met.
5. References: EU Annex 1, ISO 14644"
"QC_SOP_283","1","Title: Equipment Qualification – Qualification of Refrigerators for Sample Storage
1. Purpose: To ensure stable storage conditions for temperature-sensitive samples.
2. Scope: All refrigerators used for QC sample storage.
3. Procedure:
1) Perform temperature mapping with calibrated probes.
2) Monitor temperature continuously for ≥ 24 hours.
3) Verify alarm functionality.
4) Assess recovery after door opening.
5) Document results.
4. Acceptance Criteria: Temperature 2–8 °C; uniformity ±2 °C; alarm triggered at defined limits.
5. References: 21 CFR Part 211"
"QC_SOP_284","1","Title: Equipment Qualification – Qualification of Freezers (-20 °C / -80 °C)
1. Purpose: To verify performance of freezers used for sample and reagent storage.
2. Scope: All laboratory freezers.
3. Procedure:
1) Perform temperature mapping across storage space.
2) Verify setpoint accuracy and stability.
3) Test alarm and backup systems.
4) Assess recovery after simulated door opening.
5) Document results.
4. Acceptance Criteria: Temperature within ±5 °C of setpoint; no prolonged excursions; alarms functional.
5. References: QC_SOP_262"
"QC_SOP_285","1","Title: Equipment Qualification – Qualification of Mixing Equipment
1. Purpose: To ensure mixing equipment achieves uniform blending of materials.
2. Scope: All mixers used in manufacturing.
3. Procedure:
1) Verify installation and mechanical integrity.
2) Define mixing parameters (speed, time).
3) Conduct mixing trials with tracer or dye.
4) Sample at multiple locations.
5) Analyze uniformity.
4. Acceptance Criteria: Content uniformity %RSD ≤ 5.0 %; no segregation observed.
5. References: EU Annex 15"
"QC_SOP_286","1","Title: Equipment Qualification – Qualification of Pumps and Flow Systems
1. Purpose: To ensure accurate flow delivery in process equipment.
2. Scope: All pumps used in manufacturing.
3. Procedure:
1) Verify installation and connections.
2) Measure flow rate at various settings.
3) Compare with setpoints.
4) Assess repeatability.
5) Document results.
4. Acceptance Criteria: Flow rate accuracy ±5 %; repeatability %RSD ≤ 3.0 %.
5. References: QC_SOP_254"
"QC_SOP_287","1","Title: Equipment Qualification – Qualification of Pressure Gauges and Sensors
1. Purpose: To ensure accurate pressure measurement.
2. Scope: All pressure sensors in equipment.
3. Procedure:
1) Calibrate using traceable standards.
2) Verify readings at multiple points.
3) Compare with reference values.
4) Document results.
5) Label calibration status.
4. Acceptance Criteria: Accuracy within ±2.0 % of full scale; calibration traceable.
5. References: QC_SOP_256"
"QC_SOP_288","1","Title: Equipment Qualification – Qualification of Temperature Sensors (RTD/Thermocouples)
1. Purpose: To ensure accurate temperature measurement.
2. Scope: All temperature sensors.
3. Procedure:
1) Calibrate against certified reference thermometer.
2) Verify readings across operating range.
3) Record deviations.
4) Adjust or replace if necessary.
5) Document results.
4. Acceptance Criteria: Accuracy ±1.0 °C; calibration traceable.
5. References: QC_SOP_256"
"QC_SOP_289","1","Title: Equipment Qualification – Qualification of Analytical Balances (Routine Checks)
1. Purpose: To ensure continued accuracy of balances through routine checks.
2. Scope: All balances.
3. Procedure:
1) Perform daily check with standard weights.
2) Record results.
3) Compare with tolerance.
4) Investigate deviations.
5) Document.
4. Acceptance Criteria: Within ±0.1 %; no drift over time.
5. References: USP <41>"
"QC_SOP_290","1","Title: Equipment Qualification – Qualification Report Compilation and Approval
1. Purpose: To standardize reporting of qualification activities.
2. Scope: All IQ/OQ/PQ studies.
3. Procedure:
1) Compile data and results.
2) Review against acceptance criteria.
3) Document deviations and resolutions.
4) Prepare final report.
5) Obtain QA approval.
4. Acceptance Criteria: Complete documentation; no unresolved critical issues.
5. References: EU Annex 15"
"QC_SOP_291","1","Title: Equipment Qualification – Qualification of Centrifugal Pumps for CIP Systems
1. Purpose: To verify that centrifugal pumps used in cleaning-in-place (CIP) systems deliver required flow and pressure for effective cleaning.
2. Scope: All centrifugal pumps integrated into CIP loops.
3. Procedure:
1) Perform IQ to confirm installation, alignment, and material compatibility (e.g., SS316L).
2) Measure flow rate and discharge pressure across operating range using calibrated meters.
3) Execute OQ by challenging minimum/nominal/maximum setpoints and recording stability.
4) Conduct PQ during actual CIP cycles, verifying coverage and turbulence at spray devices.
5) Document performance data and compare against validated cleaning parameters.
4. Acceptance Criteria: Flow and pressure within ±5 % of setpoints; stable operation without cavitation; CIP coverage confirmed visually or via riboflavin test.
5. References: EU Annex 15, QC_SOP_231"
"QC_SOP_292","1","Title: Equipment Qualification – Qualification of Spray Devices (Rotary Spray Balls)
1. Purpose: To ensure spray devices provide adequate surface coverage for effective cleaning.
2. Scope: Fixed and rotary spray devices in tanks and vessels.
3. Procedure:
1) Install spray devices per design and verify orientation.
2) Perform riboflavin coverage test under defined flow and pressure.
3) Inspect internal surfaces under UV light for unwashed areas.
4) Adjust parameters (flow/pressure/rotation) as needed.
5) Document coverage maps and finalize operating conditions.
4. Acceptance Criteria: 100 % wetted surface coverage; no shadow areas; parameters within validated ranges.
5. References: ISPE Baseline Guide, QC_SOP_214"
"QC_SOP_293","1","Title: Equipment Qualification – Qualification of Mixing Tank Baffles and Agitators
1. Purpose: To confirm baffle and agitator configuration achieves required mixing performance.
2. Scope: All mixing vessels used in manufacturing.
3. Procedure:
1) Verify installation and dimensions of baffles and impellers against drawings.
2) Conduct mixing studies using tracer dye or conductivity probes.
3) Measure mixing time to homogeneity at various speeds.
4) Evaluate vortex formation and air entrainment.
5) Document optimal operating parameters.
4. Acceptance Criteria: Homogeneity achieved within defined time; content uniformity %RSD ≤ 5.0 %; no excessive vortexing.
5. References: EU Annex 15"
"QC_SOP_294","1","Title: Equipment Qualification – Qualification of Load Cells and Weighing Modules
1. Purpose: To ensure accuracy and linearity of load cells used in process weighing.
2. Scope: Load cells integrated in tanks, hoppers, and dispensing systems.
3. Procedure:
1) Calibrate using certified weights across operating range.
2) Check linearity at multiple points (e.g., 20 %, 50 %, 100 %).
3) Evaluate repeatability with replicate measurements.
4) Verify zero stability and drift over time.
5) Document calibration and qualification results.
4. Acceptance Criteria: Accuracy within ±0.5 % of reading; linearity R² ≥ 0.999; repeatability %RSD ≤ 0.5 %.
5. References: 21 CFR Part 211, QC_SOP_256"
"QC_SOP_295","1","Title: Equipment Qualification – Qualification of Temperature-Controlled Reactors
1. Purpose: To verify reactors maintain and control temperature profiles during processing.
2. Scope: Jacketed vessels and reactors with temperature control systems.
3. Procedure:
1) Verify installation of temperature sensors and control loops.
2) Perform OQ by ramping temperatures across operating range.
3) Assess control accuracy and overshoot during setpoint changes.
4) Conduct PQ with representative process conditions.
5) Document temperature profiles and control performance.
4. Acceptance Criteria: Control accuracy ±1.0 °C; overshoot ≤ 2.0 °C; stable hold within ±1.0 °C during process.
5. References: EU Annex 15"
"QC_SOP_296","1","Title: Equipment Qualification – Qualification of Vacuum Systems
1. Purpose: To ensure vacuum systems achieve and maintain required pressure levels.
2. Scope: Vacuum pumps and systems used in drying and filtration.
3. Procedure:
1) Verify installation and leak tightness of system.
2) Measure vacuum level at multiple points.
3) Perform leak test using pressure decay.
4) Evaluate recovery time to target vacuum.
5) Document results.
4. Acceptance Criteria: Vacuum level within ±10 % of setpoint; leak rate ≤ validated threshold; recovery time within specification.
5. References: EU Annex 15"
"QC_SOP_297","1","Title: Equipment Qualification – Qualification of Filter Integrity Testers
1. Purpose: To verify accuracy of instruments used for filter integrity testing (e.g., bubble point, diffusion).
2. Scope: All integrity testers used in sterile filtration.
3. Procedure:
1) Calibrate pressure sensors using traceable standards.
2) Verify measurement accuracy with calibrated filters.
3) Perform repeatability tests.
4) Document instrument performance.
5) Approve for use.
4. Acceptance Criteria: Pressure accuracy ±2 %; repeatability %RSD ≤ 3.0 %; results consistent with manufacturer specifications.
5. References: EU Annex 1, QC_SOP_030"
"QC_SOP_298","1","Title: Equipment Qualification – Qualification of Clean Steam Generators
1. Purpose: To ensure clean steam generators produce steam meeting microbiological and chemical requirements.
2. Scope: All clean steam systems used for sterilization.
3. Procedure:
1) Verify installation and materials of construction.
2) Test steam quality (dryness fraction, non-condensable gases).
3) Perform microbial and endotoxin testing of condensate.
4) Monitor operating parameters.
5) Document qualification.
4. Acceptance Criteria: Endotoxin ≤ 0.25 EU/mL; dryness fraction ≥ 0.95; non-condensable gases ≤ 3.5 %.
5. References: EN 285, EU Annex 1"
"QC_SOP_299","1","Title: Equipment Qualification – Qualification of HVAC System Pressure Differentials
1. Purpose: To verify pressure cascades between cleanroom areas to prevent contamination.
2. Scope: All HVAC systems in classified areas.
3. Procedure:
1) Measure pressure differentials between adjacent rooms.
2) Verify direction of airflow (higher to lower classification).
3) Record readings under at-rest and dynamic conditions.
4) Adjust dampers if needed.
5) Document results.
4. Acceptance Criteria: Pressure differential ≥ 10–15 Pa between zones; airflow direction maintained.
5. References: EU Annex 1"
"QC_SOP_300","1","Title: Equipment Qualification – Equipment Decommissioning and Dequalification
1. Purpose: To define controlled process for removing equipment from service while maintaining data integrity.
2. Scope: All equipment reaching end of lifecycle or replaced.
3. Procedure:
1) Initiate change control for decommissioning.
2) Archive all qualification, calibration, and maintenance records.
3) Remove equipment from validated systems and inventory.
4) Clean and dispose or repurpose equipment per SOP.
5) Document dequalification report.
4. Acceptance Criteria: All records archived; equipment status updated; no residual GMP impact.
5. References: ICH Q10, QC_SOP_258"
"QC_SOP_301","1","Title: Raw Material Testing – Sampling of Incoming Raw Materials
1. Purpose: To define representative sampling of raw materials upon receipt.
2. Scope: All incoming raw materials and components.
3. Procedure:
1) Verify material identity and integrity upon receipt.
2) Sample using appropriate tools under controlled conditions.
3) Follow sampling plan based on lot size (e.g., ANSI/ASQ Z1.4).
4) Label samples and record details.
5) Transfer to QC for testing.
4. Acceptance Criteria: Sampling per approved plan; no contamination introduced; full traceability.
5. References: 21 CFR Part 211"
"QC_SOP_302","1","Title: Raw Material Testing – Identity Testing by FTIR
1. Purpose: To confirm identity of raw materials using FTIR spectroscopy.
2. Scope: All materials requiring spectroscopic identification.
3. Procedure:
1) Prepare sample per method.
2) Acquire FTIR spectrum.
3) Compare with reference library spectrum.
4) Evaluate match factor.
5) Document results.
4. Acceptance Criteria: Match factor ≥ 0.95; no unexpected peaks.
5. References: USP <197>"
"QC_SOP_303","1","Title: Raw Material Testing – Assay Testing by HPLC
1. Purpose: To quantify active components in raw materials.
2. Scope: APIs and critical excipients.
3. Procedure:
1) Prepare sample solution.
2) Inject into HPLC system.
3) Record chromatogram.
4) Calculate assay.
5) Compare with specification.
4. Acceptance Criteria: Assay within 98.0–102.0 %.
5. References: USP <621>"
"QC_SOP_304","1","Title: Raw Material Testing – Moisture Content Determination
1. Purpose: To measure moisture content in raw materials.
2. Scope: Hygroscopic materials.
3. Procedure:
1) Prepare sample.
2) Analyze using Karl Fischer titration.
3) Record results.
4) Compare with limits.
5) Document.
4. Acceptance Criteria: Moisture within specified range (e.g., ≤ 2.0 %).
5. References: USP <921>"
"QC_SOP_305","1","Title: Raw Material Testing – Microbial Limit Testing
1. Purpose: To assess microbial contamination of raw materials.
2. Scope: Non-sterile materials.
3. Procedure:
1) Prepare sample.
2) Perform TAMC and TYMC testing.
3) Incubate plates.
4) Count colonies.
5) Record results.
4. Acceptance Criteria: TAMC ≤ 1000 CFU/g; TYMC ≤ 100 CFU/g.
5. References: USP <61>"
"QC_SOP_306","1","Title: Raw Material Testing – Impurity Profiling by HPLC
1. Purpose: To identify and quantify related impurities in raw materials to ensure compliance with ICH Q3A/B requirements.
2. Scope: Active pharmaceutical ingredients and critical excipients with defined impurity specifications.
3. Procedure:
1) Prepare sample and system suitability solutions per validated method.
2) Set HPLC conditions (column, mobile phase, gradient, wavelength) as per method.
3) Inject blank, standards, and samples; verify system suitability (resolution, tailing, %RSD).
4) Integrate peaks using validated parameters and identify impurities by relative retention time.
5) Calculate individual and total impurities and document results.
4. Acceptance Criteria: Resolution between critical pairs ≥ 2.0; %RSD of standard ≤ 2.0 %; each impurity and total impurities within specification limits (e.g., individual ≤ 0.5 %, total ≤ 2.0 %).
5. References: ICH Q3A, USP <621>"
"QC_SOP_307","1","Title: Raw Material Testing – Residual Solvent Analysis by GC
1. Purpose: To quantify residual solvents in raw materials in accordance with ICH Q3C limits.
2. Scope: APIs and excipients potentially containing organic solvents.
3. Procedure:
1) Prepare headspace or direct injection samples using validated diluent.
2) Configure GC with appropriate column and detector (e.g., FID).
3) Perform system suitability with mixed solvent standards.
4) Inject standards and samples; record chromatograms.
5) Quantify solvents using calibration curve and report results.
4. Acceptance Criteria: Correlation coefficient (R²) ≥ 0.995; %RSD of standards ≤ 5.0 %; each solvent below class-specific limits per ICH Q3C.
5. References: ICH Q3C, USP <467>"
"QC_SOP_308","1","Title: Raw Material Testing – Particle Size Distribution by Laser Diffraction
1. Purpose: To determine particle size distribution for materials where size impacts performance.
2. Scope: Powders and granules used in manufacturing.
3. Procedure:
1) Disperse sample in appropriate medium or dry dispersion unit.
2) Set instrument parameters (refractive index, obscuration range).
3) Run background measurement and verify stability.
4) Analyze sample in triplicate and record D10, D50, D90 values.
5) Document results and compare with specification.
4. Acceptance Criteria: Replicate %RSD ≤ 5.0 % for D50; results within specified ranges (e.g., D50 = 50–80 µm).
5. References: ISO 13320"
"QC_SOP_309","1","Title: Raw Material Testing – pH Measurement of Aqueous Materials
1. Purpose: To measure pH of aqueous raw materials to ensure consistency and compatibility.
2. Scope: Liquids and solutions requiring pH specification.
3. Procedure:
1) Calibrate pH meter using at least two buffers bracketing expected pH.
2) Prepare sample (dilution if required) and equilibrate to room temperature.
3) Immerse electrode, allow stabilization, and record reading.
4) Rinse electrode between samples.
5) Document results.
4. Acceptance Criteria: pH within specified range (e.g., 5.0–7.0); slope 95–105 %; replicate difference ≤ 0.1 pH units.
5. References: USP <791>"
"QC_SOP_310","1","Title: Raw Material Testing – Loss on Drying (LOD)
1. Purpose: To determine moisture and volatile content by gravimetric analysis.
2. Scope: Raw materials where LOD is specified.
3. Procedure:
1) Weigh sample accurately in tared dish.
2) Dry in oven at specified temperature (e.g., 105 °C) for defined time.
3) Cool in desiccator and reweigh.
4) Calculate percentage loss on drying.
5) Record and compare with limits.
4. Acceptance Criteria: LOD within specification (e.g., ≤ 2.0 %); duplicate results within ±0.2 % absolute.
5. References: USP <731>"
"QC_SOP_311","1","Title: Raw Material Testing – Heavy Metals Determination by ICP-MS
1. Purpose: To quantify elemental impurities to meet ICH Q3D requirements.
2. Scope: Raw materials with potential for metal contamination.
3. Procedure:
1) Digest samples using validated acid digestion method.
2) Prepare calibration standards and blanks.
3) Run ICP-MS analysis with appropriate isotopes.
4) Verify system suitability and drift.
5) Calculate concentrations and report.
4. Acceptance Criteria: Calibration R² ≥ 0.999; recovery 80.0–120.0 %; each element below permitted daily exposure limits.
5. References: ICH Q3D, USP <233>"
"QC_SOP_312","1","Title: Raw Material Testing – Specific Optical Rotation
1. Purpose: To determine optical rotation for chiral substances.
2. Scope: APIs with optical activity specifications.
3. Procedure:
1) Prepare solution at specified concentration and solvent.
2) Calibrate polarimeter using standard.
3) Measure rotation at defined wavelength and temperature.
4) Calculate specific rotation.
5) Document results.
4. Acceptance Criteria: Within specified range (e.g., +20.0° to +25.0°); temperature controlled ±0.5 °C.
5. References: USP <781>"
"QC_SOP_313","1","Title: Raw Material Testing – Melting Point Determination
1. Purpose: To verify identity and purity via melting point analysis.
2. Scope: Solid raw materials with defined melting ranges.
3. Procedure:
1) Prepare finely powdered sample.
2) Load capillary tube and place in melting point apparatus.
3) Heat at controlled rate (e.g., 1–2 °C/min near expected range).
4) Record onset and completion temperatures.
5) Document results.
4. Acceptance Criteria: Melting range within specified limits (e.g., 120–125 °C); replicate variation ≤ 1.0 °C.
5. References: USP <741>"
"QC_SOP_314","1","Title: Raw Material Testing – Bulk Density and Tapped Density
1. Purpose: To assess flow properties of powders.
2. Scope: Solid raw materials used in solid dosage forms.
3. Procedure:
1) Weigh known mass of sample and transfer to graduated cylinder.
2) Measure initial (bulk) volume.
3) Tap cylinder for defined number of taps and record tapped volume.
4) Calculate bulk and tapped densities and Carr's index.
5) Document results.
4. Acceptance Criteria: Carr's index within specification (e.g., ≤ 20 %); replicate %RSD ≤ 5.0 %.
5. References: USP <616>"
"QC_SOP_315","1","Title: Raw Material Testing – Microbial Pathogen Testing
1. Purpose: To detect specified pathogens in raw materials.
2. Scope: Materials requiring absence of pathogens (e.g., E. coli, Salmonella).
3. Procedure:
1) Enrich samples in selective media.
2) Perform selective plating and incubation.
3) Confirm presumptive colonies using biochemical/rapid methods.
4) Record presence/absence.
5) Document results.
4. Acceptance Criteria: Absence of specified pathogens in defined sample size (e.g., 10 g).
5. References: USP <62>"
"QC_SOP_316","1","Title: Raw Material Testing – Identity by Wet Chemical Tests
1. Purpose: To confirm identity using classical chemical reactions.
2. Scope: Materials with compendial identification tests.
3. Procedure:
1) Prepare reagents per method.
2) Perform reaction with sample.
3) Observe color change, precipitate, or gas evolution.
4) Compare with reference standard.
5) Document observations.
4. Acceptance Criteria: Positive reaction consistent with reference; no conflicting results.
5. References: USP General Chapters"
"QC_SOP_317","1","Title: Raw Material Testing – Packaging and Label Verification
1. Purpose: To ensure incoming materials are correctly labeled and packaged.
2. Scope: All received raw materials.
3. Procedure:
1) Verify supplier label, lot number, and COA.
2) Check packaging integrity.
3) Compare with purchase specifications.
4) Record inspection.
5) Approve or reject.
4. Acceptance Criteria: No labeling discrepancies; packaging intact; documentation complete.
5. References: 21 CFR Part 211"
"QC_SOP_318","1","Title: Raw Material Testing – Retest Period Assignment
1. Purpose: To assign retest periods based on stability data.
2. Scope: APIs and excipients.
3. Procedure:
1) Review stability data.
2) Evaluate degradation trends.
3) Assign retest period.
4) Document justification.
5) Approve.
4. Acceptance Criteria: Retest period scientifically justified; no significant degradation observed.
5. References: ICH Q1A"
"QC_SOP_319","1","Title: Raw Material Testing – Certificate of Analysis (CoA) Verification
1. Purpose: To verify supplier CoA accuracy against internal testing.
2. Scope: All incoming materials.
3. Procedure:
1) Compare supplier results with internal QC testing.
2) Evaluate discrepancies.
3) Approve or reject batch.
4) Document review.
5) Archive CoA.
4. Acceptance Criteria: Results within ±2.0 % of internal testing; no critical discrepancies.
5. References: 21 CFR Part 211"
"QC_SOP_320","1","Title: Raw Material Testing – Sampling Tool Cleaning and Control
1. Purpose: To prevent cross-contamination during sampling.
2. Scope: All sampling tools.
3. Procedure:
1) Clean tools before use.
2) Verify cleanliness.
3) Store properly.
4) Document usage.
5) Inspect before sampling.
4. Acceptance Criteria: No visible residue; microbial count ≤ 10 CFU/tool.
5. References: QC_SOP_240"
"QC_SOP_321","1","Title: Raw Material Testing – Sampling Plan Using Risk-Based Stratification
1. Purpose: To establish a statistically and risk-based sampling plan for incoming raw materials ensuring representativeness and compliance.
2. Scope: All incoming lots of APIs and excipients stored in multiple containers.
3. Procedure:
1) Classify materials by risk (e.g., criticality, supplier history, homogeneity) and assign sampling level.
2) Determine number of containers to sample using ANSI/ASQ Z1.4 or square-root-n+1 rule, as justified.
3) Use cleaned, dedicated sampling tools and perform sampling in controlled area.
4) Combine increments to form composite and retain samples; label with full traceability.
5) Document deviations, if any, and link to QC_SOP_010 for investigation.
4. Acceptance Criteria: Sampling plan approved; containers sampled per plan (±0); full traceability maintained; no evidence of cross-contamination.
5. References: 21 CFR Part 211, QC_SOP_301"
"QC_SOP_322","1","Title: Raw Material Testing – Near-Infrared (NIR) Rapid Identity Testing
1. Purpose: To rapidly confirm identity of raw materials using NIR spectroscopy with chemometric models.
2. Scope: Materials qualified for NIR ID under an approved model.
3. Procedure:
1) Verify instrument calibration and model validity status.
2) Scan sample through container or via sample cup per method.
3) Acquire spectrum and compare with validated library using model.
4) Review match score and residuals; flag outliers.
5) Record results and perform periodic cross-check with compendial method.
4. Acceptance Criteria: Model match score ≥ 0.95; no outlier flags; periodic verification concordance ≥ 98.0 % with compendial ID.
5. References: USP <1119>, 21 CFR Part 11"
"QC_SOP_323","1","Title: Raw Material Testing – Chloride Content by Ion Chromatography
1. Purpose: To quantify chloride levels impacting product stability or process compatibility.
2. Scope: Raw materials with chloride specifications.
3. Procedure:
1) Prepare sample in suitable diluent and filter if required.
2) Calibrate IC with chloride standards across range.
3) Inject blank, standards, and samples; verify system suitability.
4) Integrate peaks and calculate concentration via calibration curve.
5) Document and trend results.
4. Acceptance Criteria: R² ≥ 0.999; standard %RSD ≤ 2.0 %; results within specification (e.g., ≤ 100 ppm).
5. References: USP <621>, ICH Q2(R2)"
"QC_SOP_324","1","Title: Raw Material Testing – Sulfate Determination by Turbidimetry
1. Purpose: To measure sulfate impurities using turbidimetric method.
2. Scope: Materials with sulfate limits.
3. Procedure:
1) Prepare sample and reagent (e.g., barium chloride).
2) Generate turbidity under controlled conditions.
3) Measure absorbance at specified wavelength.
4) Construct calibration curve and quantify sulfate.
5) Record results.
4. Acceptance Criteria: Calibration R² ≥ 0.995; duplicate difference ≤ 10 %; result within specification (e.g., ≤ 200 ppm).
5. References: USP General Chapters"
"QC_SOP_325","1","Title: Raw Material Testing – Conductivity Measurement
1. Purpose: To assess ionic content of aqueous raw materials.
2. Scope: Water-based raw materials and solutions.
3. Procedure:
1) Calibrate conductivity meter with standard solutions.
2) Measure sample at controlled temperature (25 ± 1 °C).
3) Record stabilized reading.
4) Rinse probe between samples.
5) Document results and compare with limits.
4. Acceptance Criteria: Within specified range (e.g., ≤ 10 µS/cm); meter accuracy ±2 %.
5. References: USP <645>"
"QC_SOP_326","1","Title: Raw Material Testing – Color Measurement by Spectrophotometry
1. Purpose: To quantify color attributes impacting product appearance.
2. Scope: Liquids and solutions with color specifications.
3. Procedure:
1) Calibrate instrument with blank and standards.
2) Measure sample absorbance or color index (e.g., APHA).
3) Perform triplicate readings.
4) Calculate average and %RSD.
5) Document results.
4. Acceptance Criteria: Within specified color units; %RSD ≤ 2.0 %.
5. References: ASTM D1209"
"QC_SOP_327","1","Title: Raw Material Testing – Viscosity Determination
1. Purpose: To determine viscosity for processability and quality control.
2. Scope: Liquid raw materials and solutions.
3. Procedure:
1) Equilibrate sample to test temperature.
2) Select appropriate viscometer and spindle.
3) Measure viscosity at defined shear rate.
4) Record readings in triplicate.
5) Document results.
4. Acceptance Criteria: Within specified range (e.g., 50–150 cP); %RSD ≤ 3.0 %.
5. References: USP <911>"
"QC_SOP_328","1","Title: Raw Material Testing – Density/Specific Gravity Measurement
1. Purpose: To determine density for identity and formulation calculations.
2. Scope: Liquid raw materials.
3. Procedure:
1) Calibrate densitometer or pycnometer.
2) Measure sample at controlled temperature.
3) Record readings.
4) Perform replicate measurements.
5) Document results.
4. Acceptance Criteria: Within specified range; %RSD ≤ 0.5 %.
5. References: USP <841>"
"QC_SOP_329","1","Title: Raw Material Testing – Identification by X-Ray Diffraction (XRD)
1. Purpose: To confirm crystalline form and identity.
2. Scope: Solid APIs with polymorphism concerns.
3. Procedure:
1) Prepare finely ground sample.
2) Acquire diffraction pattern.
3) Compare with reference pattern.
4) Evaluate peak positions and intensities.
5) Document results.
4. Acceptance Criteria: Pattern matches reference; no additional peaks indicating new polymorph.
5. References: USP <941>"
"QC_SOP_330","1","Title: Raw Material Testing – Residual Moisture by Loss on Ignition (LOI)
1. Purpose: To quantify volatile and combustible residues upon ignition.
2. Scope: Inorganic materials.
3. Procedure:
1) Weigh sample in crucible.
2) Ignite at specified temperature (e.g., 550 °C).
3) Cool in desiccator and reweigh.
4) Calculate % loss.
5) Record results.
4. Acceptance Criteria: Within specification (e.g., ≤ 1.0 %); duplicate difference ≤ 0.2 %.
5. References: USP <281>"
"QC_SOP_331","1","Title: Raw Material Testing – Assay by Titration
1. Purpose: To quantify analyte using volumetric titration.
2. Scope: Materials with titrimetric assays.
3. Procedure:
1) Prepare standard titrant and standardize.
2) Dissolve sample in appropriate solvent.
3) Titrate to endpoint using indicator or potentiometric detection.
4) Calculate assay.
5) Document results.
4. Acceptance Criteria: Within 98.0–102.0 %; duplicate difference ≤ 0.5 %.
5. References: USP General Chapters"
"QC_SOP_332","1","Title: Raw Material Testing – Appearance and Clarity Assessment
1. Purpose: To evaluate visual quality attributes.
2. Scope: All raw materials.
3. Procedure:
1) Inspect under standardized lighting conditions.
2) Compare with reference standards.
3) Assess color, clarity, and presence of particulates.
4) Document observations.
5) Investigate deviations.
4. Acceptance Criteria: Meets description; no visible foreign matter.
5. References: EP 2.2.1"
"QC_SOP_333","1","Title: Raw Material Testing – Foreign Matter Examination
1. Purpose: To detect extraneous materials.
2. Scope: Solid raw materials.
3. Procedure:
1) Spread sample on inspection surface.
2) Examine visually and with magnification.
3) Separate foreign particles.
4) Weigh or count contaminants.
5) Document results.
4. Acceptance Criteria: ≤ specified limit (e.g., ≤ 0.1 % w/w); no hazardous contaminants.
5. References: USP <561>"
"QC_SOP_334","1","Title: Raw Material Testing – Sampling Room Environmental Control
1. Purpose: To maintain controlled environment during sampling.
2. Scope: All sampling rooms.
3. Procedure:
1) Verify room classification and cleanliness.
2) Monitor temperature and humidity.
3) Perform EM per QC_SOP_151.
4) Record conditions.
5) Investigate excursions.
4. Acceptance Criteria: Conditions within specified limits; no EM excursions.
5. References: EU Annex 1"
"QC_SOP_335","1","Title: Raw Material Testing – Sample Retention and Storage
1. Purpose: To ensure retained samples are properly stored for future reference.
2. Scope: All tested raw materials.
3. Procedure:
1) Label retain samples with batch details.
2) Store under specified conditions.
3) Maintain inventory log.
4) Periodically inspect condition.
5) Dispose after retention period.
4. Acceptance Criteria: Retention ≥ 1 year after expiry; no degradation observed.
5. References: 21 CFR Part 211"
"QC_SOP_336","1","Title: Raw Material Testing – Water Content by Thermogravimetric Analysis (TGA)
1. Purpose: To determine water content and volatile components using thermogravimetric analysis for materials where Karl Fischer is not suitable.
2. Scope: Solid raw materials with thermal stability profiles.
3. Procedure:
1) Calibrate TGA instrument with standard weights and temperature reference.
2) Weigh sample (5–20 mg) into pan and record initial mass.
3) Heat under controlled rate (e.g., 10 °C/min) up to defined temperature.
4) Record mass loss versus temperature and identify moisture loss region.
5) Calculate % water content and document thermogram.
4. Acceptance Criteria: Repeatability %RSD ≤ 3.0 %; results within specification (e.g., ≤ 2.0 % w/w); baseline drift within validated limits.
5. References: USP <731>, ICH Q2(R2)"
"QC_SOP_337","1","Title: Raw Material Testing – Identification by Raman Spectroscopy
1. Purpose: To confirm identity of raw materials using Raman spectroscopy, including through-container analysis.
2. Scope: Materials qualified for Raman ID testing.
3. Procedure:
1) Verify instrument calibration using polystyrene standard.
2) Acquire spectrum from sample (direct or through container).
3) Compare spectrum to validated library using chemometric model.
4) Review match quality and spectral residuals.
5) Document results and exceptions.
4. Acceptance Criteria: Match score ≥ 0.95; no outlier flags; periodic orthogonal confirmation per program.
5. References: USP <1120>, 21 CFR Part 11"
"QC_SOP_338","1","Title: Raw Material Testing – Nitrogen Content by Kjeldahl Method
1. Purpose: To quantify nitrogen content for protein or amine-containing materials.
2. Scope: Raw materials requiring nitrogen specification.
3. Procedure:
1) Digest sample with sulfuric acid and catalyst.
2) Neutralize and distill liberated ammonia.
3) Titrate distillate with standardized acid.
4) Calculate % nitrogen content.
5) Record results.
4. Acceptance Criteria: Within specification (e.g., 8.0–10.0 %); duplicate difference ≤ 0.3 % absolute.
5. References: USP <461>"
"QC_SOP_339","1","Title: Raw Material Testing – Ash Content Determination
1. Purpose: To determine inorganic residue remaining after ignition.
2. Scope: Organic raw materials with ash limits.
3. Procedure:
1) Weigh sample into pre-ignited crucible.
2) Ignite at 500–600 °C until constant weight.
3) Cool in desiccator and reweigh.
4) Calculate % ash.
5) Document results.
4. Acceptance Criteria: Within specified limit (e.g., ≤ 0.5 %); duplicate difference ≤ 0.1 %.
5. References: USP <281>"
"QC_SOP_340","1","Title: Raw Material Testing – Identification by TLC
1. Purpose: To confirm identity using thin-layer chromatography.
2. Scope: Materials with TLC identification methods.
3. Procedure:
1) Prepare sample and reference solutions.
2) Apply spots on TLC plate.
3) Develop in specified solvent system.
4) Visualize under UV or with reagents.
5) Compare Rf values and appearance.
4. Acceptance Criteria: Sample Rf matches reference within ±0.05; no extra spots above reporting threshold.
5. References: USP <201>"
"QC_SOP_341","1","Title: Raw Material Testing – Determination of Sulfated Ash
1. Purpose: To quantify sulfated ash content for certain excipients.
2. Scope: Materials with sulfated ash specification.
3. Procedure:
1) Treat sample with sulfuric acid.
2) Ignite at specified temperature.
3) Cool and weigh residue.
4) Calculate % sulfated ash.
5) Record results.
4. Acceptance Criteria: Within specification (e.g., ≤ 0.2 %); duplicate difference ≤ 0.05 %.
5. References: USP <281>"
"QC_SOP_342","1","Title: Raw Material Testing – Determination of pKa by Potentiometric Titration
1. Purpose: To characterize ionization properties of raw materials.
2. Scope: APIs requiring pKa determination.
3. Procedure:
1) Prepare solution at known concentration.
2) Titrate with standardized acid/base.
3) Record pH versus volume.
4) Determine pKa from titration curve.
5) Document results.
4. Acceptance Criteria: pKa within expected range; replicate variation ≤ 0.1 units.
5. References: ICH Q6A"
"QC_SOP_343","1","Title: Raw Material Testing – Determination of Refractive Index
1. Purpose: To assess identity and purity via refractive index.
2. Scope: Liquid raw materials.
3. Procedure:
1) Calibrate refractometer.
2) Measure sample at controlled temperature.
3) Record refractive index.
4) Perform replicate readings.
5) Document results.
4. Acceptance Criteria: Within specified range; %RSD ≤ 0.2 %.
5. References: USP <831>"
"QC_SOP_344","1","Title: Raw Material Testing – Determination of Residual Acidity/Alkalinity
1. Purpose: To measure residual acid or base content.
2. Scope: Raw materials with pH-sensitive applications.
3. Procedure:
1) Dissolve sample in water.
2) Titrate with standardized acid/base.
3) Determine endpoint.
4) Calculate acidity/alkalinity.
5) Record results.
4. Acceptance Criteria: Within specified limits; duplicate difference ≤ 5.0 %.
5. References: USP General Chapters"
"QC_SOP_345","1","Title: Raw Material Testing – Determination of Peroxide Value
1. Purpose: To quantify peroxide content indicating oxidation.
2. Scope: Lipid-based materials.
3. Procedure:
1) Dissolve sample in solvent mixture.
2) React with iodide.
3) Titrate liberated iodine.
4) Calculate peroxide value.
5) Document results.
4. Acceptance Criteria: ≤ specified limit (e.g., ≤ 5 meq/kg); duplicate difference ≤ 10 %.
5. References: USP General Chapters"
"QC_SOP_346","1","Title: Raw Material Testing – Determination of Saponification Value
1. Purpose: To assess fatty acid content in oils.
2. Scope: Lipid raw materials.
3. Procedure:
1) Reflux sample with alcoholic KOH.
2) Titrate excess KOH with acid.
3) Calculate saponification value.
4) Record results.
5) Document.
4. Acceptance Criteria: Within specified range; duplicate difference ≤ 5 %.
5. References: USP General Chapters"
"QC_SOP_347","1","Title: Raw Material Testing – Determination of Iodine Value
1. Purpose: To measure degree of unsaturation in fats.
2. Scope: Lipid materials.
3. Procedure:
1) React sample with iodine reagent.
2) Titrate excess iodine.
3) Calculate iodine value.
4) Document results.
5) Compare with limits.
4. Acceptance Criteria: Within specified range; duplicate difference ≤ 5 %.
5. References: USP General Chapters"
"QC_SOP_348","1","Title: Raw Material Testing – Determination of pH Stability Over Time
1. Purpose: To evaluate pH changes during storage.
2. Scope: Aqueous materials.
3. Procedure:
1) Measure initial pH.
2) Store under defined conditions.
3) Measure pH at intervals.
4) Record changes.
5) Analyze trends.
4. Acceptance Criteria: Change ≤ ±0.5 units over defined period.
5. References: ICH Q1A"
"QC_SOP_349","1","Title: Raw Material Testing – Determination of Solubility Profile
1. Purpose: To assess solubility in various solvents.
2. Scope: APIs and excipients.
3. Procedure:
1) Test solubility in water, ethanol, and other solvents.
2) Observe dissolution behavior.
3) Record qualitative and quantitative results.
4) Document findings.
5) Compare with specifications.
4. Acceptance Criteria: Meets defined solubility classification.
5. References: USP General Chapters"
"QC_SOP_350","1","Title: Raw Material Testing – Final Disposition and Release Decision
1. Purpose: To define criteria for release or rejection of raw materials.
2. Scope: All tested raw materials.
3. Procedure:
1) Review all analytical results.
2) Compare with specifications.
3) Evaluate deviations.
4) Approve or reject material.
5) Document decision.
4. Acceptance Criteria: All tests within specification; QA approval obtained.
5. References: 21 CFR Part 211"
"QC_SOP_351","1","Title: In-Process Control – Blend Uniformity Testing
1. Purpose: To verify homogeneity of powder blends prior to compression or filling to ensure consistent dosage units.
2. Scope: All solid dosage manufacturing processes involving blending.
3. Procedure:
1) Define sampling plan covering top, middle, and bottom of blender (minimum 10 locations).
2) Collect samples using thief sampler under controlled conditions to avoid segregation.
3) Prepare samples and analyze assay by validated HPLC-UV method.
4) Calculate content uniformity and %RSD across locations.
5) Document results and investigate any atypical variability.
4. Acceptance Criteria: Individual results within 90.0–110.0 % of target; %RSD ≤ 5.0 %; no location-specific bias observed.
5. References: USP <905>, QC_SOP_303"
"QC_SOP_352","1","Title: In-Process Control – Tablet Compression Weight Control
1. Purpose: To control tablet weight during compression ensuring dose accuracy.
2. Scope: All tablet compression operations.
3. Procedure:
1) Set target weight and acceptable range in batch record.
2) At defined intervals (e.g., every 15 minutes), collect 20 tablets.
3) Weigh individually using calibrated balance and calculate average and %RSD.
4) Adjust compression parameters (fill depth, force) if trend shifts.
5) Record data and actions taken.
4. Acceptance Criteria: Average within target ±5.0 %; individual units within ±10.0 %; %RSD ≤ 3.0 %.
5. References: 21 CFR Part 211, QC_SOP_269"
"QC_SOP_353","1","Title: In-Process Control – Tablet Hardness and Friability
1. Purpose: To ensure mechanical integrity of tablets during processing.
2. Scope: All tablet batches during compression.
3. Procedure:
1) Sample tablets at defined intervals.
2) Measure hardness using calibrated tester.
3) Conduct friability test (100 revolutions at 25 rpm).
4) Calculate % weight loss and record results.
5) Adjust process parameters if out of trend.
4. Acceptance Criteria: Hardness within 5–10 kp (or product-specific); friability ≤ 1.0 % weight loss.
5. References: USP <1217>, USP <1216>"
"QC_SOP_354","1","Title: In-Process Control – Granule Moisture Content
1. Purpose: To control moisture content of granules for optimal compression.
2. Scope: Wet granulation processes.
3. Procedure:
1) Collect granule samples post-drying.
2) Measure moisture using loss on drying or NIR method.
3) Record results and compare with target.
4) Continue drying if above limit.
5) Document final moisture level.
4. Acceptance Criteria: Moisture within 1.5–3.0 % (product-specific); replicate difference ≤ 0.2 %.
5. References: USP <731>"
"QC_SOP_355","1","Title: In-Process Control – Coating Weight Gain Monitoring
1. Purpose: To ensure consistent coating application on tablets.
2. Scope: Film and sugar coating processes.
3. Procedure:
1) Weigh tablets before coating.
2) Periodically sample tablets during coating.
3) Calculate % weight gain.
4) Adjust spray rate or pan speed if deviation observed.
5) Record data.
4. Acceptance Criteria: Weight gain within ±2.0 % of target; uniform appearance without defects.
5. References: EU Annex 15"
"QC_SOP_356","1","Title: In-Process Control – pH Adjustment During Solution Preparation
1. Purpose: To control pH during solution preparation to ensure stability and performance.
2. Scope: Liquid manufacturing processes.
3. Procedure:
1) Measure initial pH using calibrated meter.
2) Add acid/base incrementally.
3) Mix thoroughly and re-measure.
4) Continue until target pH reached.
5) Document adjustments.
4. Acceptance Criteria: pH within target ±0.2 units; no overshoot beyond ±0.5 units.
5. References: USP <791>"
"QC_SOP_357","1","Title: In-Process Control – Filtration Integrity Testing (Pre-Use)
1. Purpose: To verify integrity of filters prior to use in manufacturing.
2. Scope: Sterile and non-sterile filtration steps.
3. Procedure:
1) Perform bubble point or diffusion test.
2) Record pressure values.
3) Compare with specification.
4) Approve filter for use.
5) Document results.
4. Acceptance Criteria: Meets manufacturer's specification; no failure permitted.
5. References: EU Annex 1, QC_SOP_030"
"QC_SOP_358","1","Title: In-Process Control – Fill Volume Verification
1. Purpose: To ensure correct fill volume in liquid dosage forms.
2. Scope: Filling operations.
3. Procedure:
1) Collect filled units at defined intervals.
2) Measure volume or weight.
3) Calculate average and variation.
4) Adjust filling machine if needed.
5) Record results.
4. Acceptance Criteria: Within ±5.0 % of target; %RSD ≤ 3.0 %.
5. References: 21 CFR Part 211"
"QC_SOP_359","1","Title: In-Process Control – Mixing Time Determination
1. Purpose: To ensure adequate mixing time for uniformity.
2. Scope: All mixing operations.
3. Procedure:
1) Conduct time studies with sampling at intervals.
2) Analyze samples for uniformity.
3) Identify minimum mixing time.
4) Document findings.
5) Use validated time in production.
4. Acceptance Criteria: Uniformity achieved within defined time; %RSD ≤ 5.0 %.
5. References: EU Annex 15"
"QC_SOP_360","1","Title: In-Process Control – Temperature Monitoring During Processing
1. Purpose: To ensure temperature control during manufacturing.
2. Scope: All temperature-sensitive processes.
3. Procedure:
1) Monitor temperature continuously.
2) Record data.
3) Compare with setpoints.
4) Investigate excursions.
5) Document results.
4. Acceptance Criteria: Within ±2.0 °C of target; no uninvestigated excursions.
5. References: QC_SOP_262"
"QC_SOP_361","1","Title: In-Process Control – Pressure Monitoring in Filtration Systems
1. Purpose: To control pressure during filtration.
2. Scope: Filtration operations.
3. Procedure:
1) Monitor inlet and outlet pressure.
2) Record values.
3) Detect pressure drop.
4) Investigate deviations.
5) Document.
4. Acceptance Criteria: Within defined range; no abnormal pressure spikes.
5. References: QC_SOP_286"
"QC_SOP_362","1","Title: In-Process Control – Visual Inspection of Intermediate Product
1. Purpose: To detect defects in intermediates.
2. Scope: All manufacturing stages.
3. Procedure:
1) Inspect samples visually.
2) Compare with standards.
3) Record defects.
4) Investigate issues.
5) Document.
4. Acceptance Criteria: No critical defects; acceptable minor defects.
5. References: EP 2.2.1"
"QC_SOP_363","1","Title: In-Process Control – In-Line NIR Monitoring
1. Purpose: To monitor process parameters in real-time using NIR.
2. Scope: Continuous manufacturing.
3. Procedure:
1) Calibrate NIR model.
2) Monitor process.
3) Record data.
4) Adjust process if needed.
5) Document.
4. Acceptance Criteria: Model accuracy ≥ 95 %; process within limits.
5. References: PAT Guidance"
"QC_SOP_364","1","Title: In-Process Control – Sampling Frequency Determination
1. Purpose: To define sampling intervals.
2. Scope: All IPC activities.
3. Procedure:
1) Assess process variability.
2) Define sampling plan.
3) Document frequency.
4) Review periodically.
5) Update as needed.
4. Acceptance Criteria: Sampling sufficient to detect trends.
5. References: ICH Q10"
"QC_SOP_365","1","Title: In-Process Control – Documentation and Data Recording
1. Purpose: To ensure accurate recording of IPC data.
2. Scope: All IPC activities.
3. Procedure:
1) Record results in batch record.
2) Verify entries.
3) Review data.
4) Approve records.
5) Archive.
4. Acceptance Criteria: No missing data; entries accurate and legible.
5. References: 21 CFR Part 211"
"QC_SOP_366","1","Title: In-Process Control – Tablet Thickness Measurement
1. Purpose: To monitor tablet thickness to ensure uniform compression and downstream coating consistency.
2. Scope: All tablet compression batches.
3. Procedure:
1) Collect 10 tablets every 30 minutes during compression.
2) Measure thickness using calibrated digital micrometer (accuracy ±0.01 mm).
3) Record individual values and calculate mean and %RSD.
4) Compare results with target thickness range defined in batch record.
5) Adjust compression force or tooling if deviation trend observed.
4. Acceptance Criteria: Thickness within ±5.0 % of target (e.g., 4.5–5.0 mm); %RSD ≤ 2.0 %.
5. References: 21 CFR Part 211, QC_SOP_352"
"QC_SOP_367","1","Title: In-Process Control – Capsule Fill Weight Verification
1. Purpose: To ensure accurate fill weight of capsules during encapsulation.
2. Scope: All capsule filling operations.
3. Procedure:
1) Collect 20 capsules at defined intervals (e.g., every 20 minutes).
2) Weigh intact capsules, then empty and weigh shells.
3) Calculate net fill weight for each unit.
4) Determine average and %RSD.
5) Adjust dosing disk or tamping pin if results deviate.
4. Acceptance Criteria: Average within ±5.0 % of target; individual units within ±10.0 %; %RSD ≤ 4.0 %.
5. References: USP <905>"
"QC_SOP_368","1","Title: In-Process Control – Granulation Endpoint Determination
1. Purpose: To determine optimal granulation endpoint during wet granulation.
2. Scope: High-shear and fluid-bed granulation processes.
3. Procedure:
1) Monitor torque or power consumption of granulator.
2) Collect granule samples at intervals.
3) Measure moisture using halogen moisture analyzer.
4) Evaluate granule size distribution using sieve analysis.
5) Stop granulation when predefined criteria met.
4. Acceptance Criteria: Moisture 18.0–22.0 % w/w (wet mass); torque plateau reached; particle size D50 within ±10 % of target.
5. References: EU Annex 15"
"QC_SOP_369","1","Title: In-Process Control – Drying Endpoint Determination (Fluid Bed Dryer)
1. Purpose: To ensure granules reach target moisture before compression.
2. Scope: Fluid bed drying operations.
3. Procedure:
1) Set inlet temperature (e.g., 60–80 °C) and airflow.
2) Collect samples every 10 minutes.
3) Measure moisture using LOD or NIR analyzer.
4) Plot moisture vs time.
5) Stop drying at validated endpoint.
4. Acceptance Criteria: Final moisture 1.5–3.0 % w/w; drying time within validated range; no overheating (>90 °C).
5. References: USP <731>"
"QC_SOP_370","1","Title: In-Process Control – Coating Defect Monitoring
1. Purpose: To detect coating defects such as picking, peeling, or color variation.
2. Scope: All tablet coating operations.
3. Procedure:
1) Sample tablets every 30 minutes during coating.
2) Inspect visually under 1000 lux lighting.
3) Record defects and frequency.
4) Correlate defects with process parameters (spray rate, pan speed).
5) Adjust parameters as needed.
4. Acceptance Criteria: Defect rate ≤ 2.0 %; uniform color and surface finish.
5. References: EU Annex 15"
"QC_SOP_371","1","Title: In-Process Control – Dissolution Testing (At-Line)
1. Purpose: To monitor dissolution performance during manufacturing.
2. Scope: Immediate-release tablet batches.
3. Procedure:
1) Collect tablets at defined compression intervals.
2) Perform dissolution using USP Apparatus 2 (paddle) at 50 rpm in 900 mL medium.
3) Sample at specified time point (e.g., 30 minutes).
4) Analyze using UV or HPLC.
5) Record % dissolved.
4. Acceptance Criteria: ≥ 80.0 % dissolved at 30 minutes; %RSD ≤ 10.0 %.
5. References: USP <711>"
"QC_SOP_372","1","Title: In-Process Control – Granule Flowability Testing
1. Purpose: To assess flow properties of granules before compression.
2. Scope: Solid dosage manufacturing.
3. Procedure:
1) Measure angle of repose using funnel method.
2) Determine bulk and tapped density.
3) Calculate Carr's index and Hausner ratio.
4) Compare with predefined limits.
5) Document results.
4. Acceptance Criteria: Carr's index ≤ 20 %; Hausner ratio ≤ 1.25; angle of repose ≤ 35°.
5. References: USP <616>"
"QC_SOP_373","1","Title: In-Process Control – Blend Segregation Assessment
1. Purpose: To detect segregation during handling and transfer.
2. Scope: Powder blending and transfer operations.
3. Procedure:
1) Sample blend before and after transfer.
2) Analyze assay for each sample.
3) Compare variability.
4) Evaluate segregation risk.
5) Document findings.
4. Acceptance Criteria: %RSD ≤ 5.0 %; no significant shift in assay distribution.
5. References: EU Annex 15"
"QC_SOP_374","1","Title: In-Process Control – Compression Force Monitoring
1. Purpose: To control compression force for consistent tablet properties.
2. Scope: Tablet compression machines.
3. Procedure:
1) Monitor compression force via machine sensors.
2) Record values at defined intervals.
3) Compare with target range.
4) Adjust settings if deviation occurs.
5) Document results.
4. Acceptance Criteria: Force within ±10 % of target; no drift trend.
5. References: QC_SOP_352"
"QC_SOP_375","1","Title: In-Process Control – Lubricant Distribution Check
1. Purpose: To ensure uniform distribution of lubricant in blend.
2. Scope: Final blending stage.
3. Procedure:
1) Sample blend from multiple locations.
2) Analyze lubricant content using validated method.
3) Calculate %RSD.
4) Compare with specification.
5) Document results.
4. Acceptance Criteria: %RSD ≤ 5.0 %; content within ±10 % of target.
5. References: ICH Q2(R2)"
"QC_SOP_376","1","Title: In-Process Control – pH Monitoring During Fermentation
1. Purpose: To control pH in bioprocesses.
2. Scope: Fermentation operations.
3. Procedure:
1) Monitor pH continuously using probe.
2) Calibrate probe daily.
3) Adjust pH using acid/base addition.
4) Record values.
5) Document.
4. Acceptance Criteria: pH within ±0.2 units of setpoint.
5. References: USP <791>"
"QC_SOP_377","1","Title: In-Process Control – Dissolved Oxygen Monitoring
1. Purpose: To ensure adequate oxygen levels in bioprocess.
2. Scope: Fermentation systems.
3. Procedure:
1) Monitor DO using probe.
2) Calibrate sensor.
3) Adjust aeration/agitation.
4) Record data.
5) Document.
4. Acceptance Criteria: DO ≥ 30 % saturation.
5. References: ICH Q7"
"QC_SOP_378","1","Title: In-Process Control – Filtration Flow Rate Monitoring
1. Purpose: To ensure consistent filtration performance.
2. Scope: Filtration processes.
3. Procedure:
1) Measure flow rate.
2) Record values.
3) Compare with target.
4) Investigate deviations.
5) Document.
4. Acceptance Criteria: Flow within ±10 % of target.
5. References: QC_SOP_286"
"QC_SOP_379","1","Title: In-Process Control – Batch Yield Calculation
1. Purpose: To calculate process yield.
2. Scope: All manufacturing batches.
3. Procedure:
1) Record input materials.
2) Measure output quantity.
3) Calculate yield.
4) Compare with expected.
5) Document.
4. Acceptance Criteria: Yield within ±5.0 % of theoretical.
5. References: 21 CFR Part 211"
"QC_SOP_380","1","Title: In-Process Control – Deviation Handling During IPC
1. Purpose: To manage IPC deviations.
2. Scope: All IPC activities.
3. Procedure:
1) Record deviation.
2) Investigate cause.
3) Implement CAPA.
4) Document.
5) Close.
4. Acceptance Criteria: Investigation within 30 days.
5. References: QC_SOP_010"
"QC_SOP_381","1","Title: In-Process Control – Granule Particle Size Distribution (Sieve Analysis)
1. Purpose: To monitor particle size distribution (PSD) of granules prior to compression to ensure consistent flow and compaction.
2. Scope: All granulation processes for solid dosage forms.
3. Procedure:
1) Collect representative granule sample (≥ 100 g) from dryer discharge.
2) Assemble sieve stack (e.g., 850, 600, 425, 250 µm) and verify cleanliness.
3) Weigh sample, load onto top sieve, and run sieve shaker for 10 minutes at standardized amplitude.
4) Weigh material retained on each sieve and calculate % distribution.
5) Record D10/D50/D90 where applicable and compare to target profile.
4. Acceptance Criteria: Target fraction (e.g., 250–600 µm) ≥ 80.0 %; fines (<250 µm) ≤ 10.0 %; replicate %RSD ≤ 5.0 %.
5. References: USP <786>, QC_SOP_308"
"QC_SOP_382","1","Title: In-Process Control – Tablet Content Uniformity (At-Line)
1. Purpose: To verify dosage uniformity during compression using rapid at-line assay.
2. Scope: Immediate-release tablets during routine compression.
3. Procedure:
1) Collect 10 tablets every 30 minutes.
2) Prepare samples via validated rapid extraction (e.g., UV-Vis method).
3) Measure absorbance at specified wavelength and calculate content using calibration.
4) Evaluate individual values and %RSD.
5) Adjust process if drift is observed.
4. Acceptance Criteria: Individual results 85.0–115.0 % of label claim; %RSD ≤ 6.0 %; trend within control limits.
5. References: USP <905>, QC_SOP_276"
"QC_SOP_383","1","Title: In-Process Control – Compression Speed and Throughput Monitoring
1. Purpose: To control press speed to maintain tablet quality and minimize defects.
2. Scope: All rotary tablet presses.
3. Procedure:
1) Record turret speed (rpm) and tablets per minute (TPM) at start and every 30 minutes.
2) Correlate speed with hardness, weight, and defect rates.
3) Adjust feeder speed and compression force if deviations occur.
4) Document settings and changes.
5) Review trends at end of batch.
4. Acceptance Criteria: Speed within validated range (e.g., 30–60 rpm); no increase in defect rate > 2.0 %.
5. References: EU Annex 15"
"QC_SOP_384","1","Title: In-Process Control – Capsule Lock Length and Closure Integrity
1. Purpose: To ensure capsules are properly locked and sealed during filling.
2. Scope: Hard gelatin capsule filling operations.
3. Procedure:
1) Collect 20 capsules every 30 minutes.
2) Measure lock length using digital caliper (±0.01 mm).
3) Perform manual twist test to assess closure integrity.
4) Inspect for cap/body separation or dents.
5) Record results and adjust machine settings if needed.
4. Acceptance Criteria: Lock length within ±0.2 mm of target; 0 failures in twist test; defect rate ≤ 1.0 %.
5. References: 21 CFR Part 211"
"QC_SOP_385","1","Title: In-Process Control – Spray Rate and Atomization Monitoring (Coating)
1. Purpose: To control coating spray rate and atomization for uniform film formation.
2. Scope: Tablet coating processes.
3. Procedure:
1) Set spray rate (e.g., 100–300 g/min) and atomization air pressure per batch record.
2) Verify nozzle performance and droplet formation.
3) Record spray rate and pressure every 15 minutes.
4) Observe bed moisture and tablet surface condition.
5) Adjust parameters to avoid overwetting or spray drying.
4. Acceptance Criteria: Spray rate within ±10.0 %; atomization pressure within ±0.2 bar; no visible defects.
5. References: EU Annex 15"
"QC_SOP_386","1","Title: In-Process Control – Inlet/Exhaust Air Parameters (Fluid Bed)
1. Purpose: To ensure stable drying conditions in fluid bed operations.
2. Scope: Fluid bed dryers and granulators.
3. Procedure:
1) Monitor inlet temperature (e.g., 60–80 °C), exhaust temperature, and airflow.
2) Record values every 10 minutes via SCADA.
3) Verify filters are clean and pressure drop is within limits.
4) Adjust airflow/temperature to maintain target drying curve.
5) Document any excursions and actions.
4. Acceptance Criteria: Inlet temp ±3.0 °C; exhaust temp within validated profile; filter ΔP within limits.
5. References: QC_SOP_262"
"QC_SOP_387","1","Title: In-Process Control – Solution Concentration Verification by Refractometry
1. Purpose: To confirm concentration of process solutions (e.g., sugar or polymer solutions) during preparation.
2. Scope: Liquid preparation steps for coating or granulation.
3. Procedure:
1) Calibrate refractometer at 20–25 °C.
2) Collect sample from mixing vessel after homogenization.
3) Measure refractive index or Brix value in triplicate.
4) Convert to concentration using calibration curve.
5) Record and compare to target.
4. Acceptance Criteria: Concentration within ±2.0 % of target; %RSD ≤ 1.0 %.
5. References: USP <831>"
"QC_SOP_388","1","Title: In-Process Control – Metal Detection Sensitivity Check
1. Purpose: To verify sensitivity of metal detectors used on finished units.
2. Scope: Tablet/capsule packaging lines with metal detectors.
3. Procedure:
1) Challenge detector with certified test pieces (Fe 1.5 mm, Non-Fe 2.0 mm, SS 2.5 mm or per product).
2) Pass test pieces through center and edges of aperture.
3) Confirm rejection mechanism functions.
4) Record results at start, hourly, and end of run.
5) Stop line and investigate failures.
4. Acceptance Criteria: 100 % detection and rejection of all test pieces; no missed detections.
5. References: 21 CFR Part 211"
"QC_SOP_389","1","Title: In-Process Control – Leak Test for Blister Packs
1. Purpose: To ensure integrity of blister packaging preventing moisture/oxygen ingress.
2. Scope: Blister packaging operations.
3. Procedure:
1) Collect blister samples every hour.
2) Perform vacuum leak test (e.g., 200–300 mbar for 30–60 seconds).
3) Observe for bubble formation or dye ingress.
4) Record pass/fail results.
5) Adjust sealing temperature/pressure if failures occur.
4. Acceptance Criteria: 0 leaks in sample set; sealing parameters within validated range.
5. References: ASTM D3078"
"QC_SOP_390","1","Title: In-Process Control – Label Verification During Packaging
1. Purpose: To ensure correct labels are applied to products.
2. Scope: All packaging lines.
3. Procedure:
1) Verify label artwork, batch number, and expiry date at line start.
2) Perform in-process checks every 30 minutes.
3) Use barcode scanner where applicable to confirm correctness.
4) Segregate and investigate any mismatches.
5) Document checks in batch record.
4. Acceptance Criteria: 0 labeling errors; 100 % barcode readability; checks performed per schedule.
5. References: 21 CFR Part 211"
"QC_SOP_391","1","Title: In-Process Control – Sieve Integrity Check (Milling/Sieving)
1. Purpose: To ensure sieves are intact to prevent oversized particles or foreign matter.
2. Scope: Milling and sieving operations.
3. Procedure:
1) Inspect sieve mesh visually before and after use.
2) Verify mesh size against specification.
3) Perform integrity check using light inspection.
4) Document inspection results.
5) Replace damaged sieves immediately.
4. Acceptance Criteria: No tears or deformation; correct mesh size; documented checks before/after use.
5. References: EU Annex 15"
"QC_SOP_392","1","Title: In-Process Control – Line Clearance Verification
1. Purpose: To confirm removal of previous product and materials before batch start.
2. Scope: All manufacturing and packaging lines.
3. Procedure:
1) Perform visual inspection of equipment and area.
2) Verify removal of previous labels, components, and documents.
3) Cross-check against line clearance checklist.
4) QA performs independent verification.
5) Document clearance approval prior to start.
4. Acceptance Criteria: 100 % checklist completion; QA sign-off; no foreign materials present.
5. References: 21 CFR Part 211"
"QC_SOP_393","1","Title: In-Process Control – Environmental Conditions Monitoring (Temperature/Humidity)
1. Purpose: To maintain environmental conditions within limits affecting product quality.
2. Scope: Manufacturing and packaging areas.
3. Procedure:
1) Monitor temperature and RH using calibrated sensors.
2) Record data continuously or at defined intervals (≤ 30 minutes).
3) Review alarms for excursions.
4) Investigate deviations and assess impact.
5) Document and trend conditions.
4. Acceptance Criteria: Temperature within ±2.0 °C; RH within ±5.0 % of setpoint; no uninvestigated excursions.
5. References: EU Annex 1"
"QC_SOP_394","1","Title: In-Process Control – Powder Blend Segregation During Transfer
1. Purpose: To assess segregation risk during pneumatic or gravity transfer.
2. Scope: Transfer of blends from blender to hopper.
3. Procedure:
1) Sample blend pre- and post-transfer at ≥ 5 locations.
2) Analyze assay using validated method.
3) Compare mean and variability.
4) Evaluate segregation index.
5) Document findings and adjust transfer parameters if needed.
4. Acceptance Criteria: Mean shift ≤ ±2.0 %; %RSD ≤ 5.0 %; no systematic bias.
5. References: EU Annex 15, QC_SOP_373"
"QC_SOP_395","1","Title: In-Process Control – Reconciliation of Printed Components
1. Purpose: To ensure accurate accounting of printed packaging components.
2. Scope: Labels, leaflets, cartons.
3. Procedure:
1) Count issued components at line start.
2) Track used, rejected, and returned quantities during run.
3) Perform final reconciliation at line end.
4) Investigate discrepancies immediately.
5) Document reconciliation.
4. Acceptance Criteria: Discrepancy ≤ 0.1 % or justified; all variances investigated and approved.
5. References: 21 CFR Part 211"
"QC_SOP_396","1","Title: In-Process Control – Intermediate Hold Time Verification
1. Purpose: To ensure intermediate materials remain within validated hold times without impacting quality.
2. Scope: All intermediates held between manufacturing steps.
3. Procedure:
1) Record start time of hold after processing step completion.
2) Store material under defined environmental conditions (e.g., 20–25 °C, RH ≤ 60 %).
3) Monitor temperature and humidity at ≤ 30-minute intervals.
4) Sample material at defined timepoints for key attributes (assay, moisture).
5) Compare results with initial values and validated hold time limits.
4. Acceptance Criteria: Hold time ≤ validated maximum (e.g., 48 hours); assay change ≤ ±2.0 %; moisture change ≤ ±0.5 %.
5. References: ICH Q1A, QC_SOP_354"
"QC_SOP_397","1","Title: In-Process Control – Lubrication Time Optimization
1. Purpose: To control blending time of lubricant to avoid over-lubrication affecting tablet hardness and dissolution.
2. Scope: Final blending stage in solid dosage manufacturing.
3. Procedure:
1) Set initial lubrication time (e.g., 3–10 minutes) based on validation.
2) Collect blend samples at defined intervals (e.g., 2, 5, 8 minutes).
3) Analyze dissolution and hardness of compressed tablets.
4) Identify optimal lubrication time with minimal impact on CQAs.
5) Document final parameter in batch record.
4. Acceptance Criteria: Dissolution ≥ 80.0 % at Q-time; hardness within 5–10 kp; no trend of over-lubrication.
5. References: USP <711>, QC_SOP_353"
"QC_SOP_398","1","Title: In-Process Control – Hopper Level Monitoring During Compression
1. Purpose: To ensure consistent feed of blend into tablet press.
2. Scope: Tablet compression operations.
3. Procedure:
1) Monitor hopper level using sensor or visual indicator.
2) Maintain level within defined range (e.g., 30–70 % capacity).
3) Refill hopper in controlled manner to avoid segregation.
4) Record level at defined intervals.
5) Investigate fluctuations impacting tablet weight.
4. Acceptance Criteria: Hopper level maintained within range; no correlation with weight variability > ±5.0 %.
5. References: QC_SOP_352"
"QC_SOP_399","1","Title: In-Process Control – Sieving Efficiency Check
1. Purpose: To verify efficiency of sieving step in removing oversized particles.
2. Scope: Milling and sieving processes.
3. Procedure:
1) Collect samples before and after sieving.
2) Perform sieve analysis using calibrated stack.
3) Compare fraction retained above target mesh.
4) Calculate removal efficiency.
5) Document results.
4. Acceptance Criteria: Oversize fraction reduced to ≤ 2.0 %; efficiency ≥ 95.0 %.
5. References: USP <786>"
"QC_SOP_400","1","Title: In-Process Control – Equipment Cleanliness Verification Before Use
1. Purpose: To ensure equipment is clean prior to batch start.
2. Scope: All manufacturing equipment.
3. Procedure:
1) Perform visual inspection under ≥ 1000 lux.
2) Verify cleaning status label and logbook.
3) Perform swab test at critical locations if required.
4) Compare results with acceptance limits.
5) Document release for use.
4. Acceptance Criteria: No visible residue; swab results ≤ established limits; documentation complete.
5. References: QC_SOP_206, QC_SOP_203"
"QC_SOP_401","1","Title: Deviation & CAPA – Initiation of Deviation or Non-Conformance Record
1. Purpose: To ensure timely documentation of any deviation, excursion, or unexpected outcome observed during GMP activities.
2. Scope: All QC and manufacturing operations.
3. Procedure:
1) Identify and immediately record the event (deviation/OOS/atypical result) in the quality system.
2) Classify severity (minor/major/critical) based on impact.
3) Notify QA within 24 hours for significant events.
4) Assign investigation owner and define timeline.
5) Document initial description including time, location, and affected batch.
4. Acceptance Criteria: Record initiated within 1 business day; classification justified; all required fields completed.
5. References: 21 CFR Part 211, QC_SOP_010"
"QC_SOP_402","1","Title: Deviation & CAPA – Initial Assessment and Impact Evaluation
1. Purpose: To assess impact of a deviation or out-of-specification result on product quality and compliance.
2. Scope: All deviation and OOS investigations.
3. Procedure:
1) Review event details, batch records, and analytical data.
2) Determine potential impact on product quality, safety, and data integrity.
3) Identify affected batches and materials.
4) Decide on product disposition (e.g., quarantine).
5) Document assessment.
4. Acceptance Criteria: Assessment completed within 3 days; impact clearly justified; QA approval obtained.
5. References: ICH Q10"
"QC_SOP_403","1","Title: Deviation & CAPA – Root Cause Analysis Using 5 Whys
1. Purpose: To identify root cause of a deviation or unexpected outcome.
2. Scope: All investigations requiring causal analysis.
3. Procedure:
1) Define problem statement clearly.
2) Apply 5 Whys method to trace causal factors.
3) Identify contributing factors and system weaknesses.
4) Verify root cause with evidence.
5) Document findings.
4. Acceptance Criteria: Root cause supported by data; no unresolved gaps; QA approval obtained.
5. References: QC_SOP_010"
"QC_SOP_404","1","Title: Deviation & CAPA – Fishbone (Ishikawa) Analysis
1. Purpose: To systematically identify contributing factors to a non-conformance.
2. Scope: Complex investigations.
3. Procedure:
1) Define problem.
2) Categorize potential causes (Man, Machine, Method, Material, Environment).
3) Brainstorm contributing factors.
4) Evaluate likelihood.
5) Document analysis.
4. Acceptance Criteria: All relevant factors considered; analysis documented.
5. References: ICH Q10"
"QC_SOP_405","1","Title: Deviation & CAPA – Laboratory OOS Investigation Procedure
1. Purpose: To investigate out-of-specification (OOS) results in laboratory testing.
2. Scope: All QC analytical testing.
3. Procedure:
1) Confirm OOS result by review of raw data.
2) Perform hypothesis testing (analyst error, instrument failure).
3) Re-test if justified.
4) Evaluate manufacturing impact.
5) Document investigation.
4. Acceptance Criteria: Investigation completed within 30 days; conclusions scientifically justified.
5. References: FDA OOS Guidance"
"QC_SOP_406","1","Title: Deviation & CAPA – CAPA Plan Development
1. Purpose: To define corrective and preventive actions addressing root cause.
2. Scope: All confirmed deviations.
3. Procedure:
1) Define corrective action to eliminate root cause.
2) Define preventive action to avoid recurrence.
3) Assign responsibilities and timelines.
4) Document CAPA plan.
5) Obtain QA approval.
4. Acceptance Criteria: CAPA plan addresses root cause; timelines defined; approved before implementation.
5. References: ICH Q10"
"QC_SOP_407","1","Title: Deviation & CAPA – CAPA Implementation and Tracking
1. Purpose: To ensure CAPA actions are implemented and tracked.
2. Scope: All CAPA records.
3. Procedure:
1) Execute defined actions.
2) Track progress in system.
3) Update status regularly.
4) Verify completion.
5) Document evidence.
4. Acceptance Criteria: 100 % actions completed within timeline; evidence documented.
5. References: QC_SOP_406"
"QC_SOP_408","1","Title: Deviation & CAPA – Effectiveness Check of CAPA
1. Purpose: To verify effectiveness of corrective and preventive actions.
2. Scope: All closed CAPA.
3. Procedure:
1) Define effectiveness criteria.
2) Monitor relevant metrics.
3) Perform follow-up checks.
4) Evaluate recurrence.
5) Document outcome.
4. Acceptance Criteria: No recurrence within defined period; criteria met.
5. References: ICH Q10"
"QC_SOP_409","1","Title: Deviation & CAPA – Trending of Deviations and Excursions
1. Purpose: To identify recurring issues and trends.
2. Scope: All deviation records.
3. Procedure:
1) Compile deviation data.
2) Categorize by type and root cause.
3) Perform trend analysis.
4) Identify patterns.
5) Report findings.
4. Acceptance Criteria: Trends reviewed quarterly; actions defined for recurring issues.
5. References: QC_SOP_182"
"QC_SOP_410","1","Title: Deviation & CAPA – Closure of Deviation Records
1. Purpose: To ensure proper closure of investigations.
2. Scope: All deviation records.
3. Procedure:
1) Verify root cause identified.
2) Confirm CAPA implemented.
3) Review documentation.
4) Approve closure.
5) Archive record.
4. Acceptance Criteria: No open actions; QA approval obtained.
5. References: QC_SOP_010"
"QC_SOP_411","1","Title: Deviation & CAPA – Escalation of Critical Excursions
1. Purpose: To ensure timely escalation of critical deviations, excursions, or non-conformances that may impact product quality or patient safety.
2. Scope: All GMP activities across QC and manufacturing.
3. Procedure:
1) Classify event as critical based on predefined criteria (e.g., sterility breach, confirmed OOS).
2) Notify QA, QP, and site leadership within 24 hours.
3) Quarantine affected materials and halt related operations if necessary.
4) Initiate formal investigation and assign cross-functional team.
5) Document escalation and interim controls.
4. Acceptance Criteria: Escalation within 24 hours; impacted batches identified; containment actions implemented immediately.
5. References: 21 CFR Part 211, QC_SOP_401"
"QC_SOP_412","1","Title: Deviation & CAPA – Interim Controls for OOS and Atypical Results
1. Purpose: To define temporary controls while investigating OOS or unexpected outcomes.
2. Scope: All laboratory and manufacturing investigations.
3. Procedure:
1) Identify potential risks associated with the atypical result.
2) Implement interim controls (e.g., increased sampling, process hold, additional testing).
3) Communicate controls to relevant teams.
4) Monitor effectiveness of controls during investigation.
5) Document actions and remove controls after resolution.
4. Acceptance Criteria: Controls implemented within 2 days; no further impact observed; removal justified post-investigation.
5. References: FDA OOS Guidance, QC_SOP_402"
"QC_SOP_413","1","Title: Deviation & CAPA – Human Error Assessment Framework
1. Purpose: To evaluate whether human error is a root cause or contributing factor without bias.
2. Scope: All deviation and non-conformance investigations.
3. Procedure:
1) Review training records and SOP clarity.
2) Assess workload, environment, and system design factors.
3) Determine if error was isolated or systemic.
4) Avoid assigning blame without supporting evidence.
5) Document findings and link to CAPA if required.
4. Acceptance Criteria: Root cause supported by evidence; systemic factors considered; no unjustified blame attribution.
5. References: ICH Q10, QC_SOP_403"
"QC_SOP_414","1","Title: Deviation & CAPA – Equipment-Related Investigation
1. Purpose: To investigate deviations linked to equipment malfunction or variability.
2. Scope: All equipment-related excursions and failures.
3. Procedure:
1) Review equipment logs, calibration, and maintenance records.
2) Verify alarm history and sensor data.
3) Perform functional checks or requalification if needed.
4) Identify causal factors (e.g., drift, wear).
5) Document conclusions and remediation actions.
4. Acceptance Criteria: Root cause identified; equipment restored to qualified state; no recurring issues.
5. References: QC_SOP_256, QC_SOP_260"
"QC_SOP_415","1","Title: Deviation & CAPA – Laboratory Error Investigation (Phase I/II)
1. Purpose: To systematically investigate potential laboratory errors leading to OOS results.
2. Scope: All QC analytical testing.
3. Procedure:
1) Phase I: Review analyst technique, calculations, and instrument performance.
2) Phase II: Expand investigation to method suitability and sample integrity.
3) Evaluate re-test or re-sample justification.
4) Document findings and conclusions.
5) Escalate if no assignable cause found.
4. Acceptance Criteria: Investigation completed within 30 days; conclusions scientifically justified; QA approval obtained.
5. References: FDA OOS Guidance"
"QC_SOP_416","1","Title: Deviation & CAPA – Risk Assessment Using FMEA
1. Purpose: To assess risk associated with deviations and prioritize CAPA actions.
2. Scope: All significant deviations and excursions.
3. Procedure:
1) Identify failure modes and potential effects.
2) Assign severity, occurrence, and detection scores.
3) Calculate Risk Priority Number (RPN).
4) Prioritize actions based on RPN.
5) Document assessment.
4. Acceptance Criteria: RPN thresholds defined; high-risk items addressed first; assessment approved.
5. References: ICH Q9"
"QC_SOP_417","1","Title: Deviation & CAPA – Documentation Standards for Investigations
1. Purpose: To ensure consistency and completeness of investigation records.
2. Scope: All deviation, OOS, and non-conformance reports.
3. Procedure:
1) Use standardized templates.
2) Include description, root cause, impact, and CAPA.
3) Ensure traceability to batch and data.
4) Review for completeness and clarity.
5) Archive records.
4. Acceptance Criteria: No missing sections; clear and traceable documentation; QA approval obtained.
5. References: 21 CFR Part 211"
"QC_SOP_418","1","Title: Deviation & CAPA – Cross-Functional Investigation Process
1. Purpose: To ensure comprehensive investigation involving all relevant functions.
2. Scope: Complex deviations and systemic issues.
3. Procedure:
1) Identify required departments (QC, QA, Production, Engineering).
2) Conduct investigation meetings.
3) Share data and findings.
4) Agree on root cause and CAPA.
5) Document outcomes.
4. Acceptance Criteria: All stakeholders involved; consensus on root cause; actions assigned.
5. References: ICH Q10"
"QC_SOP_419","1","Title: Deviation & CAPA – Timeline Management for Investigations
1. Purpose: To ensure timely completion of deviation investigations.
2. Scope: All investigations.
3. Procedure:
1) Define investigation timeline (e.g., 30 days).
2) Track progress in quality system.
3) Escalate delays.
4) Extend timeline with justification if needed.
5) Document closure.
4. Acceptance Criteria: ≥ 90 % investigations closed within timeline; delays justified.
5. References: QC_SOP_401"
"QC_SOP_420","1","Title: Deviation & CAPA – Linkage Between Deviation and Change Control
1. Purpose: To ensure systemic fixes are implemented through change control.
2. Scope: Deviations requiring process or system changes.
3. Procedure:
1) Identify need for change based on root cause.
2) Initiate change control.
3) Link deviation record to change request.
4) Implement and verify change.
5) Document linkage.
4. Acceptance Criteria: All systemic changes tracked; linkage documented; QA approval obtained.
5. References: QC_SOP_099"
"QC_SOP_421","1","Title: Deviation & CAPA – Trending of Root Causes and Contributing Factors
1. Purpose: To identify recurring causal patterns across deviations.
2. Scope: All closed investigations.
3. Procedure:
1) Compile root cause data.
2) Categorize by type (human, equipment, method).
3) Analyze frequency and trends.
4) Identify systemic issues.
5) Recommend improvements.
4. Acceptance Criteria: Trends reviewed quarterly; actions defined for recurring causes.
5. References: QC_SOP_409"
"QC_SOP_422","1","Title: Deviation & CAPA – CAPA Effectiveness Metrics Definition
1. Purpose: To define measurable criteria for CAPA effectiveness.
2. Scope: All CAPA plans.
3. Procedure:
1) Define KPIs (e.g., recurrence rate, defect reduction).
2) Set monitoring period (e.g., 3–6 months).
3) Collect and analyze data.
4) Evaluate against targets.
5) Document results.
4. Acceptance Criteria: KPIs achieved; no recurrence; documented evidence.
5. References: ICH Q10"
"QC_SOP_423","1","Title: Deviation & CAPA – Management Review of Quality Events
1. Purpose: To provide oversight of deviations and CAPA at management level.
2. Scope: All quality events.
3. Procedure:
1) Compile summary of deviations and CAPA.
2) Present trends and risks.
3) Review effectiveness of actions.
4) Define strategic improvements.
5) Document meeting minutes.
4. Acceptance Criteria: Review conducted quarterly; actions assigned; follow-up tracked.
5. References: ICH Q10"
"QC_SOP_424","1","Title: Deviation & CAPA – Investigation of Environmental Monitoring Excursions
1. Purpose: To assess EM excursions and their impact on product quality.
2. Scope: All EM-related deviations.
3. Procedure:
1) Confirm excursion result.
2) Identify organism and location.
3) Review recent activities and cleaning records.
4) Assess impact on batches.
5) Implement CAPA.
4. Acceptance Criteria: Investigation completed within 30 days; no product impact or justified.
5. References: EU Annex 1"
"QC_SOP_425","1","Title: Deviation & CAPA – Closure Documentation and Archiving
1. Purpose: To ensure proper documentation and archiving of closed investigations.
2. Scope: All deviation and CAPA records.
3. Procedure:
1) Verify all sections completed.
2) Confirm CAPA implemented and effective.
3) Obtain QA approval.
4) Archive in quality system.
5) Ensure retrievability.
4. Acceptance Criteria: Complete records; QA approval; retrievable within 24 hours.
5. References: 21 CFR Part 11"
"QC_SOP_426","1","Title: Deviation & CAPA – Hypothesis-Driven Investigation for Atypical Results
1. Purpose: To structure investigations of atypical results using testable hypotheses and evidence-based elimination.
2. Scope: All OOS, atypical results, and unexpected outcomes in QC and manufacturing.
3. Procedure:
1) Define clear problem statement and generate ≥3 plausible hypotheses (method, material, equipment).
2) Design targeted tests (e.g., system suitability recheck, sample re-prep, instrument check).
3) Execute tests with controls and document outcomes.
4) Eliminate/confirm hypotheses based on data.
5) Conclude root cause and document supporting evidence.
4. Acceptance Criteria: Hypotheses tested with data; root cause supported by evidence; no unjustified conclusions.
5. References: FDA OOS Guidance, QC_SOP_403"
"QC_SOP_427","1","Title: Deviation & CAPA – Contributing Factor Analysis Using Barrier Model
1. Purpose: To identify contributing factors and failed barriers leading to non-conformance.
2. Scope: All major/critical deviations and excursions.
3. Procedure:
1) Map process steps and existing controls (barriers).
2) Identify where barriers failed or were absent.
3) Classify contributing factors (human, equipment, method, environment).
4) Propose remediation to strengthen barriers.
5) Document analysis and linkage to CAPA.
4. Acceptance Criteria: At least one failed barrier identified; contributing factors categorized; CAPA addresses barrier gaps.
5. References: ICH Q9, QC_SOP_404"
"QC_SOP_428","1","Title: Deviation & CAPA – Data Integrity Assessment in Investigations
1. Purpose: To assess potential data integrity issues associated with deviations or OOS results.
2. Scope: All investigations involving electronic or paper data.
3. Procedure:
1) Review audit trails for creation, modification, and deletion events.
2) Verify ALCOA+ attributes (Attributable, Legible, Contemporaneous, Original, Accurate).
3) Cross-check raw data with reported results.
4) Identify any unauthorized changes or gaps.
5) Document findings and escalate if integrity breach suspected.
4. Acceptance Criteria: No unexplained audit trail events; full traceability; any gaps investigated within 5 days.
5. References: 21 CFR Part 11, GAMP 5"
"QC_SOP_429","1","Title: Deviation & CAPA – Sampling and Re-Sampling Justification
1. Purpose: To define criteria for re-sampling following an OOS or atypical result.
2. Scope: All laboratory investigations.
3. Procedure:
1) Evaluate original sampling integrity and representativeness.
2) Justify re-sampling based on documented assignable cause (e.g., sampling error).
3) Define re-sampling plan (locations, quantities).
4) Execute sampling under controlled conditions.
5) Compare results with original data and conclude.
4. Acceptance Criteria: Re-sampling justified with documented cause; results consistent with investigation outcome; QA approval.
5. References: FDA OOS Guidance"
"QC_SOP_430","1","Title: Deviation & CAPA – Re-Test Policy for Out-of-Specification Results
1. Purpose: To control re-testing practices to avoid data bias.
2. Scope: All QC analytical testing.
3. Procedure:
1) Allow re-test only with documented, scientifically justified cause.
2) Define number of re-tests (e.g., maximum of 2) in protocol.
3) Use same sample preparation where applicable.
4) Evaluate all results (original and re-test) in final conclusion.
5) Document decision rationale.
4. Acceptance Criteria: No unjustified re-testing; full data set considered; compliance with SOP.
5. References: FDA OOS Guidance, QC_SOP_405"
"QC_SOP_431","1","Title: Deviation & CAPA – Batch Impact Assessment for Excursions
1. Purpose: To evaluate impact of deviations/excursions on batch quality and disposition.
2. Scope: All batches associated with deviations.
3. Procedure:
1) Identify affected batches and processing stages.
2) Review critical quality attributes and IPC data.
3) Perform additional testing if required.
4) Assess risk to product quality and patient safety.
5) Recommend disposition (release, reject, rework).
4. Acceptance Criteria: Assessment completed within 5 days; decision justified with data; QA/QP approval obtained.
5. References: ICH Q10"
"QC_SOP_432","1","Title: Deviation & CAPA – Effectiveness Verification Using Statistical Monitoring
1. Purpose: To confirm CAPA effectiveness using statistical process control (SPC).
2. Scope: All implemented CAPA actions.
3. Procedure:
1) Define control charts (e.g., X-bar/R) for relevant metrics.
2) Collect data over defined period (e.g., 3 months).
3) Analyze for shifts, trends, and outliers.
4) Compare pre- and post-CAPA performance.
5) Document effectiveness conclusion.
4. Acceptance Criteria: No special-cause variation; metric improvement ≥ 20.0 % where applicable; no recurrence.
5. References: ICH Q10, QC_SOP_408"
"QC_SOP_433","1","Title: Deviation & CAPA – Training Effectiveness Assessment as Preventive Action
1. Purpose: To verify that training-based CAPA reduces recurrence of human-factor issues.
2. Scope: CAPA involving SOP revisions and personnel training.
3. Procedure:
1) Deliver targeted training and record attendance.
2) Conduct post-training assessment (≥10 questions) within 7 days.
3) Monitor related deviation rates for 3 months.
4) Interview operators for comprehension gaps.
5) Document outcomes and adjust training if needed.
4. Acceptance Criteria: Assessment score ≥ 85.0 %; related deviations reduced by ≥ 30.0 %; no repeat of same error.
5. References: QC_SOP_233, ICH Q10"
"QC_SOP_434","1","Title: Deviation & CAPA – Supplier-Related Non-Conformance Investigation
1. Purpose: To investigate deviations linked to incoming materials or supplier performance.
2. Scope: All supplier-related excursions and OOS results.
3. Procedure:
1) Review CoA versus internal test results (QC_SOP_319).
2) Evaluate supplier history and recent changes.
3) Initiate supplier notification and request investigation.
4) Perform confirmatory testing (identity/assay/impurities).
5) Define CAPA including supplier qualification updates.
4. Acceptance Criteria: Root cause identified or supplier CAPA received within 30 days; material disposition justified.
5. References: 21 CFR Part 211, QC_SOP_301"
"QC_SOP_435","1","Title: Deviation & CAPA – Environmental Monitoring (EM) Atypical Trend Investigation
1. Purpose: To investigate atypical EM trends not exceeding action limits but indicating potential risk.
2. Scope: Viable/non-viable EM data in classified areas.
3. Procedure:
1) Identify upward trends versus historical baseline.
2) Review cleaning, personnel flow, and recent maintenance.
3) Increase sampling frequency at affected sites.
4) Identify organisms for trend correlation.
5) Implement preventive actions and document.
4. Acceptance Criteria: Trend reversed within next 3 monitoring events; no action limit breaches; documentation complete.
5. References: EU Annex 1, QC_SOP_171"
"QC_SOP_436","1","Title: Deviation & CAPA – Documentation of Interim Risk Mitigation
1. Purpose: To record interim remediation actions during ongoing investigations.
2. Scope: All active deviation/CAPA records.
3. Procedure:
1) Define interim controls (e.g., line hold, enhanced IPC, additional cleaning).
2) Assign responsibilities and start dates.
3) Monitor effectiveness daily/shift-wise.
4) Record outcomes and adjustments.
5) Remove controls upon final resolution with justification.
4. Acceptance Criteria: Interim controls documented within 24 hours; effectiveness demonstrated; removal approved by QA.
5. References: QC_SOP_412"
"QC_SOP_437","1","Title: Deviation & CAPA – Multi-Batch Trend Analysis for Recurring Issues
1. Purpose: To detect recurrence across batches indicating systemic non-conformance.
2. Scope: All products with ≥3 similar deviations within 6 months.
3. Procedure:
1) Aggregate deviation records and categorize by root cause.
2) Analyze frequency, severity, and timing across batches.
3) Identify common causal factors.
4) Propose systemic CAPA (process redesign, control enhancement).
5) Document analysis and management approval.
4. Acceptance Criteria: Root cause recurrence rate reduced by ≥ 50.0 % post-CAPA; analysis completed within 15 days.
5. References: QC_SOP_409, ICH Q10"
"QC_SOP_438","1","Title: Deviation & CAPA – Independent QA Review and Challenge
1. Purpose: To ensure objective evaluation of investigation conclusions and CAPA.
2. Scope: All major/critical deviations and OOS cases.
3. Procedure:
1) QA reviewer independently assesses data, rationale, and conclusions.
2) Challenge assumptions and request additional evidence if needed.
3) Verify alignment with procedures and regulations.
4) Approve or reject investigation with comments.
5) Document review outcomes.
4. Acceptance Criteria: All critical investigations undergo QA review; no unresolved QA comments at closure.
5. References: 21 CFR Part 211"
"QC_SOP_439","1","Title: Deviation & CAPA – Electronic Workflow and Audit Trail Management
1. Purpose: To manage deviation/CAPA workflows within electronic QMS ensuring traceability.
2. Scope: All electronic records for deviations and CAPA.
3. Procedure:
1) Create records with unique identifiers and role-based access.
2) Capture all status changes with timestamps in audit trail.
3) Route for review/approval per workflow.
4) Lock records upon closure.
5) Periodically review audit trails for anomalies.
4. Acceptance Criteria: 100 % actions traceable; no unauthorized edits; audit trail review completed quarterly.
5. References: 21 CFR Part 11"
"QC_SOP_440","1","Title: Deviation & CAPA – Final Disposition Decision and QP Certification
1. Purpose: To formalize batch disposition following investigation and CAPA completion.
2. Scope: All impacted batches subject to deviation or OOS.
3. Procedure:
1) Compile investigation report, impact assessment, and CAPA evidence.
2) Review all analytical and IPC data for the batch.
3) Recommend disposition (release/reject/rework) with justification.
4) Obtain QA and QP approval/certification where applicable.
5) Document final decision and archive.
4. Acceptance Criteria: Decision supported by complete data; QP certification completed where required; records retrievable within 24 hours.
5. References: 21 CFR Part 211, ICH Q10"
"QC_SOP_441","1","Title: Deviation & CAPA – Cross-Site Signal Detection and Escalation
1. Purpose: To identify recurring deviations, excursions, or OOS signals across multiple sites and escalate systemic risks.
2. Scope: All quality events across global manufacturing sites.
3. Procedure:
1) Aggregate deviation and CAPA data from all sites monthly.
2) Normalize categories (OOS, non-conformance, atypical result) for comparability.
3) Perform trend analysis and identify recurring causal factors.
4) Escalate significant signals to global QA governance.
5) Define global remediation actions.
4. Acceptance Criteria: Signals identified within 30 days; escalation documented; corrective actions implemented globally.
5. References: ICH Q10"
"QC_SOP_442","1","Title: Deviation & CAPA – Investigation of Process Drift and Gradual Excursions
1. Purpose: To identify slow process drift leading to atypical results without immediate OOS.
2. Scope: Continuous and batch processes.
3. Procedure:
1) Analyze historical IPC and EM data for trends.
2) Identify gradual shifts in key parameters.
3) Correlate drift with process variables.
4) Define root cause and contributing factors.
5) Implement preventive actions.
4. Acceptance Criteria: Drift identified before OOS occurrence; parameter variation controlled within ±5.0 %.
5. References: QC_SOP_409"
"QC_SOP_443","1","Title: Deviation & CAPA – Investigation Closure Quality Review Checklist
1. Purpose: To ensure completeness and robustness of investigation reports before closure.
2. Scope: All deviation and CAPA records.
3. Procedure:
1) Verify root cause clearly defined and supported by data.
2) Confirm contributing factors evaluated.
3) Check CAPA adequacy and linkage.
4) Ensure all sections completed.
5) Document QA review outcome.
4. Acceptance Criteria: 100 % checklist completion; no missing justification; QA approval required.
5. References: QC_SOP_417"
"QC_SOP_444","1","Title: Deviation & CAPA – Recurrent Deviation Escalation Process
1. Purpose: To escalate repeated non-conformances indicating systemic failure.
2. Scope: Deviations recurring ≥3 times in 6 months.
3. Procedure:
1) Identify recurrence using trending tools.
2) Perform comprehensive root cause re-evaluation.
3) Escalate to management review board.
4) Define enhanced CAPA strategy.
5) Document escalation and decisions.
4. Acceptance Criteria: Escalation within 5 days of detection; recurrence reduced ≥50 % post-CAPA.
5. References: ICH Q10"
"QC_SOP_445","1","Title: Deviation & CAPA – Investigation of Data Outliers and Statistical Anomalies
1. Purpose: To assess unexpected outcomes detected through statistical analysis.
2. Scope: QC analytical and IPC datasets.
3. Procedure:
1) Identify outliers using statistical tests (e.g., Grubbs test).
2) Review raw data and instrument logs.
3) Assess assignable cause.
4) Confirm or reject outlier status.
5) Document decision.
4. Acceptance Criteria: Outlier justified or included in dataset; statistical method documented.
5. References: ICH Q2(R2)"
"QC_SOP_446","1","Title: Deviation & CAPA – Supplier CAPA Follow-Up and Verification
1. Purpose: To ensure supplier corrective actions are effective.
2. Scope: Supplier-related deviations.
3. Procedure:
1) Review supplier CAPA documentation.
2) Verify implementation evidence.
3) Perform incoming material testing for confirmation.
4) Monitor future lots.
5) Document closure.
4. Acceptance Criteria: Supplier CAPA effective; no recurrence in ≥3 subsequent lots.
5. References: QC_SOP_434"
"QC_SOP_447","1","Title: Deviation & CAPA – Documentation of Root Cause vs Contributing Factors
1. Purpose: To clearly distinguish primary root cause from contributing factors.
2. Scope: All investigations.
3. Procedure:
1) Identify all potential causes.
2) Evaluate causal relationships.
3) Define primary root cause.
4) List contributing factors.
5) Document clearly.
4. Acceptance Criteria: Clear distinction documented; supported by evidence.
5. References: QC_SOP_403"
"QC_SOP_448","1","Title: Deviation & CAPA – Audit Trail Review During Investigations
1. Purpose: To verify data integrity during deviation analysis.
2. Scope: All electronic systems.
3. Procedure:
1) Extract audit trail data.
2) Review for anomalies.
3) Compare with reported data.
4) Identify unauthorized changes.
5) Document findings.
4. Acceptance Criteria: No unexplained modifications; audit trail complete.
5. References: 21 CFR Part 11"
"QC_SOP_449","1","Title: Deviation & CAPA – Risk-Based Prioritization of CAPA Actions
1. Purpose: To prioritize corrective actions based on risk.
2. Scope: All CAPA plans.
3. Procedure:
1) Assess severity, occurrence, and detectability.
2) Calculate risk score.
3) Rank CAPA actions.
4) Implement high-priority actions first.
5) Document prioritization.
4. Acceptance Criteria: High-risk CAPA addressed within defined timeline; prioritization justified.
5. References: ICH Q9"
"QC_SOP_450","1","Title: Deviation & CAPA – Final CAPA Closure and Knowledge Management
1. Purpose: To ensure CAPA outcomes are captured and shared for continuous improvement.
2. Scope: All completed CAPA.
3. Procedure:
1) Verify CAPA effectiveness.
2) Document lessons learned.
3) Update SOPs or training materials.
4) Share knowledge across departments.
5) Archive CAPA record.
4. Acceptance Criteria: CAPA closed with documented effectiveness; knowledge shared; no recurrence.
5. References: ICH Q10"
"QC_SOP_451","1","Title: Change Control – Initiation of Change Request
1. Purpose: To formally initiate and document changes to GMP systems, processes, or documents.
2. Scope: All changes impacting quality systems.
3. Procedure:
1) Submit change request with description and rationale.
2) Assign change category and priority.
3) Route for initial QA review.
4) Record impacted systems.
5) Document request.
4. Acceptance Criteria: Request complete; QA review initiated within 2 days.
5. References: QC_SOP_099"
"QC_SOP_452","1","Title: Change Control – Impact Assessment and Risk Evaluation
1. Purpose: To assess impact of proposed change on product quality.
2. Scope: All change requests.
3. Procedure:
1) Identify affected processes and systems.
2) Perform risk assessment (FMEA).
3) Evaluate regulatory impact.
4) Define mitigation actions.
5) Document assessment.
4. Acceptance Criteria: Risk assessed; mitigation defined; QA approval obtained.
5. References: ICH Q9"
"QC_SOP_453","1","Title: Change Control – Approval Workflow Management
1. Purpose: To ensure proper approval of changes.
2. Scope: All change controls.
3. Procedure:
1) Route change for approval (QA, QC, Production).
2) Review documentation.
3) Approve or reject.
4) Record decisions.
5) Archive.
4. Acceptance Criteria: All approvals obtained; no unauthorized implementation.
5. References: 21 CFR Part 211"
"QC_SOP_454","1","Title: Change Control – Implementation of Approved Changes
1. Purpose: To ensure controlled execution of approved changes.
2. Scope: All approved changes.
3. Procedure:
1) Execute change per plan.
2) Update SOPs and systems.
3) Train personnel.
4) Verify implementation.
5) Document completion.
4. Acceptance Criteria: Change implemented as approved; training completed.
5. References: QC_SOP_099"
"QC_SOP_455","1","Title: Change Control – Verification and Closure of Changes
1. Purpose: To confirm effectiveness of implemented changes.
2. Scope: All completed changes.
3. Procedure:
1) Verify outcomes against objectives.
2) Review data and performance.
3) Confirm no adverse impact.
4) Approve closure.
5) Archive.
4. Acceptance Criteria: Objectives met; no unintended consequences.
5. References: ICH Q10"
"QC_SOP_456","1","Title: Change Control – Classification of Change Types
1. Purpose: To categorize changes (minor, major, critical) based on potential impact to product quality and compliance.
2. Scope: All change control requests within GMP systems.
3. Procedure:
1) Review proposed change description and affected systems.
2) Assess impact on validated state, regulatory filings, and product quality.
3) Classify change as minor, major, or critical using predefined criteria.
4) Document rationale for classification.
5) Route to appropriate approval pathway based on classification.
4. Acceptance Criteria: Classification justified and documented; QA approval obtained prior to further processing.
5. References: ICH Q10, QC_SOP_451"
"QC_SOP_457","1","Title: Change Control – Regulatory Impact Assessment
1. Purpose: To evaluate whether a proposed change requires regulatory notification or approval.
2. Scope: All changes affecting registered products or filings.
3. Procedure:
1) Review current regulatory filings (e.g., NDA, MA) for impacted sections.
2) Determine change category per regional guidelines (e.g., prior approval, notification).
3) Consult regulatory affairs for classification.
4) Document submission requirements and timelines.
5) Ensure approval obtained before implementation where required.
4. Acceptance Criteria: Regulatory classification documented; submissions completed before implementation if required.
5. References: ICH Q10, regional regulatory guidelines"
"QC_SOP_458","1","Title: Change Control – Validation Impact Assessment
1. Purpose: To determine validation or requalification requirements resulting from a change.
2. Scope: All changes affecting equipment, processes, or analytical methods.
3. Procedure:
1) Identify impacted validated systems (process, cleaning, analytical).
2) Assess extent of revalidation (partial or full).
3) Define validation plan and acceptance criteria.
4) Execute validation activities.
5) Document outcomes and update validation status.
4. Acceptance Criteria: Validation activities completed prior to release; results meet acceptance criteria.
5. References: EU Annex 15, QC_SOP_254"
"QC_SOP_459","1","Title: Change Control – Documentation Update and Version Control
1. Purpose: To ensure controlled update of SOPs and documents following changes.
2. Scope: All GMP documentation affected by change control.
3. Procedure:
1) Identify documents requiring revision.
2) Update content with tracked changes and new revision number.
3) Route for review and approval.
4) Implement version control and archive superseded versions.
5) Distribute updated documents to users.
4. Acceptance Criteria: Correct version implemented; obsolete versions removed; audit trail maintained.
5. References: 21 CFR Part 211, QC_SOP_032"
"QC_SOP_460","1","Title: Change Control – Training Following Change Implementation
1. Purpose: To ensure personnel are trained on updated processes or documents.
2. Scope: All employees impacted by changes.
3. Procedure:
1) Identify affected personnel.
2) Develop training materials reflecting changes.
3) Conduct training sessions and assessments.
4) Record attendance and competency results.
5) Verify understanding before execution of changed process.
4. Acceptance Criteria: Training completion ≥ 100 %; assessment score ≥ 85.0 %; records documented.
5. References: QC_SOP_233"
"QC_SOP_461","1","Title: Change Control – Temporary Change (Deviation-Based Change)
1. Purpose: To manage temporary changes implemented via deviation or excursion.
2. Scope: Short-term changes not intended for permanent implementation.
3. Procedure:
1) Initiate deviation describing temporary change.
2) Assess impact and define duration.
3) Implement temporary controls.
4) Monitor performance during period.
5) Revert to original state or formalize change via change control.
4. Acceptance Criteria: Temporary change duration defined; no adverse impact observed; closure documented.
5. References: QC_SOP_401"
"QC_SOP_462","1","Title: Change Control – Emergency Change Management
1. Purpose: To manage urgent changes required to address critical issues.
2. Scope: All emergency situations impacting GMP operations.
3. Procedure:
1) Identify emergency and justify immediate action.
2) Obtain expedited QA approval.
3) Implement change with minimal delay.
4) Document actions retrospectively.
5) Conduct full impact assessment post-implementation.
4. Acceptance Criteria: Emergency justified; documentation completed within 5 days; no uncontrolled impact.
5. References: ICH Q10"
"QC_SOP_463","1","Title: Change Control – Change Effectiveness Verification
1. Purpose: To confirm that implemented changes achieve intended outcomes.
2. Scope: All closed change controls.
3. Procedure:
1) Define effectiveness criteria (e.g., reduced deviation rate).
2) Monitor process performance over defined period.
3) Compare pre- and post-change data.
4) Document evaluation.
5) Approve effectiveness.
4. Acceptance Criteria: Objectives met; no negative trends; QA approval obtained.
5. References: QC_SOP_455"
"QC_SOP_464","1","Title: Change Control – Change Log and Tracking System
1. Purpose: To maintain centralized tracking of all change control records.
2. Scope: All change requests.
3. Procedure:
1) Assign unique change ID.
2) Record status updates.
3) Monitor timelines and approvals.
4) Generate periodic reports.
5) Archive closed changes.
4. Acceptance Criteria: 100 % traceability; no overdue changes; data updated within 24 hours.
5. References: 21 CFR Part 11"
"QC_SOP_465","1","Title: Change Control – Risk-Based Change Prioritization
1. Purpose: To prioritize changes based on risk to product quality.
2. Scope: All change control requests.
3. Procedure:
1) Assess risk using severity, occurrence, detectability.
2) Assign priority level.
3) Schedule implementation accordingly.
4) Monitor high-risk changes closely.
5) Document prioritization.
4. Acceptance Criteria: High-risk changes prioritized; rationale documented.
5. References: ICH Q9"
"QC_SOP_466","1","Title: Change Control – Supplier Change Notification Management
1. Purpose: To manage changes initiated by suppliers.
2. Scope: All supplier-related changes.
3. Procedure:
1) Receive supplier notification.
2) Assess impact on product quality.
3) Initiate internal change control.
4) Perform additional testing if required.
5) Approve or reject change.
4. Acceptance Criteria: All supplier changes assessed; no unapproved changes implemented.
5. References: 21 CFR Part 211"
"QC_SOP_467","1","Title: Change Control – Change Implementation Timeline Management
1. Purpose: To ensure timely execution of approved changes.
2. Scope: All change controls.
3. Procedure:
1) Define timeline.
2) Track progress.
3) Escalate delays.
4) Update status.
5) Document completion.
4. Acceptance Criteria: ≥ 90 % changes completed within timeline.
5. References: QC_SOP_419"
"QC_SOP_468","1","Title: Change Control – Post-Implementation Review
1. Purpose: To evaluate impact of implemented change.
2. Scope: All completed changes.
3. Procedure:
1) Review process performance.
2) Identify unintended effects.
3) Document findings.
4) Implement corrective actions if needed.
5) Close review.
4. Acceptance Criteria: No adverse impact; review completed within 30 days.
5. References: ICH Q10"
"QC_SOP_469","1","Title: Change Control – Documentation of Change History
1. Purpose: To maintain historical record of changes.
2. Scope: All GMP systems.
3. Procedure:
1) Record change details.
2) Maintain version history.
3) Ensure traceability.
4) Archive records.
5) Retrieve when needed.
4. Acceptance Criteria: Complete history available; retrievable within 24 hours.
5. References: 21 CFR Part 11"
"QC_SOP_470","1","Title: Change Control – Final Change Closure and Archiving
1. Purpose: To ensure proper closure and archival of change records.
2. Scope: All completed change controls.
3. Procedure:
1) Verify all actions completed.
2) Confirm effectiveness.
3) Obtain QA approval.
4) Archive record.
5) Ensure retrievability.
4. Acceptance Criteria: No open actions; QA approval; records retrievable.
5. References: QC_SOP_455"
"QC_SOP_471","1","Title: Change Control – Periodic Review of Open Changes
1. Purpose: To ensure timely progression and oversight of open change controls.
2. Scope: All active change control records.
3. Procedure:
1) Generate weekly report of open changes from QMS.
2) Review aging (e.g., >30, >60 days) and identify bottlenecks.
3) Contact owners to update status and remove blockers.
4) Escalate overdue critical changes to QA management.
5) Document review outcomes and actions taken.
4. Acceptance Criteria: ≥ 90.0 % of changes within timeline; all critical changes reviewed weekly; overdue items have documented action plans.
5. References: QC_SOP_464, QC_SOP_467"
"QC_SOP_472","1","Title: Change Control – Data Migration and System Change Verification
1. Purpose: To verify integrity and completeness of data during system changes or migrations.
2. Scope: All computerized systems subject to change or upgrade.
3. Procedure:
1) Define data sets and migration mapping.
2) Perform test migration in validation environment.
3) Verify record counts, checksums, and critical fields.
4) Execute user acceptance testing (UAT).
5) Document discrepancies and finalize go-live approval.
4. Acceptance Criteria: 100.0 % record reconciliation; no critical data loss; UAT pass rate ≥ 95.0 %.
5. References: GAMP 5, 21 CFR Part 11"
"QC_SOP_473","1","Title: Change Control – Configuration Change to Analytical Methods (HPLC/GC)
1. Purpose: To control changes to analytical method parameters ensuring validated performance.
2. Scope: HPLC and GC methods used in QC.
3. Procedure:
1) Propose change (e.g., column type, flow rate, gradient).
2) Assess impact on validation characteristics (accuracy, precision, robustness).
3) Execute bridging study with system suitability and comparative analysis.
4) Update method SOP and CDS parameters.
5) Train analysts and document implementation.
4. Acceptance Criteria: System suitability met (e.g., resolution ≥ 2.0, %RSD ≤ 2.0 %); no bias > ±2.0 % vs original method.
5. References: USP <621>, ICH Q2(R2)"
"QC_SOP_474","1","Title: Change Control – Packaging Component Artwork Revision
1. Purpose: To manage controlled updates to labeling and artwork to prevent mislabeling.
2. Scope: Labels, cartons, and leaflets.
3. Procedure:
1) Initiate change with revised artwork and justification.
2) Perform regulatory/medical review of content.
3) Verify barcode (EAN/GS1) and print quality specifications.
4) Conduct line trial and readability checks.
5) Approve and release new version; obsolete old stock per procedure.
4. Acceptance Criteria: 0 labeling errors in trial; barcode readability grade ≥ C; 100.0 % obsolete stock disposition documented.
5. References: 21 CFR Part 211"
"QC_SOP_475","1","Title: Change Control – Cleaning Process Change Assessment
1. Purpose: To evaluate impact of changes to cleaning agents, cycles, or limits.
2. Scope: Equipment cleaning processes.
3. Procedure:
1) Identify proposed change (detergent, concentration, cycle time).
2) Assess impact on residue limits (MACO) and sampling methods.
3) Perform cleaning verification/validation (swab/rinse) under worst-case.
4) Analyze residues via validated methods (e.g., TOC/HPLC).
5) Update SOPs and train operators.
4. Acceptance Criteria: Residues ≤ established limits; recovery 70.0–130.0 %; no carryover detected.
5. References: EU Annex 15, QC_SOP_206"
"QC_SOP_476","1","Title: Change Control – Environmental Monitoring Program Update
1. Purpose: To manage changes to EM locations, frequencies, or limits.
2. Scope: Viable and non-viable monitoring programs.
3. Procedure:
1) Propose change based on trend analysis or facility modification.
2) Assess impact on contamination control strategy.
3) Perform qualification (e.g., location justification, smoke studies if needed).
4) Update EM SOPs and sampling plans.
5) Train personnel and implement.
4. Acceptance Criteria: New program meets ISO/EU Annex 1 limits; no increase in action-level breaches post-change.
5. References: EU Annex 1, QC_SOP_171"
"QC_SOP_477","1","Title: Change Control – Supplier Change Evaluation (Material Specification)
1. Purpose: To assess impact of supplier-initiated changes to material specifications.
2. Scope: APIs and critical excipients.
3. Procedure:
1) Review supplier change notice (spec limits, process changes).
2) Compare with internal specifications and validated ranges.
3) Perform confirmatory testing (identity, assay, impurities).
4) Update specifications or reject change.
5) Document decision and notify stakeholders.
4. Acceptance Criteria: Material meets internal specs; no adverse impact on product CQAs; approval documented.
5. References: 21 CFR Part 211, QC_SOP_466"
"QC_SOP_478","1","Title: Change Control – Equipment Relocation/Reinstallation
1. Purpose: To control risks associated with relocating qualified equipment.
2. Scope: Movement of QC or manufacturing equipment.
3. Procedure:
1) Initiate change and define new location requirements (utilities, space).
2) Perform deinstallation and transport under controlled conditions.
3) Reinstall and execute IQ/OQ (and PQ if required).
4) Verify calibration and system suitability.
5) Release equipment for use upon QA approval.
4. Acceptance Criteria: IQ/OQ acceptance met; system suitability within limits; no performance degradation observed.
5. References: EU Annex 15, QC_SOP_254"
"QC_SOP_479","1","Title: Change Control – Computerized System Patch/Upgrade Management
1. Purpose: To manage patches/upgrades without compromising validated state.
2. Scope: LIMS, ELN, CDS, and SCADA systems.
3. Procedure:
1) Review vendor release notes and impact.
2) Assess GxP impact and define test scope.
3) Execute regression testing in validation environment.
4) Schedule controlled deployment and backup.
5) Verify post-installation functionality and audit trails.
4. Acceptance Criteria: 100.0 % critical tests passed; no audit trail anomalies; system uptime ≥ 99.0 % post-change.
5. References: GAMP 5, 21 CFR Part 11"
"QC_SOP_480","1","Title: Change Control – Change Communication and Stakeholder Notification
1. Purpose: To ensure all impacted stakeholders are informed of changes.
2. Scope: All approved changes affecting operations.
3. Procedure:
1) Identify impacted departments (QC, QA, Production, Engineering).
2) Prepare change summary and effective date.
3) Distribute communication via controlled channels.
4) Confirm receipt and understanding.
5) Record communication evidence.
4. Acceptance Criteria: 100.0 % stakeholder notification; acknowledgments recorded; no execution prior to effective date.
5. References: ICH Q10"
"QC_SOP_481","1","Title: Change Control – KPI Monitoring for Change Management
1. Purpose: To monitor performance of the change control system.
2. Scope: All change records.
3. Procedure:
1) Define KPIs (on-time closure, rework rate, effectiveness).
2) Extract monthly data from QMS.
3) Analyze trends and identify gaps.
4) Present results in management review.
5) Define improvement actions.
4. Acceptance Criteria: On-time closure ≥ 90.0 %; rework rate ≤ 5.0 %; effectiveness pass rate ≥ 95.0 %.
5. References: QC_SOP_423"
"QC_SOP_482","1","Title: Change Control – Linkage to Deviation/CAPA for Systemic Fixes
1. Purpose: To ensure systemic issues identified in deviations are resolved via formal changes.
2. Scope: Changes arising from deviation/CAPA investigations.
3. Procedure:
1) Review investigation root cause and recommended actions.
2) Initiate linked change control with cross-reference IDs.
3) Define scope (process, equipment, document).
4) Implement and verify changes.
5) Close both records with documented linkage.
4. Acceptance Criteria: 100.0 % linkage documented; change addresses root cause; effectiveness verified.
5. References: QC_SOP_420"
"QC_SOP_483","1","Title: Change Control – Validation Documentation Update (Protocols/Reports)
1. Purpose: To ensure validation documents reflect implemented changes.
2. Scope: Process, cleaning, and analytical validation documents.
3. Procedure:
1) Identify affected protocols/reports.
2) Revise acceptance criteria or methods as needed.
3) Route for QA approval with revision control.
4) Archive superseded versions.
5) Distribute updated documents.
4. Acceptance Criteria: Correct version in use; revision history complete; QA approval documented.
5. References: EU Annex 15"
"QC_SOP_484","1","Title: Change Control – Post-Implementation Audit
1. Purpose: To verify compliance after change implementation.
2. Scope: Major and critical changes.
3. Procedure:
1) Schedule audit within 30–60 days post-implementation.
2) Review adherence to updated SOPs and records.
3) Interview personnel for process understanding.
4) Identify gaps or non-conformances.
5) Document findings and initiate CAPA if required.
4. Acceptance Criteria: No critical findings; minor findings addressed within 30 days; audit report approved.
5. References: ICH Q10"
"QC_SOP_485","1","Title: Change Control – Final Compilation and Archival of Change Dossier
1. Purpose: To compile complete change dossier for audit readiness and knowledge retention.
2. Scope: All closed change controls.
3. Procedure:
1) Assemble request, impact assessment, approvals, validation, and training records.
2) Verify completeness against checklist.
3) Convert to controlled archive format with indexing.
4) Store in electronic repository with access control.
5) Ensure retrievability for inspections.
4. Acceptance Criteria: 100.0 % documents present; indexed and retrievable within 24 hours; audit trail intact.
5. References: 21 CFR Part 11, QC_SOP_470"
"QC_SOP_486","1","Title: Change Control – Change Freeze and Release Management
1. Purpose: To control implementation of changes during critical manufacturing or regulatory periods.
2. Scope: All GMP systems during defined freeze periods (e.g., validation campaigns, inspections).
3. Procedure:
1) Define change freeze window and communicate to stakeholders.
2) Review pending changes and defer non-critical items.
3) Allow only emergency changes with QA approval.
4) Track all changes implemented during freeze.
5) Release freeze after review and approval.
4. Acceptance Criteria: 100.0 % compliance with freeze; only approved emergency changes executed; full traceability maintained.
5. References: ICH Q10, QC_SOP_462"
"QC_SOP_487","1","Title: Change Control – Validation Master Plan (VMP) Update Following Change
1. Purpose: To ensure VMP reflects current validated state after significant changes.
2. Scope: All major and critical changes impacting validation scope.
3. Procedure:
1) Identify sections of VMP impacted by change.
2) Update validation strategy and scope.
3) Align qualification and validation schedules.
4) Route updated VMP for QA approval.
5) Distribute updated version.
4. Acceptance Criteria: VMP updated within 30 days; alignment with implemented changes; QA approval documented.
5. References: EU Annex 15"
"QC_SOP_488","1","Title: Change Control – Control of Parallel Changes and Dependencies
1. Purpose: To manage multiple simultaneous changes and their interdependencies.
2. Scope: All concurrent change control records.
3. Procedure:
1) Identify related changes and dependencies.
2) Map sequence and potential conflicts.
3) Coordinate implementation timelines.
4) Monitor interactions during execution.
5) Document outcomes and adjustments.
4. Acceptance Criteria: No conflicting implementations; dependencies managed; documentation complete.
5. References: QC_SOP_464"
"QC_SOP_489","1","Title: Change Control – Risk Communication to Regulatory Authorities
1. Purpose: To communicate high-risk changes impacting regulatory filings.
2. Scope: Changes requiring regulatory interaction.
3. Procedure:
1) Prepare change summary and risk assessment.
2) Draft regulatory submission or notification.
3) Submit within required timeline.
4) Address authority queries.
5) Document communication.
4. Acceptance Criteria: Submission complete and accepted; no compliance gaps.
5. References: ICH Q10"
"QC_SOP_490","1","Title: Change Control – Control of Obsolete Materials Post-Change
1. Purpose: To prevent use of obsolete materials following specification or process changes.
2. Scope: Raw materials, packaging components, and intermediates.
3. Procedure:
1) Identify obsolete materials post-change.
2) Segregate and label as obsolete.
3) Decide disposition (rework, return, destroy).
4) Record inventory adjustments.
5) Verify removal from use.
4. Acceptance Criteria: 100.0 % obsolete materials segregated; no unintended use.
5. References: 21 CFR Part 211"
"QC_SOP_491","1","Title: Change Control – Stability Impact Assessment After Change
1. Purpose: To evaluate impact of change on product stability profile.
2. Scope: All product-related changes.
3. Procedure:
1) Identify stability-indicating attributes.
2) Initiate stability study (accelerated/long-term).
3) Monitor results over timepoints.
4) Compare with historical data.
5) Document conclusions.
4. Acceptance Criteria: No significant degradation; results within specification at all timepoints.
5. References: ICH Q1A"
"QC_SOP_492","1","Title: Change Control – Analytical Method Transfer Following Change
1. Purpose: To ensure method performance at receiving site after change.
2. Scope: Analytical methods transferred between labs.
3. Procedure:
1) Define transfer protocol.
2) Perform comparative testing (sending vs receiving site).
3) Evaluate accuracy, precision, and reproducibility.
4) Document results.
5) Approve method at receiving site.
4. Acceptance Criteria: %RSD ≤ 5.0 %; results within ±2.0 % bias.
5. References: ICH Q2(R2)"
"QC_SOP_493","1","Title: Change Control – Cleaning Validation Reassessment
1. Purpose: To reassess cleaning validation after process or product change.
2. Scope: Equipment cleaning processes.
3. Procedure:
1) Identify worst-case product.
2) Perform cleaning verification.
3) Analyze residues (HPLC/TOC).
4) Compare with limits.
5) Document results.
4. Acceptance Criteria: Residues ≤ established limits; recovery 70.0–130.0 %.
5. References: EU Annex 15"
"QC_SOP_494","1","Title: Change Control – Packaging Line Qualification After Change
1. Purpose: To requalify packaging line after modifications.
2. Scope: Packaging equipment.
3. Procedure:
1) Perform IQ/OQ after modification.
2) Conduct trial run with product.
3) Verify labeling and sealing.
4) Record results.
5) Approve for use.
4. Acceptance Criteria: 0 defects; all parameters within limits.
5. References: QC_SOP_254"
"QC_SOP_495","1","Title: Change Control – Data Review and Final Approval
1. Purpose: To ensure all data related to change is reviewed before closure.
2. Scope: All change records.
3. Procedure:
1) Compile all data.
2) Review for completeness.
3) Verify against objectives.
4) Approve.
5) Archive.
4. Acceptance Criteria: Complete data; QA approval.
5. References: QC_SOP_455"
"QC_SOP_496","1","Title: Change Control – Periodic System Audit of Change Control Process
1. Purpose: To evaluate effectiveness of change control system.
2. Scope: Entire QMS change control process.
3. Procedure:
1) Plan audit schedule.
2) Review change records.
3) Identify gaps.
4) Recommend improvements.
5) Document.
4. Acceptance Criteria: Audit completed annually; corrective actions defined.
5. References: ICH Q10"
"QC_SOP_497","1","Title: Change Control – Integration with CAPA System
1. Purpose: To ensure alignment between change control and CAPA.
2. Scope: All related systems.
3. Procedure:
1) Link change and CAPA records.
2) Track implementation.
3) Verify effectiveness.
4) Document linkage.
5) Close records.
4. Acceptance Criteria: Linkage documented; effectiveness confirmed.
5. References: QC_SOP_482"
"QC_SOP_498","1","Title: Change Control – Final QA Review and Sign-Off
1. Purpose: To ensure final QA oversight before closure.
2. Scope: All change controls.
3. Procedure:
1) Review documentation.
2) Verify compliance.
3) Approve closure.
4) Archive.
5) Document.
4. Acceptance Criteria: QA approval obtained; no open actions.
5. References: 21 CFR Part 211"
"QC_SOP_499","1","Title: Change Control – Change History Trending and Reporting
1. Purpose: To analyze trends in changes for continuous improvement.
2. Scope: All change records.
3. Procedure:
1) Compile change data.
2) Analyze trends.
3) Identify recurring issues.
4) Report findings.
5) Implement improvements.
4. Acceptance Criteria: Trends reviewed quarterly; actions defined.
5. References: QC_SOP_481"
"QC_SOP_500","1","Title: Change Control – Final System Closure and Continuous Improvement
1. Purpose: To ensure closure of change system and capture improvements.
2. Scope: Entire change control lifecycle.
3. Procedure:
1) Verify all changes closed.
2) Review system performance.
3) Identify improvement opportunities.
4) Update procedures.
5) Document outcomes.
4. Acceptance Criteria: 100.0 % closure; continuous improvement documented.
5. References: ICH Q10"
